Title,Original Text,Source,URL,Date,Category
"Army, Assam Police review security framework for Independence Day celebrations","As part of the ongoing Military-Civil Fusion initiative, the Red Shield Division under the aegis of Spear Corps organised a Security Conference at Laipuli on Tuesday, July 1 in preparation for the forthcoming Independence Day celebrations.

The conference was convened with the objective of strengthening inter-agency coordination and reviewing the overall security framework to ensure the peaceful and secure conduct of Independence Day across the region.

The meeting was attended by senior Army officials along with representatives of the Assam Police, including the Senior Superintendent of Police (SSP), Tinsukia and Dibrugarh.

During the deliberations, participants focused on enhancing intelligence sharing mechanisms, implementing coordinated preventive measures, advancing proactive security planning and improving inter-agency synergy to effectively respond to emerging security challenges.

Officials also reviewed existing preparedness measures and discussed coordinated operational approaches aimed at ensuring timely information exchange and effective response capabilities during the national celebrations.

The conference concluded with all stakeholders reaffirming their commitment to seamless coordination and a unified approach towards ensuring a safe, secure and incident-free Independence Day.

The initiative reflects continued efforts by the Indian Army to strengthen military-civil fusion, foster institutional cooperation with civil agencies and contribute to maintaining peace, security and stability in the region.",India Today NE,https://www.indiatodayne.in/assam/story/army-assam-police-review-security-framework-for-independence-day-celebrations-1417292-2026-07-01,"07/01/2026, 07:00 AM, +0000 UTC",Security & Strategic Affairs
"Army Chief General Dhiraj Seth Reviews Security Situation in Manipur, Operational Preparedness of Assam Rifles and Red Shield Division","Chief of the Army Staff (COAS) General Dhiraj Seth reviewed the prevailing security situation in Manipur during his ongoing visit to Spear Corps, reaffirming the Indian Army’s commitment to maintaining peace, stability and operational readiness in the strategically significant Northeastern region. The visit included comprehensive briefings on the security environment, the preparedness of key operational formations and the extensive nation-building initiatives being undertaken by the Indian Army and the Assam Rifles.

During the visit, the Army Chief received a detailed briefing on the prevailing security scenario in Manipur, where the Indian Army and the Assam Rifles continue to work closely with civil authorities and other security agencies to ensure peace and maintain a stable security environment. The review focused on operational developments, deployment readiness and measures being undertaken to address evolving security challenges in the region.

General Dhiraj Seth was also briefed on the operational preparedness of the Inspector General Assam Rifles (South), Inspector General Assam Rifles (East) and the Red Shield Division. The presentations highlighted the formations’ state of readiness, ongoing operational commitments and their sustained efforts to maintain a high level of combat capability while responding effectively to dynamic security requirements.

The Army Chief reviewed the operational capabilities of the formations and appreciated their commitment to maintaining constant vigilance along sensitive areas. He noted that the evolving nature of security threats requires military formations to remain adaptable, technologically proficient and fully prepared to respond swiftly to any contingency.

A key aspect of the visit was the review of the extensive nation-building initiatives being undertaken by the Red Shield Division and the Directorate General Assam Rifles to promote peace, stability and socio-economic development across the region. These initiatives, carried out alongside operational responsibilities, reflect the Indian Army’s people-centric approach to strengthening trust and fostering long-term stability in the Northeast.

The nation-building programmes include community outreach activities, infrastructure support, educational assistance, medical camps, skill development initiatives and projects aimed at improving the quality of life in remote and border areas. Such efforts have played a significant role in strengthening civil-military relations and supporting the government’s broader developmental objectives in the region.

The Assam Rifles, often referred to as the “Sentinels of the Northeast,” continues to play a crucial role in safeguarding the India-Myanmar border while conducting counter-insurgency operations and supporting civil administration across the Northeastern states. Working under the operational control of the Indian Army, the force remains instrumental in maintaining internal security and facilitating peace-building efforts.

General Dhiraj Seth also interacted with officers, junior leaders and troops deployed in the area, appreciating their dedication, professionalism and unwavering commitment to duty. He acknowledged the challenging operational environment in which they serve and commended their resilience in maintaining operational effectiveness while contributing to peace and stability in the region.

Addressing the troops, the Army Chief exhorted all ranks to remain vigilant, operationally agile and future-ready to effectively tackle emerging security challenges. He emphasised that modern military operations demand continuous learning, technological adaptation and a high degree of operational flexibility to successfully respond to rapidly evolving threats.

General Dhiraj Seth encouraged the troops to continue maintaining the highest standards of military professionalism while embracing innovation and technological advancements as part of the Indian Army’s ongoing transformation. He observed that a technologically empowered and well-trained force remains essential for preserving operational superiority in the increasingly complex security landscape.

The Army Chief further stressed that operational success depends not only on combat preparedness but also on the confidence and trust developed with local communities through sustained outreach and nation-building efforts. He praised the formations for balancing their operational responsibilities with developmental initiatives that contribute to lasting peace and stability across the region.

The visit underscores the Indian Army’s continued focus on strengthening operational preparedness while fostering a secure and peaceful environment in the Northeast through close coordination with the Assam Rifles, civil administration and other stakeholders. Regular reviews by the Army Chief provide strategic guidance and reinforce the Army’s commitment to maintaining the highest levels of readiness across all operational formations.

General Dhiraj Seth’s interaction with the troops and review of operational and developmental initiatives reaffirm the Indian Army’s vision of building a modern, agile and future-ready force capable of addressing both traditional and emerging security challenges. Through operational excellence, technological modernisation and people-centric initiatives, the Army and the Assam Rifles continue to play a pivotal role in safeguarding national security while supporting peace, stability and development in the Northeastern region.",SSBCrack,https://www.ssbcrack.com/2026/07/army-chief-general-dhiraj-seth-reviews-security-situation-in-manipur-operational-preparedness-of-assam-rifles-and-red-shield-division.html,"07/29/2026, 07:00 AM, +0000 UTC",Security & Strategic Affairs
Army Chief Reviews Peace Initiatives in Manipur,"New Delhi: Indian Army Chief General Dhiraj Seth reviewed the security situation in the north-east during a two-day visit to formations under the Eastern Theatre.

During the visit on July 28 and 29, he assessed the prevailing security situation, operational preparedness and ongoing initiatives aimed at promoting peace, stability and development in the region. He was also briefed on ongoing flood relief operations.

In Manipur, the Army Chief reviewed the security situation and operational preparedness of the Inspector General Assam Rifles (South), Inspector General Assam Rifles (East) and the Red Shield Division. He examined coordinated efforts of the Indian Army and Assam Rifles to maintain stability in the state. He also reviewed nation-building and community outreach initiatives undertaken by the formations and interacted with troops, commending their professionalism and commitment under challenging conditions.

He attended the opening ceremony of the Imphal leg of the 135th Indian Oil Durand Cup at Khuman Lampak Main Stadium. The event was attended by Manipur Governor Ajay Kumar Bhalla, Chief Minister Yumnam K. Singh and other senior civil and military officials.

The visit concluded with a review of Dao Division and Spearhead Division, where he was briefed on the operational environment, preparedness and flood relief measures. He urged all ranks to continue supporting the civil administration.

“The visit underscored the Indian Army’s commitment to maintaining operational readiness, promoting peace, stability and aid to the civil authorities across the North East,” the Army said.",Deccan Chronicle,https://www.deccanchronicle.com/nation/army-chief-reviews-peace-initiatives-in-manipur-1974983,"07/29/2026, 07:00 AM, +0000 UTC",Security & Strategic Affairs
"Multilateral joint military exercise in Meghalaya focuses on counter-insurgency, building trust","Armies of 13 countries came together in Meghalaya's Umroi for the maiden multilateral military exercise 'Pragati 2026', which concluded on Saturday (May 30, 2026) with a focus on countering insurgency and building mutual trust among the nations in the Indian Ocean region, officials said.

Over 400 soldiers, including around 20 women, from Bhutan, Cambodia, Indonesia, Laos, Malaysia, Maldives, Myanmar, Nepal, Philippines, Seychelles, Sri Lanka, Vietnam and India slithered down from helicopters, detected improvised explosive devices (IEDs) along routes and climbed down rocky walls during the two-week exercise, they said.

Detailed discussions on how to incorporate niche technologies and the effect of these on the tactics, techniques and procedures (TTPs) were held during the two-week-long programme.

""Pragati was a mega exercise in the serene environment of Umroi in Meghalaya. We conducted various specialised drills and procedures, including rock craft, special heliborne operations, tactical situations,"" said Brigadier Mayur Shekatkar, the chief coordinator for the programme.

Director of the exercise, Col. Sandeep Poonia, said Pragati stands for 'Partnership of Regional Armies for Growth and Transformation in the Indian Ocean Region'.

""The aim is to create synergy, interoperability, and enhance mutual trust among the friendly foreign nations. The last two weeks we trained together, during which focus was on counter-insurgency operations based in semi-mountainous and jungle terrain,"" he said.

Mr. Shekatkar emphasised that it provided a platform for building friendship and camaraderie among the participating nations, with the personnel coming closer by engaging themselves in sports and games as well as cultural activities.

The routine also enabled them to experience the calmness of Yoga, he added.

""We hope to achieve the objectives of enhancing interoperability, building mutual trust and each other's capacities through the sharing of best practises. There is also the aspect of everlasting bonds of friendships, with the one objective of ensuring a stable and secure region,"" the brigadier said.

Col. Sandeep Poonia said, ""Detailed discussions were held on how to incorporate the latest and niche technology, and what the effect of these on our operations in the TTPs (tactics, technology and procedures."" The exercise also provided an opportunity for sharing key best practices in the engineering field.

""As part of the exercise, we have trained in tactical environments wherein key engineering tasks were done, and best practices were shared. For instance, counter IED drills were undertaken in a simulated combat environment,"" Major Susmita S Variar, engineering representative in the exercise, said.

She added that operating in mixed groups with personnel from foreign nations has given valuable exposure to different tactical drills, equipment and operating procedures, which will enhance coordination. The participating foreign nations expressed gratitude to the Indian Army for hosting such an exercise.

Lt. Col. Sangay Jantsho of the Royal Bhutan Army said, ""We thank the Indian Army for organising this exercise, which has been a successful one. It has been an opportunity for us to interact with troops of other nations, learn and share our experience and expertise in counter-insurgency."" He said it was a valuable exposure to operating alongside different countries.

Lt. Col. Louis Agathine harped on the historical ties between his country Seychelles and India, and said such exercises will enhance friendship across the Indian Ocean region. ""We are happy to exchange ideas, and we will put into practice what we learned,"" he said.

Echoing their thoughts, Staff Sergeant Mary Simongo of the Philippines said, ""We express our sincere thanks to the Indian Army for this exercise. We gained valuable knowledge and ideas, which we will take home.""",The Hindu,https://www.thehindu.com/news/national/meghalaya/multilateral-joint-military-exercise-in-meghalaya-focuses-on-counter-insurgency-building-trust/article71040444.ece,"05/30/2026, 07:00 AM, +0000 UTC",Security & Strategic Affairs
Fake Indian Army Vehicle Busted in Manipur With 15.35 Kg Opium,"In a significant anti-narcotics operation conducted on Sunday morning, joint security forces in Senapati district, Manipur, intercepted a Toyota Innova vehicle bearing fake Indian Army insignia and seized 15.35 kilograms of suspected opium concealed in a specially fabricated compartment. The driver, Tarkeshwar Singh (45), son of Rajdeo Singh and a resident of Hijuguri Gaon in Tinsukia district (Margherita area), Assam, was arrested at the scene.

The seizure took place around 9:00 a.m. during routine frisking and checking at the T. Khullen (also referred to as T. Khellen) check-post. A joint team comprising the Special Operations Team (SOT) of Senapati Police, D-78 CRPF, B-109 Quick Action Team (QAT) CRPF, and 16 Assam Rifles carried out the operation under the supervision of Senapati Superintendent of Police Zaib Shaikh, IPS. The arrest was formalised in the presence of an Executive Magistrate.

Vehicle Disguised with Military Markings

The vehicle, bearing Assam registration number AS23AK5541, was travelling without any escort or official accompaniment despite displaying prominent military identifiers. It was fitted with a VIP flag post and insignia resembling that of an Army Brigadier, including a one-star plate. A reversible nameplate found inside the vehicle read “ARMY” on one side and “MINISTRY OF DEFENCE” on the other.

Security personnel grew suspicious upon noticing the vehicle’s military-style markings without corresponding official support or documentation. Preliminary verification confirmed that neither the vehicle nor the driver had any affiliation with the Indian Army. The markings and nameplate appear to have been used deliberately to project an impression of official status and thereby evade scrutiny at checkpoints.

Concealment and Recovery of Contraband

During a thorough search, officers discovered 17 packets of suspected opium, weighing approximately 15.35 kg (including plastic packaging), hidden in a specially built compartment beneath the vehicle body near the rear right door. Additional items seized included two mobile phones, a black wallet containing ₹5,000 in cash, one PAN card, one Voter Identity Card, the vehicle itself along with its keys, and the fraudulent nameplate.

Legal Action and Ongoing Investigation

A case has been registered at Senapati Police Station under relevant provisions of the Narcotic Drugs and Psychotropic Substances (NDPS) Act and the Bharatiya Nyaya Sanhita (BNS). Further investigation is underway to determine the source and intended destination of the contraband, as well as to identify any broader smuggling network involved.

Context and Significance

The incident highlights persistent challenges in Manipur’s Senapati district, an area that has witnessed multiple drug seizures in recent months amid the state’s broader issues with narcotics trafficking linked to its proximity to international borders. The use of fake military insignia to facilitate the movement of contraband represents a calculated attempt to exploit the authority and respect associated with the armed forces. Such impersonation not only undermines security protocols but also tarnishes the image of the Indian Army.

Security forces in the region continue to maintain heightened vigilance through joint operations involving state police and central paramilitary units. This latest seizure underscores the effectiveness of coordinated checking mechanisms in disrupting smuggling attempts, even when perpetrators employ deceptive tactics.

The arrested individual remains in custody as investigations proceed. Authorities have not ruled out the possibility of further arrests linked to the supply chain.",SSBCrack,https://www.ssbcrack.com/2026/06/fake-indian-army-vehicle-busted-in-manipur-with-15-35-kg-opium.html,"06/14/2026, 07:00 AM, +0000 UTC",Security & Strategic Affairs
Lieutenant Colonel Maneo Francis PF of 21 Para (SF) Awarded Kirti Chakra for Gallantry in Manipur Counter-Insurgency Operation,"New Delhi / Imphal: Lieutenant Colonel Maneo Francis PF, SC, an officer of the elite 21st Battalion, The Parachute Regiment (Special Forces), has been awarded the Kirti Chakra, India’s second-highest peacetime gallantry award, for displaying exceptional courage, tactical brilliance and leadership during a high-risk counter-insurgency operation in Manipur.

President Droupadi Murmu approved the award on 14 August 2026 as part of 78 gallantry decorations announced on the eve of the 80th Independence Day. Lt Col Francis is one of only three Indian Army personnel selected for the Kirti Chakra this cycle (one of them posthumous). The citation specifically recognises his role in eliminating two heavily armed insurgents in close combat after prolonged intelligence development and surveillance.

Background and Profile

Lieutenant Colonel Maneo Francis PF hails from Tadubi village in Senapati district of Manipur. Commissioned into the Indian Army in June 2012 after graduating from the Indian Military Academy, Dehradun, he was posted to 21 Para (Special Forces), one of the Army’s premier special forces units specialising in airborne operations, jungle warfare, counter-terrorism and direct-action missions.

His deep roots in the region have been repeatedly noted as an operational asset, giving him an intimate understanding of the local terrain, communities and the complex dynamics of insurgency in Manipur. He has served as Assault Team Commander of his unit and has been operating extensively in the state since at least 2022.

Francis is already a recipient of the Shaurya Chakra, awarded for a daring operation conducted on 4–5 January 2023. In that action, acting on intelligence of a planned sabotage targeting a VIP, he laid an ambush near a border pillar, outflanked a group of heavily armed insurgents under fire, eliminated a self-styled Major (a commander linked to earlier attacks on Assam Rifles), and injured another while ensuring the safety of his team. The Shaurya Chakra was conferred by the President at Rashtrapati Bhavan in 2024. He was later felicitated by the Government of Manipur at Raj Bhavan, Imphal, in October 2025.

The Kirti Chakra Operation (29 October – 4 November 2025)

According to the official citation released by the Ministry of Defence, Lt Col Francis, as Assault Team Commander, “swiftly established a highly coordinated intelligence network to systematically dismantle anti-national elements fueling violence and division in Manipur.”

After several months of sustained intelligence development focused on a high-profile violent insurgent group, and following specialised target-specific training of his team, he launched a coordinated operation to raid and dismantle the group’s hideout.

The team conducted seven days of protracted and intense surveillance. When the assault group finally approached the hideout and called upon the insurgents to surrender peacefully, the militants responded with heavy automatic fire.

Lt Col Francis then manoeuvred his assault group from the northern side of the hideout and successfully eliminated one sentry. Subsequently, he outflanked a second insurgent who had pinned down the entire assault group. Displaying utter disregard for personal safety, the officer crawled under intense fire and eliminated the militant in close-quarter combat using superior combat skills.

The citation concludes: “For displaying resolute leadership, superior tactical acumen, the raw courage under fire in eliminating two heavily armed insurgents, meticulous planning, gallant and selfless acts, Lieutenant Colonel Maneo Francis PF, SC is recommended for the award of ‘Kirti Chakra’.” The effective date of the award is listed as 29 October 2025.

Broader Context of the Awards

The Kirti Chakra is second only to the Ashoka Chakra among peacetime gallantry awards. Of the nine Kirti Chakras approved this year, seven were posthumous. The other two Army recipients were Major Jitendra Rathee of 2 Para (SF) and Havildar Gajendra Singh of 2 Para (SF) (posthumous), both recognised for operations in the Kishtwar sector of Jammu and Kashmir.

The full list of 78 awards also included 19 Shaurya Chakras, five Bars to Sena Medal (Gallantry), 36 Sena Medals (Gallantry), and decorations for Navy and Air Force personnel. Thirteen awards overall were conferred posthumously.

Significance

Lt Col Francis’s recognition marks a rare double gallantry honour for an officer from Manipur’s Senapati district. His earlier Shaurya Chakra and now the Kirti Chakra underline consistent performance in one of the most complex internal security environments in the country. Both operations involved meticulous intelligence work, prolonged surveillance, and personal leadership under fire against well-armed insurgent elements.

As a local officer serving in his home state with 21 Para (SF), Francis represents the continuum of professional excellence that Special Forces units bring to counter-insurgency and counter-terrorism roles in the Northeast. His actions are being widely noted within defence circles as an example of the combination of human intelligence, tactical patience and individual courage that characterises successful special operations.

The awards will be formally presented in due course at investiture ceremonies.",SSBCrack,https://www.ssbcrack.com/2026/08/lieutenant-colonel-maneo-francis-pf-of-21-para-sf-awarded-kirti-chakra-for-gallantry-in-manipur-counter-insurgency-operation.html,"08/15/2026, 07:00 AM, +0000 UTC",Security & Strategic Affairs
Indian Army chief General Dhiraj Seth reviews battle readiness in northeast as new combat formations take shape along China front,"Gen Dhiraj Seth along with senior army officials in northeast. (Photo: Indian Army)

New Delhi: Barely a fortnight after the Indian Army formally raised its first batch of integrated battle groups (IBGs) along the border with China, the Army chief, General Dhiraj Seth, has spent three days touring forward formations in the north-east to take stock of operational preparedness in the region.

Seth, who took over as the 31st chief of the Army Staff on July 1 – succeeding General Upendra Dwivedi and becoming the first officer from the Armoured Corps to head the force since General Shankar Roychowdhury in the mid-1990s – visited units under the 4 Corps in western Arunachal Pradesh on Thursday, covering the sensitive Tawang-Kameng sector.

The visit followed stops over the preceding two days at the 33 Corps, which looks after the Sikkim sector, and the 3 Corps, responsible for operations in the far-eastern reaches of Arunachal Pradesh as well as along the border with Myanmar.

The tour comes close on the heels of the government's sanction letter of July 1 formally setting in motion the raising of five IBGs under the Mountain Strike Corps – compact, self-contained combat formations that the Army has been trying to operationalize for nearly a decade. The formations, to be based in Sikkim and Arunachal Pradesh, both of which border China, are expected to be fully operational by mid-2027.

What the chief was told?

At each stop, Seth was briefed on the security situation, operational readiness and the pace of capability development by formations of the Eastern Command.

In western Arunachal Pradesh, commanders walked him through the 4 Corps' approach to absorbing emerging technologies to sharpen combat capability, and he asked them to keep formations prepared to meet security challenges across what the Army now describes as a “multi-domain environment” – a reference to warfare that spans land, air, cyber and information space simultaneously.

In Sikkim, the 33 Corps commander apprised him of operational deployments, the surveillance architecture in place along the frontier and the current security dynamics in the sector.

At the 3 Corps, the briefing touched on the evolving operational environment, coordination between different security agencies and steps being taken to further sharpen combat readiness. Seth also reviewed outreach programmes run by local formations aimed at building peace, stability and development across the north-east, an area where the Army has long run civic-action initiatives alongside its security role.

Addressing commanders and troops during the visit, Seth outlined what he called his “VIJAY” vision for the force – standing for vigilance, innovation, jointness, Aatmanirbharta (self-reliance) and “Yodha First”, or putting the soldier first.

He said the five principles were meant to keep the Army agile, adaptive and future-ready while feeding into the government's broader Viksit Bharat 2047 vision of a developed India by the hundredth year of independence.

The battle groups behind the visit

The IBGs at the centre of the current reorganization are a long-pending idea, first mooted under the late General Bipin Rawat when he headed the Army roughly a decade ago, and tested in patches – including along the border with Pakistan in 2019 and during the Eastern Command's Exercise HimVijay – before finally being sanctioned this year.

Each formation folds infantry, armour, artillery, engineers, signals, air defence and logistics into a single command, with the explicit aim of cutting reaction time and reducing dependence on larger parent formations.

Where a standard Army brigade musters around 3,000 to 3,500 troops and a division runs to 10,000-12,000, an IBG is designed to sit in between at roughly 5,000 personnel, each commanded by an officer of Major General rank. Five such officers have already been posted to head the new formations, and a dedicated fire support group – built around long-range artillery, reportedly including the Army's Divyastra rocket systems – will back them with firepower that the individual battle groups themselves would not carry.

The Mountain Strike Corps, formally the 17 Corps and headquartered at Panagarh in West Bengal, has two divisions under its charge – one earmarked for the Ladakh sector and the other for the north-east.

The current phase of IBG-isation covers only the north-eastern formations, under the 59 Division at Panagarh and the 23 Division at Ranchi, with the Ladakh-facing division expected to follow once the model is validated.

The push forms part of a wider effort, accelerated in the years since the 2020 stand-off with China in eastern Ladakh and given further impetus following Operation Sindoor, to make the Army leaner, faster and less reliant on the sprawling corps-level structures it inherited from the colonial era.

Dwivedi had told reporters at his annual press conference in January that the government had cleared 31 sanction letters for organizational changes over the preceding 14-15 months, of which the IBG restructuring of the 17 Corps was the most significant.",India Sentinels,https://www.indiasentinels.com/army/indian-army-chief-general-dhiraj-seth-reviews-battle-readiness-in-northeast-as-new-combat-formations-take-shape-along-china-front-7527,"07/17/2026, 07:00 AM, +0000 UTC",Security & Strategic Affairs
Indian Army swiftly neutralises UXOs following standoff attack in Assam,"Live Events



as a Reliable and Trusted News Source Addas a Reliable and Trusted News Source Add Now!

(You can now subscribe to our

(You can now subscribe to our Economic Times WhatsApp channel

Jagun, Tinsukia, In the early hours of Sunday, a standoff attack by ULFA(I) was reported at approximately 0200 hours near an Assam Police Commando camp at Jagun, Tinsukia district, Assam. The incident left behind unexploded ordnance, including RPG and UBGL rounds, posing a serious threat to the local population.According to a release, responding promptly, Red Shield Sappers, in coordination with Assam Rifles, mobilised a Bomb Disposal team to the site. The area was swiftly cordoned off, and all safety protocols were meticulously enforced to ensure full control of the situation.The unexploded ordnance was subsequently neutralised in a controlled manner at a secure location away from civilian habitation, eliminating any risk to life and property. The operation was carried out with a high degree of professionalism, precision and adherence to established procedures, a release said.The swift and coordinated response ensured the safety of the local populace and prevented any collateral damage. The Indian Army remains committed to maintaining peace, security and stability in the region and continues to remain vigilant against emerging threats, a release added.Meanwhile, during a visit to Haflong on Sunday to support candidate Rupali Langthasa, Assam Chief Minister Himanta Biswa Sarma condemned the recent ""unfortunate"" incident in Tinsukia, noting that a joint Army-Police operation is underway to catch the perpetrators.He also stated that the peace and development achieved in the Dima Hasao region under BJP rule.At least four Assam police personnel were injured following an attack carried out by suspected militants of the United Liberation Front of Assam (I) in the State's Tinsukia district, officials saidRegarding the incident in Tinsukia, Assam CM said, ""This is highly condemnable. The Army and the Police have launched a counter-insurgency operation. I think those who have done this will certainly be nabbed.""",economictimes.com,https://m.economictimes.com/news/defence/indian-army-swiftly-neutralises-uxos-following-standoff-attack-in-assam/articleshow/129742838.cms,"03/23/2026, 07:00 AM, +0000 UTC",Security & Strategic Affairs
Dogs of War: K9 units of Indian Army conduct heliborne insertion drill in Manipur,"K9 dog slithering at Leimakhong milistray station (Photo: Defence PRO Kohima)

Kohima: Military working dogs and their handlers from the Red Shield Division of the Indian Army carried out a slithering exercise at the Leimakhong Military Station in Manipur on Friday. The K9s trained for rapid heliborne insertion in operationally demanding conditions.

Five K9 teams participated in the exercise, which focused on aerial deployment techniques, operational coordination and combat readiness – skills that are increasingly critical in counter-insurgency environments such as Manipur, where the army has maintained a significant presence for decades under the Armed Forces Special Powers Act.

Slithering, a technique in which personnel descend from a hovering helicopter on a rope, presents particular challenges when working with trained dogs.

Read also: Meet Captain Harshita Raghav – the officer leading the Indian Army’s animal warriors

Handlers must manage the animal's composure and coordination while executing the manoeuvre under simulated operational pressure, a task that demands extensive conditioning of both the dog and its handler.

The K9 units of the Indian Army are deployed across a range of missions, including search and rescue operations, explosive detection, disaster management response and the tracking and neutralization of militants in jungle and urban terrain.

In the northeast, where dense forest cover and difficult topography complicate ground operations, dog teams provide a distinct tactical advantage in locating hidden insurgents or improvised explosive devices.

The Red Shield Division, formally the 57 Mountain Division, is headquartered at Leimakhong and is one of the primary formations responsible for counter-insurgency operations in Manipur.

The station has long served as a hub for specialized training activities given its proximity to active operational zones.

“The exercise reflects a broader effort by the army to integrate its K9 assets more tightly with air assets, improving the speed and flexibility with which dog teams can be inserted into remote or inaccessible areas,” an Indian Army official said.

“Such integration is particularly relevant in Manipur's hill districts, where road access is limited and air mobility often determines operational outcomes.”

All About K9 Units of the Indian Army

The Indian Army's K9 units form a specialized corps of military working dogs and their handlers, trained for a wide range of operational and support roles.

Dogs are deployed for explosive detection, tracking of militants, search and rescue operations, disaster management and perimeter security at sensitive installations.

Read also: In a first, Indian Army’s Remount Veterinary Corps deploys 4 newly commissioned women officers in forward posts

The army primarily uses Belgian Malinois, German Shepherds and Labrador Retrievers, each breed selected for specific traits like Malinois for aggression and agility in combat tracking, Labradors for their acute sense of smell in explosive and narcotic detection, and German Shepherds as versatile all-rounders.

K9 units operate across conflict zones including Jammu and Kashmir and the northeast, where they provide a critical tactical edge in jungle warfare and counter-insurgency operations.

The Remount Veterinary Corps (RVC), one of the oldest arms of the Indian Army, is responsible for the training, breeding and care of military dogs.

Each handler and dog undergoes rigorous joint training, often forming bonds that last the dog's entire service life.



",India Sentinels,https://www.indiasentinels.com/army/dogs-of-war-k9-units-of-indian-army-conduct-heli-borne-insertion-drill-in-manipur-7332,"05/08/2026, 07:00 AM, +0000 UTC",Security & Strategic Affairs
"Army troops undertake route march at 17,000 feet in Sikkim","Troops of the Indian Army’s Trishakti Corps, headquartered in West Bengal’s Sukna, completed a route march with full battle loads across altitudes up to 17,000 feet in Sikkim.

The march, conducted over six days and nights through steep gradients, icy winds, and rugged tracks, tested the soldiers’ physical stamina, mental resilience, and collective spirit, a Ministry of Defence statement said on Tuesday (September 16, 2025).

“Each soldier carried his full operational load — weapons, equipment, and survival gear — replicating battlefield conditions in high-altitude areas. While the Army continues to integrate modern technology, drones, and smart logistics into its operations, such exercises remain indispensable,” the statement read.

Such exercises ensure that soldiers are prepared to operate even in situations where technology may be constrained, reaffirming the primacy of human endurance and adaptability.

“Technology enhances our capabilities, but it is the soldier’s grit and teamwork that ultimately win battles. This march reinforces confidence in our ability to fight and prevail in the harshest conditions,” Lt Gen Zubin A. Minwalla, the General Officer Commanding of Trishakti Corps, stated.

The completion of this march reflects the Trishakti warriors’ commitment to operational readiness and their role in safeguarding the nation’s frontiers in the Eastern Himalayas, he said.",The Hindu,https://www.thehindu.com/news/national/sikkim-army-trishakti-corps-march-route/article70056098.ece,"09/16/2025, 07:00 AM, +0000 UTC",Regional News & Incident Reports
"After ambushes, CRPF tells forces in Manipur to use armoured vehicles, avoid sudden deployment","In the wake of two ambushes on Assam Rifles personnel in Manipur and Nagaland, the Central Reserve Police Force (CRPF) units deployed in Manipur have been instructed to use only armoured vehicles for movement and to avoid sudden or unplanned deployments, a senior government official said on Thursday (July 16, 2026).

In June, the CRPF inducted two battalions of the Commando Battalion for Resolute Action (CoBRA), a specialised unit raised for anti-Maoist operations, in the northeastern State to step up operations against armed groups, dismantling of bunkers, and recovery of weapons.

At least 100 armoured vehicles have been sent to Manipur in the past two months, the official said.

The CRPF is the largest Central security force deployed in Manipur, with 200 companies comprising around 20,000 personnel. In addition to the CRPF, the State has around 100 Border Security Force companies, comprising approximately 10,000 personnel, and about 26,000 personnel from the Assam Rifles and the Indian Army deployed across the region.

The CoBRA battalions have been given pre-induction training in crowd management as the State often witnesses obstruction by locals, especially women, during security-related operations.

“We have advised the personnel to avoid any sudden movement for administrative or operational reasons. They have also been asked to take action against armed miscreants, anyone found with a gun is to be arrested or fired upon, if they do not surrender,” said the official.

As the ethnic conflict between the Kuki and Meitei people in Manipur has now expanded to tensions between Kukis and the Naga people, plans are afoot to deploy the CoBRA battalions in the hill districts of Churachandpur, Kangpokpi, and Ukhrul, another government official said. While Churachandpur and Kangpokpi are Kuki-Zo-dominated districts, Ukhrul is a Naga-majority area.

It was at Litan in Ukhrul on February 7 that tensions between the two communities escalated, said the official.

After President’s Rule was revoked in Manipur on February 4, Chief Minister Yumnam Khemchand Singh, representing the Meitei community, and two Deputy Chief Ministers – Nemcha Kipgen and Losii Dikho from the Kuki-Zo and the Naga community respectively – were sworn-in. Ms. Kipgen’s appointment was protested by members of her community who opposed her decision to join the government till justice was delivered to their people.

“The Kuki groups in Ukhrul announced a shutdown after Ms. Kipgen took oath and put up pickets to enforce the blockade. On February 7, at one such picket, some Kuki men flashed a torchlight in the face of a Naga youth who was passing by. Since all the men were drunk, it led to a brawl, which has now turned into severe tensions between the communities, involving killings, abductions and blockade of highways to cut off supplies of essentials and food to Kuki areas,” said the official.

The ethnic violence, which erupted on May 3, 2023, has claimed the lives of 300 people so far. Hundreds were killed in the wake of the Kuki-Naga clashes in the 1990s.",The Hindu,https://www.thehindu.com/news/national/after-ambushes-crpf-tells-forces-in-manipur-to-use-armoured-vehicles-avoid-sudden-deployment/article71231213.ece,"07/17/2026, 07:00 AM, +0000 UTC",Regional News & Incident Reports
"After Trishul, why is India holding Poorvi Prachand Prahar, military drill in Arunachal?","The Indian Army, Navy and Air Force will conduct a joint military exercise in the mountains of Mechuka in Arunachal Pradesh this month. Poorvi Prachand Prahar will test the operational synergy between the three armed forces and enhance situational awareness. This comes after India’s operational activities on the western border

The Indian armed forces are all set to hold a tri-service exercise in Arunachal Pradesh. ‘Poorvi Prachand Prahar’ will be launched on November 11 in the rugged mountains of Mechuka in Arunachal Pradesh.

Designed as a forward-looking exercise, it will test the operational synergy between the Indian Army, Navy, and Air Force. The drill on India’s eastern front comes in the wake of several operational activities on the western borders.

Let’s take a closer look.

What is 'Poorvi Prachand Prahar'?

'Poorvi Prachand Prahar' will integrate warfighting capability and technological adaptation among the three wings of the armed forces, as per an official statement.

The exercise, which will conclude on November 15, will provide a full spectrum of joint operations between the Indian Army, Navy and Air Force, reflecting the “theatre command"" concept that India has adopted, as per a News18 report.

Advertisement

The military drill will focus on multi-domain integration across land, air and maritime fronts, demonstrating the enhanced readiness of the Indian armed forces for future conflicts, Defence PRO Lt Col Mahendra Rawat said in a statement on November 1.

He added, “The highlight of the exercise will be the coordinated employment of special forces, unmanned platforms, precision systems and networked operations centres operating in unison under realistic high-altitude conditions.""

The tri-service exercise aims to hone interoperability, increase situational awareness and validate command and control structures for joint mission execution.

More from Explainers More from Explainers

According to Rawat, revised tactics, techniques, and procedures (TTPs) will be tested and corroborated to boost combat agility and adaptability.

Exercise 'Poorvi Prachand Prahar' is significant in India's tri-service integration effort, following the successful completion of military exercises 'Bhala Prahar' in 2023 and 'Poorvi Prahar' last year.

The military drill ""reinforces the Armed Forces' collective resolve to maintain mission readiness and joint operational effectiveness in the defence of the nation"", Lt Col Rawat said in the statement.

Army men show their skills during an Army exhibition in Uttar Pradesh in 2017. File Photo/PTI

The China threat in Arunachal

Poorvi Prachand Prahar is seen as part of India's broader plan to increase preparedness along its sensitive borders with China.

The venue of the upcoming exercise in Mechuka, Arunachal Pradesh, holds importance as India ramps up surveillance and mobility near the Line of Actual Control (LAC).

Advertisement

Beijing claims the entire state of Arunachal Pradesh, which it calls “Zangnan, the southern part of Tibet”, as an “inherent part of China’s territory”. The country’s maps depict Arunachal Pradesh as part of China.

New Delhi has rejected China’s claims over Arunachal Pradesh, maintaining that it is an “integral and inalienable part of India”.

The military exercise comes amid a growing China threat in India’s eastern sector. According to an NDTV report, China has finished building 36 hardened aircraft shelters, new administrative blocks, and a new apron at its Lhunze airbase in Tibet, located about 40 kilometres north of the McMahon line — the de facto boundary between India and China that divides Arunachal Pradesh and Tibet.

""Construction of 36 hardened aircraft shelters at Lhunze clearly indicates that during the next incident, their [China's] tactical fighters and attack helicopters operating in support of their army would be based in Lhunze,"" Air Chief Marshal BS Dhanoa (retired), the former Indian Air Force chief, told the news channel.

Advertisement

The development comes even as tensions have eased between India and China following the 2020 border standoff.

Trishul exercise on the Western front

The Indian armed forces are carrying out the Trishul exercise on the Western front, along the borders of Rajasthan and Gujarat.

“The exercise aims to achieve validation and synchronisation of operational procedures across the three Services, enabling joint effect-based operations in multi-domain environment. Key objectives include enhancing interoperability of platforms and infrastructure, strengthening the integration of networks across Services, and advancing jointness in operations across multiple domains,” the Ministry of Defence said in a statement last week.

The exercise involves live-fire drills, electronic warfare systems, and integrated battlefield communications to fine-tune rapid-response mechanisms.

“Our main objective is to enhance the synergy between all the maritime forces as well as inter-services. This is a very large, complex, and multi-domain integrated operation that is being conducted at the largest scale, including aspects of cyber and space,"" Vice Admiral AN Pramod, Director General Naval Operations (DGNO), told News18.

Poorvi Prachand Prahar and Trishul are crucial military exercises being conducted by the Indian armed forces following Operation Sindoor. In May, India targeted nine terror camps operating in Pakistan and Pakistan-occupied Kashmir (PoK), a retaliation for the April 22 Pahalgam terror attack in which terrorists killed 26 tourists in Jammu and Kashmir.

With inputs from agencies",Firstpost,https://www.firstpost.com/explainers/india-poorvi-prachand-prahar-military-drill-arunachal-pradesh-13947788.html,"11/04/2025, 08:00 AM, +0000 UTC",Regional News & Incident Reports
Indian Army tests combat readiness in Arunachal Pradesh,"The Indian Army has conducted Exercise Yudh Kaushal 3.0 in the high-altitude Kameng region of Arunachal Pradesh, showcasing its preparedness for next-generation warfare in extreme Himalayan conditions.

Observed by the General Officer Commanding of Gajraj Corps, the exercise featured large-scale manoeuvres with drone surveillance, precision strikes, real-time target acquisition, air–littoral operations and synchronized battlefield tactics.

According to Indian Army, a major highlight was the operational debut of the newly raised ASHNI platoons, designed to integrate advanced technology with traditional combat skills for decisive battlefield advantage.

The exercise also marked the active participation of the Indian defence industry, reflecting the push for indigenous innovation under the vision of self-reliance, the army added.

Army officials said Yudh Kaushal 3.0 validated combat effectiveness in harsh terrain while reinforcing the force’s shift towards multi-domain operations and adoption of emerging technologies.",The Hindu,https://www.thehindu.com/news/national/exercise-yudh-kaushal-30-demonstrates-next-gen-combat-readiness-in-eastern-himalayas/article69995845.ece,"08/31/2025, 07:00 AM, +0000 UTC",Regional News & Incident Reports
India-China Troops Reportedly Clash in Arunachal's Upper Subansiri Region,"Fresh reports of a confrontation between Indian Army and Chinese People's Liberation Army (PLA) soldiers have emerged from the Taksing Circle in Arunachal Pradesh's Upper Subansiri district. Visual evidence, including photos and videos, circulating widely on social media platforms, suggests a skirmish took place between the two sides.

According to these circulating reports, the incident is believed to have occurred on July 26, 2026, though some accounts indicate that tensions and clashes might have commenced a day earlier, on July 25. The specific details regarding the nature and extent of the confrontation remain unconfirmed by official sources, but the visual content has sparked significant discussion.

This reported escalation comes amidst ongoing concerns regarding border activities in the sensitive region. There have been previous allegations of Chinese construction activities, including the building of roads and military bunkers, in areas adjacent to Taksing, such as Maza, Galemu, Potrang Lake, Tama Chuchu, Galen Sinyik, and Shreechu Valley. These reported incursions have consistently been a point of contention between India and China along the Line of Actual Control (LAC).

The latest purported clash, if officially confirmed, underscores the persistent volatility along the disputed Indo-Tibetan border. Such incidents highlight the need for continued vigilance and diplomatic engagement to maintain peace and stability in the strategically vital northeastern frontier.",Prag News,https://pragnews.com/en/india-china-troops-reportedly-clash-in-arunachals-upper-subansiri-region,"08/06/2026, 07:00 AM, +0000 UTC",Regional News & Incident Reports
Eastern command gears up for major tri-service exercise ‘Poorvi Prachand Prahar’,"NEW DELHI: As India intensifies its drive toward integrated tri-service operations, the Eastern Command is set to host a major joint exercise named 'Poorvi Prachand Prahar' from November 11 to 15 at Mechuka, about 30 km from the Line of Actual Control (LAC) in Arunachal Pradesh.

The exercise will mark the maiden deployment of newly raised Indian Army formations, the Bhairav Battalion, Ashni Platoon of Infantry, and Divyastra Artillery Batteries, which reflect the ongoing modernisation and reorganisation push within the force.

These combat units are being raised under a “Save and Raise” model, incurring no additional cost to the state exchequer.

Defence spokesperson Lt Col Mahendra Rawat said the exercise aims to validate multi-domain integration across land, air, and maritime theatres, refining interoperability and command structures for future joint missions.

“It will test revised tactics, techniques, and procedures to enhance combat agility and adaptability under high-altitude conditions,” he added.

One of the key highlights will be the coordinated employment of Special Forces, unmanned platforms, precision systems, and networked operations centres, which is a first-of-its-kind high-altitude validation of India’s evolving warfighting doctrine.

The Army has already operationalised five of its 25 Bhairav Light Combat Battalions, designed for lean, high-impact operations along India’s borders with China and Pakistan. As reported earlier by TNIE, each infantry unit now includes an Ashni Platoon, equipped with drones for intelligence, surveillance, reconnaissance (ISR) and loitering munitions.

Poorvi Prachand Prahar follows the successful exercise 'Bhala Prahar' (2023) and exercise Poorvi Prahar (2024), which marks yet another milestone in India’s tri-service integration efforts. It coincides with exercise 'Trishul' in the Western Sector, scheduled to culminate on November 13, and follows exercise 'Vidyut Vidhhwans' held in October.

In strategic terms, the Eastern Sector remains vital to India’s defence posture. The Line of Actual Control spans three sectors namely Western (Ladakh), Central (Himachal, Uttarakhand), and Eastern (Sikkim, Arunachal Pradesh). The Eastern Command oversees the 1,346 km stretch including Sikkim and Arunachal Pradesh, besides managing the borders with Myanmar and Bangladesh.

Arunachal Pradesh, often the focal point of Chinese aggression since 1962, includes six disputed areas -- Asapila, Longzu, Bisa, Majha, Tulung-la, and Yangtse -- and four sensitive zones such as Fishtail I & II, Thag La, and Dichu. With Poorvi Prachand Prahar, India’s Eastern Command reinforces its readiness to counter emerging threats through integrated, technology-driven warfare.",The New Indian Express,https://www.newindianexpress.com/india/2025/Nov/04/eastern-command-gears-up-for-major-tri-service-exercise-poorvi-prachand-prahar,"11/04/2025, 08:00 AM, +0000 UTC",Regional News & Incident Reports
Fact Check: Did protests take place in Nagaland against the Indian Army over human rights violations? Here’s the truth behind the viral video,"A video is rapidly going viral on social media. The video is being claimed to be from Nagaland. Along with the video, it is alleged that large-scale protests erupted in Nagaland against the Indian Army and the government over alleged human rights violations against Naga tribes.

Source: X

On social media platform X, a verified Pakistani user shared the viral video claiming that after Manipur, there are reports of massive protests in Nagaland against the Indian Army and the government, alleging that innocent Naga tribes are being targeted and subjected to human rights violations. The post further claims that strong anti-India separatist movements demanding independence are active in both Nagaland and Manipur.

Source: X

Apart from this, another Pakistani user, Simran Kashmiri, also shared the same viral video with a similar claim.

Fact Check:

To verify the claims made with the viral video, DFRAC first converted the video into keyframes. These keyframes were then reverse image searched. During this process, we found a similar video posted on Facebook by a user named “Manipur Update” on 13 February 2026.

Source: Facebook

According to the information shared with that video, violence had broken out in Moawa village under the Medziphema sub-division of Chümoukedima district in Nagaland due to a land dispute between the Angami tribe and the Kuki community. The violence led to damage to property, several houses being set on fire, and vehicles being vandalized. The visuals showed burnt houses and damaged vehicles. However, the full extent of the damage was not clear at that time. Nagaland Police and additional security forces were deployed at the spot to control the situation.

Source: Youtube

Further investigation led us to a news report uploaded on YouTube by the news channel North East Live on 13 February 2026. This report also included visuals from the viral video. According to the report, clashes erupted between residents of two villages over a land dispute in Moawa village, located on the outskirts of Dimapur in Nagaland. During the incident, several houses were set on fire and multiple vehicles were damaged. The incident took place in the Medziphema sub-division of Chümoukedima district and involved the Chakroma Public Organization and residents of Moawa village.

Source: The Morung Exspress

Additionally, we found a report by the newspaper The Morung Express, which also confirmed the violent clash that occurred in Moawa village on 13 February 2026 due to a land dispute. Nowhere in the report was there any mention of large-scale protests against the Indian Army or demands for independence from India.

Conclusion:

DFRAC’s fact check clearly establishes that the viral video is being shared with a misleading claim. The video does not show any protest in Nagaland against the Indian Army or demonstrations demanding independence from India. In reality, the incident is related to local violence stemming from a land dispute between two communities.",dfrac.org,https://dfrac.org/en/2026/02/15/fact-check-did-protests-take-place-in-nagaland-against-the-indian-army-over-human-rights-violations-heres-the-truth-behind-the-viral-video/,"02/15/2026, 08:00 AM, +0000 UTC",Regional News & Incident Reports
Operation HimSetu Rescue Mission in North Sikkim,"Background of the Operation

Operation HimSetu Rescue Mission in North Sikkim: The Indian Army launched Operation HimSetu in April 2026 to rescue stranded individuals in North Sikkim. The crisis emerged after massive landslides and heavy snowfall disrupted connectivity near the India-China border.

The operation was conducted under the Trishakti Corps, which functions under the Eastern Command. The mission demonstrated rapid response capability in one of India’s most difficult terrains.

Static GK fact: The Eastern Command of the Indian Army is headquartered in Kolkata.

Trigger Behind the Crisis

The disaster was caused by a combination of relentless snowfall and landslides in the high-altitude region. A newly constructed bridge near Tarum Chu collapsed, cutting off access to Lachen.

The bridge had been inaugurated in February 2026, highlighting infrastructure vulnerability in extreme Himalayan conditions. Road connectivity was severely damaged, isolating hundreds of civilians.

Static GK Tip: Sikkim shares international borders with China, Nepal, and Bhutan, making it strategically significant.

Scale of Rescue Operation

The Army successfully evacuated 1,321 tourists and 84 local residents, totaling over 1,400 individuals. The entire evacuation was completed within 48 hours, despite harsh weather conditions.

Rescue teams worked continuously, prioritizing medical emergencies and ensuring safe movement of stranded people. The mission was executed without any casualties, reflecting high operational efficiency.

On-Ground Response Measures

The Army implemented immediate infrastructure solutions to restore movement in the region. A temporary footbridge was constructed to allow safe crossing over damaged sections.

Multiple Army vehicles were deployed to transport evacuees, while civilian vehicles were carefully moved across difficult terrain. Reception centres were also established to provide food, shelter, and medical assistance.

Coordination with Agencies

The operation involved close coordination with the Border Roads Organisation (BRO) and local administration. Simultaneous efforts were made for snow clearance, road restoration, and connectivity repair.

Such inter-agency coordination ensured faster response and minimized delays in evacuation. It also highlighted the importance of civil-military cooperation in disaster management.

Static GK fact: The BRO was established in 1960 to develop and maintain road networks in border areas.

Strategic Importance

Operations like HimSetu highlight the Indian Army’s preparedness in border regions with extreme climatic challenges. The rescue reinforces India’s capability to protect civilians even in remote areas.

It also underlines the importance of resilient infrastructure in Himalayan regions prone to natural disasters. The mission sets a benchmark for future high-altitude rescue operations.

Static Usthadian Current Affairs Table

Operation HimSetu Rescue Mission in North Sikkim:",usthadian.com,https://www.usthadian.com/operation-himsetu-rescue-mission-in-north-sikkim/,"04/13/2026, 07:00 AM, +0000 UTC",Regional News & Incident Reports
Indian Army contingent heads to Thailand for joint drill MAITREE-XV,"New Delhi, Aug 17: An Indian Army contingent left for Thailand on Monday, where it will participate in 15th edition of India-Thailand Joint Military Exercise MAITREE-XV, slated to be held from August 18 to 31 at Vibhavadi Rangsit Camp in Surat Thani.

The bilateral military exercise is aimed at strengthening defence cooperation between India and Thailand and enhancing the ability of the two armies to conduct joint operations in challenging environments.

The Indian Army and Royal Thai Army contingents participating in the exercise will comprise 85 personnel each. The Indian contingent will be represented primarily by troops from the 9 Gorkha Rifles, while the Royal Thai Army contingent will comprise personnel from the 3rd Battalion, 25th Infantry Brigade, 5th Division.

The exercise will focus on company-level joint training for operations in jungle and semi-urban terrain. The training is designed to enhance the combined capabilities of the two forces in conducting joint counter-insurgency and counter-terrorist operations in jungle and semi-urban environments under Chapter VII of the United Nations Charter.

The exercise will include a range of training activities, including field exercises, combat discussions, lectures and demonstrations. The two contingents will also participate in a culminating validation exercise to assess the operational capabilities developed during the training.

As part of the exercise, soldiers from both countries will exchange operational experiences and share best practices. The contingents will also showcase contemporary equipment and technologies used during joint operations, providing an opportunity for both armies to gain a better understanding of each other's operational procedures and capabilities.

The previous edition of Exercise MAITREE was conducted at the Foreign Training Node in Umroi, Meghalaya, in September 2025.

Instituted in 2006, Exercise MAITREE has emerged as an important platform for India and Thailand to strengthen military cooperation and enhance interoperability between their armed forces. The exercise provides personnel from both armies with an opportunity to train together, exchange operational knowledge and develop a deeper understanding of each other's procedures.

The latest edition is expected to further enhance mutual understanding, interoperability and camaraderie between the Indian Army and Royal Thai Army, while contributing to the longstanding defence and strategic relationship between India and Thailand.

Through regular bilateral military engagements such as MAITREE, the two countries continue to deepen defence cooperation and strengthen their ability to work together in joint operational scenarios.

--IANS



",assamtribune.com,https://assamtribune.com/international/indian-army-contingent-heads-to-thailand-for-joint-drill-maitree-xv-1615714,"08/17/2026, 07:00 AM, +0000 UTC",Regional News & Incident Reports
Border Tensions Resurface as Arunachal Group Alleges Fresh PLA Encroachment Near Taksing,"ITANAGAR- Fresh concerns have emerged from Arunachal Pradesh’s remote border region after the Nah Welfare Society (NWS), a local civil society organisation, alleged that the Chinese People’s Liberation Army (PLA) has gradually expanded its presence in areas close to Taksing in Upper Subansiri district.

HINDI TUTION

According to the organisation, the alleged expansion has taken place in several strategically significant locations situated near the Line of Actual Control (LAC). The society claimed that the developments could have implications for both local communities and India’s broader border management strategy.

In a public statement, the Nah Welfare Society urged the Government of Arunachal Pradesh and the Government of India to conduct an immediate verification of the reported developments. It also called for enhanced surveillance, improved road connectivity, and stronger border infrastructure to ensure the security of frontier villages.

Also Read- Maharashtra TET Paper Leak Rekindles Debate Over India’s Exam Security

The organisation further appealed for greater attention to the concerns of residents living in remote border areas, arguing that sustained administrative presence and infrastructure development remain essential for safeguarding India’s territorial interests.

As of now, neither the Indian Army nor the Ministry of Defence has officially confirmed the allegations. Government agencies have also not issued any statement verifying claims of fresh encroachment in the reported locations.

Border-related claims in Arunachal Pradesh often remain sensitive because of competing territorial claims between India and China. While India maintains that Arunachal Pradesh is an integral part of the country, China continues to claim large parts of the state, referring to it as “South Tibet.”

Also Read- Sikkim Floods: Key Bridge Destroyed, Phidang–Sankalang Road Link Severed

The India-China frontier has remained under close scrutiny since the military standoff in eastern Ladakh began in 2020. Although several rounds of military and diplomatic talks have helped ease tensions in some sectors, differences along various stretches of the LAC continue to require constant monitoring.

Security analysts have repeatedly argued that strengthening border infrastructure, improving communication networks, and maintaining civilian habitation in frontier regions are critical components of India’s long-term border strategy. Local organisations have similarly stressed that timely verification of reported activities and transparent communication from authorities help prevent misinformation while addressing genuine security concerns.

Until official agencies verify the latest allegations, the claims made by the Nah Welfare Society remain unconfirmed. However, they have once again drawn attention to the strategic importance of Arunachal Pradesh’s remote border districts and the continuing sensitivities surrounding the India-China boundary.",NorthEast India24,https://northeastindia24.com/border-tensions-resurface-as-arunachal-group-alleges-fresh-pla-encroachment-near-taksing/,"06/29/2026, 07:00 AM, +0000 UTC",Development & Infrastructure
"Army, civil agencies discuss plans to boost border development in Arunachal’s East Kameng district","Organised under the aegis of the Himalayan Warrior Brigade, the meeting at Seppa, the district headquarters, brought together senior district officials, Army and ITBP commanders, departmental heads, elected representatives, and tribal leaders.

The conclave was also organised to strengthen security, and enhance disaster preparedness in the strategically vital border district of the state, an official statement said here.

Itanagar, Aug 11 (PTI) The Indian Army’s Gajraj Corps, in coordination with the civil administration of East Kameng district in Arunachal Pradesh and the Indo-Tibetan Border Police (ITBP), on Monday held a conclave to fast-track border development.

Building on the momentum of last month’s military-civil fusion conclave at Bichom, the Seppa forum prioritised creation and upgradation of dual-use infrastructure, including helipads, logistics nodes, and road links to remote areas, the statement said.

It also addressed vocational skill development, recruitment drives to encourage local youth to join the Armed Forces, and expansion of ITBP’s ‘Project Arunveer’, an initiative to source locally produced goods for security forces to boost the rural economy.

The participants reviewed joint disaster response protocols involving the Police, ITBP, Army, NDRF, and SDRF, while educators highlighted student interaction with Army Public Schools to inspire the younger generation.

Identification and grooming of sports talent for higher-level competitions was reaffirmed as a shared goal. PTI UPL NN

This report is auto-generated from PTI news service. ThePrint holds no responsibility for its content.",ThePrint,https://theprint.in/india/army-civil-agencies-discuss-plans-to-boost-border-development-in-arunachals-east-kameng-district/2718872/,"08/11/2025, 07:00 AM, +0000 UTC",Development & Infrastructure
Indian Army Commissions Solar Power Plant in North Sikkim Border Village,"The Indian Army has commissioned a 10 kW solar power plant in Muguthang village in North Sikkim, bringing round-the-year electricity to one of India’s highest and most remote border settlements near the India–China frontier.

Located at an altitude of around 15,000 feet, Muguthang is home to 10 families with a population of 32 residents. The project was executed by the Army’s Trishakti Corps with the objective of improving basic infrastructure and enhancing living conditions in the strategically sensitive region.

Until now, villagers depended on small, individual solar panels that provided limited power, particularly during the harsh winter months. The lack of reliable electricity forced residents to migrate for nearly five to six months every year. With the commissioning of the centralized solar power plant, the village now has access to continuous and dependable electricity, enabling residents to remain in their homes throughout the year.

The initiative forms part of the Centre’s Vibrant Villages Programme, which focuses on strengthening infrastructure, livelihood opportunities, and connectivity in border villages to prevent depopulation and ensure sustainable development in remote areas.

Army officials said the solar solution was selected after consultations with local residents to address their specific challenges posed by extreme weather and difficult terrain. The new power facility is expected to significantly improve quality of life by enabling better lighting, communication, and overall safety in the village.

The project underscores the Indian Army’s broader role in community development alongside national security, while also highlighting the growing use of renewable energy solutions to support civilian populations in high-altitude and border regions.

Like this: Like Loading…",solarquarter.com,https://solarquarter.com/2026/01/05/indian-army-commissions-solar-power-plant-in-north-sikkim-border-village/,"01/05/2026, 08:00 AM, +0000 UTC",Development & Infrastructure
"Indian Army, Airtel Partner to Boost 4G Connectivity in Arunachal Border Regions","The Indian Army has formalized a strategic partnership with telecom giant Bharti Airtel through a Memorandum of Understanding (MoU), focused on dramatically improving 4G mobile connectivity across the remote and strategically vital border areas of Arunachal Pradesh. This collaborative effort is set to address long-standing communication challenges in the region, benefiting both military personnel stationed there and the local communities.

Under the terms of the agreement, Airtel will undertake the deployment of advanced 4G services, thereby extending robust network coverage to areas that have historically suffered from limited or no cellular access. This initiative is particularly crucial for troops operating along the Line of Actual Control (LAC), ensuring reliable communication channels essential for operational effectiveness and coordination.

Beyond military applications, the expansion of high-speed internet services is expected to bring substantial benefits to the civilian population residing in these frontier districts. Improved connectivity will facilitate access to essential digital services, enhance educational opportunities, support telemedicine initiatives, and stimulate local economies by connecting residents to broader markets. This move aligns with the national vision of digital inclusion and equitable access to modern amenities for all citizens, irrespective of their geographical location.

The initiative underscores the government's sustained focus on bolstering infrastructure development in India's northeastern border states, particularly Arunachal Pradesh, given its unique geopolitical significance. Enhancing telecommunications infrastructure is seen as a critical component of national security and regional development, complementing ongoing efforts in road, rail, and air connectivity. This joint endeavor between the armed forces and a private sector leader marks a significant step towards fortifying India's border regions and integrating them more fully into the nation's digital fabric.",pragnews.com,https://pragnews.com/en/indian-army-airtel-partner-to-boost-4g-connectivity-in-arunachal-border-regions,"06/15/2026, 07:00 AM, +0000 UTC",Development & Infrastructure
Indian Army Inaugurates Unique Border Brew Cafe In Arunachal Pradesh To Boost Tourism And Local Livelihoods,"In a significant step towards promoting community development and sustainable tourism in remote border regions, the Indian Army has inaugurated the Border Brew Cafe under 'Operation Sadbhavna' in Arunachal Pradesh, officials said on Tuesday.Defence spokesman Lt Col Mahendra Rawat said that the project, executed at Zemithang village in Tawang district, is dedicated to the welfare and empowerment of the local Monpa tribal community.What makes the Border Brew Café truly unique is its innovative construction on a decommissioned Bailey Bridge over the Nyamjang Chu, a 125-km-long perennial cross-border river originating in Tibet (Shannan Prefecture) and flowing through the Zemithang valley in Tawang district of Arunachal.Lt Col Rawat said that this pioneering concept seamlessly blends heritage infrastructure with modern utility, making it one of its kind in the entire Northeast region.The cafe is poised to emerge as an iconic destination for tourists and travellers exploring this scenic frontier area.Developed with a vision to generate sustainable livelihood opportunities, the cafe actively involves the local community while promoting tourism in the region, the defence spokesman noted.The initiative is expected to enhance economic prospects for residents by showcasing local culture, traditions, and hospitality. Demonstrating remarkable efficiency and commitment, the Indian Army completed the project in a record time of just 31 days, reflecting exceptional planning, coordination, and execution.The initiative embodies the core ethos of ‘Operation Sadbhavna’, which focuses on fostering goodwill, strengthening civil-military relations, and contributing to the socio-economic development of border communities. The inauguration ceremony witnessed enthusiastic participation from local residents, dignitaries, and Army personnel, marking a proud and promising milestone for Zemithang and the region at large, Lt Col Rawat stated.The Indian Army’s Operation Sadbhavna (Goodwill) is a long-running military-led civic action programme, primarily in Jammu & Kashmir and Ladakh, aimed at winning hearts and minds by addressing socio-economic needs through education (Army Goodwill Schools), healthcare (medical camps), infrastructure development (water, power, roads), and empowering women and youth via vocational training. The initiative plays a crucial role in countering alienation and fostering national integration.",Defence.in,https://defence.in/threads/indian-army-inaugurates-unique-border-brew-cafe-in-arunachal-pradesh-to-boost-tourism-and-local-livelihoods.17266/,"03/25/2026, 07:00 AM, +0000 UTC",Development & Infrastructure
"No Chinese intrusion in Arunachal Pradesh, says Kiren Rijiju as Army rejects claims","Union Minister Kiren Rijiju and the Indian Army have rejected claims of Chinese intrusion into Arunachal Pradesh, saying there has been no encroachment

Union Minister Kiren Rijiju has rejected allegations that the Chinese People's Liberation Army (PLA) has entered Indian territory in Arunachal Pradesh, saying there has been ""no intrusion"" and attributing border incidents to differing perceptions of the boundary. His remarks came as the Indian Army also dismissed reports claiming the Chinese military had recently established camps inside the state.

Speaking to TOI, Rijiju said the absence of a clearly demarcated border between India and China results in transgressions by both sides but maintained that these should not be interpreted as intrusions.

""There is no intrusion. Transgressions from both sides happen due to the absence of demarcation,"" he said.

Advertisement

The Arunachal West MP explained that the lack of a mutually demarcated boundary leads to differing perceptions of the border, resulting in occasional transgressions by both countries.

His remarks followed allegations by a tribal body from Arunachal Pradesh that the PLA had occupied parts of its ancestral grazing, hunting and farming land in the state's Upper Subansiri district over the past six years. The organisation has sought an official verification of its claims.

Army dismisses reports of Chinese encroachment

Backing the government's position, the Indian Army rejected media reports alleging that the Chinese military had recently entered Indian territory and established camps in Arunachal Pradesh.

More from India More from India

""We have seen some media reports alleging recent encroachment by the Chinese PLA and the setting up of camps in Arunachal Pradesh. These reports are incorrect and without any basis,"" the Army said, according to ANI.

The clarification came amid growing attention over the allegations made by the tribal organisation regarding the reported occupation of ancestral land.

Border infrastructure now a priority

Rijiju also highlighted the government's efforts to improve infrastructure in Arunachal Pradesh's border regions.

He said previous Central governments had not invested adequately in frontier areas, while the Narendra Modi-led government had made border infrastructure a priority and accelerated development projects in the strategically important state, the largest in the Northeast by area.

Advertisement

The Union minister also said the current administration has focused on improving connectivity and other facilities in border areas.

India and China continue border dialogue

According to ANI, India and China held the 35th meeting of the Working Mechanism for Consultation and Coordination (WMCC) on India-China Border Affairs in Beijing last month.

The Ministry of External Affairs later described the discussions as ""constructive and forward-looking"".

Both sides reviewed the border situation and expressed satisfaction with progress in maintaining peace and tranquillity, which has supported the gradual normalisation of bilateral relations.

The two countries also discussed border delimitation, border management, institutional mechanisms and cross-border cooperation.

The Indian side additionally emphasised the need for an early meeting of the next Expert Level Mechanism on Trans-border Rivers.

Army chief says LAC remains stable

Earlier on Monday, outgoing Army Chief General Upendra Dwivedi described the situation along the Line of Actual Control (LAC) as stable, though sensitive, according to ANI.

He said the Indian and Chinese militaries conduct more than 1,100 ground-level interactions every year to prevent misunderstandings and resolve routine border issues.

Advertisement

General Dwivedi said disengagement agreements had significantly improved stability on the ground and that local issues arising from differing perceptions of the LAC are addressed through military-to-military interactions, hotlines, flag meetings and commander-level engagements.

Reiterating the Army's approach, he said India remains committed to dialogue while maintaining a ""firm, credible, vigilant and fully capable"" posture to safeguard the country's territorial integrity and national interests, according to ANI.",Firstpost,https://www.firstpost.com/india/no-chinese-intrusion-in-arunachal-pradesh-says-kiren-rijiju-as-army-rejects-claims-14027879.html,"07/01/2026, 07:00 AM, +0000 UTC",Development & Infrastructure
“Sikkim Sundari”: Indian Army Launches Sikkim’s First Border Community Radio,"The Indian Army’s Trishakti Corps has launched Sikkim’s first community radio station in a border village, named “Sikkim Sundari,” in a significant step toward improving communication in remote high-altitude regions. The initiative is designed to bridge information gaps and provide residents with access to essential updates.

According to officials, the station will broadcast local news, weather forecasts, and details of government schemes, while also serving as a platform to highlight regional culture. It is expected to encourage participation among local youth by offering opportunities to develop communication skills and engage with community-driven content.



If you enjoyed reading this article, you can help support our journalism by adding OHeraldo as a preferred source.

Army officials stated that the project aims to strengthen connectivity, amplify grassroots voices, and support development in isolated areas. The station was inaugurated in the presence of senior Trishakti Corps officers, civil administration representatives, and members of the local community.

Separately, Border Roads Organisation officials reviewed landslide damage in North Sikkim and directed teams to speed up restoration work to ensure road connectivity is restored quickly.",heraldgoa.in,https://www.heraldgoa.in/globe-nation/sikkim-sundari-indian-army-launches-sikkims-first-border-community-radio/471615/,"04/12/2026, 07:00 AM, +0000 UTC",Development & Infrastructure
Indian Army launches community radio station in Sikkim,"The Indian Army has launched 88.4 FM Radio Sikkim Sundari, the first Border Village Community Radio Station in East Sikkim, to enhance communication and information access in remote high-altitude border areas of the state.

The station, established in Sikkim, addresses challenges such as geographic isolation, harsh weather conditions, and limited mobile and internet connectivity, according to a press release. It aims to bridge the information gap by providing reliable and timely communication for citizens in this region.

ADVERTISEMENT

Stay connected Make The News Mill your preferred source See more TNM stories when you search for news on Google. Add TNM on Google

Radio Sikkim Sundari will broadcast local news, weather updates, and information on government schemes. It will also promote regional culture and address community issues, while offering local youth an opportunity to participate and develop communication skills, thereby fostering community engagement.

The inauguration was attended by senior officers of the Trishakti Corps, representatives of the civil administration, and members of the local community.

ADVERTISEMENT

The station’s programmes will focus on agriculture, education, and community development.

A senior military official commented that the initiative will help connect communities, amplify local voices, and support development in remote areas.

Separately, Additional Director General Border Roads (East), Jitendra Prasad, VSM, visited the landslide-affected area at Taramchu in North Sikkim, one of the most challenging terrains in the region. According to the Defence PRO, he personally assessed the ground situation and interacted with Border Roads Organisation (BRO) personnel deployed there.

ADVERTISEMENT

During the visit, he reviewed ongoing restoration efforts and issued instructions to expedite works to ensure early reopening of the route. He also carried out a detailed inspection of progress, emphasising the BRO’s commitment to restoring and strengthening connectivity in the area.

He stated that in such remote and sensitive regions, roads are vital not only as infrastructure but for survival, development, and maintaining crucial links between border communities and the rest of the nation.

The Defence PRO noted that the visit boosted personnel morale and reaffirmed the BRO’s ethos of leading from the front, highlighting its dedication to nation-building in demanding environments.",The News Mill,https://thenewsmill.com/2026/04/indian-army-launches-sikkims-first-border-village-community-radio-on-88-4-fm/,"04/12/2026, 07:00 AM, +0000 UTC",Development & Infrastructure
Bharti Airtel Expands Connectivity to 30 Indian Army Stations in Arunachal Pradesh Border Areas,"Leading telecom operator Bharti Airtel on Wednesday said it has set up infrastructure across 30 Indian Army stations in difficult terrain in Arunachal Pradesh to make available uninterrupted connectivity.

The Indian Army had joined hands with Airtel for last-mile connectivity in border and difficult-to-reach locations of the Himalayan state, the company said in a statement. “As part of the initiative, Airtel deployed network infrastructure across 30 Army stations located in challenging mountainous terrain,” it added.

The deployment significantly enhanced voice and data connectivity in areas where access has historically remained limited due to geographical and infrastructure constraints, Airtel said. “This achievement was made possible through strong collaboration between Airtel and the Indian Army.

Army extended extensive logistical support throughout the project, including assistance for fiber deployment and power infrastructure,” it added. The company further said that in several locations where road access was not possible, the Indian Army provided the necessary assistance and logistics support to move Airtel technical teams and telecommunication equipment deep into the mountains.",Pioneer Daily,https://dailypioneer.com/news/slug-lite/airtel-provides-mobile-connectivity-in-remote-army-locations-in-arunachal?year=2026,"06/18/2026, 07:00 AM, +0000 UTC",Development & Infrastructure
Assam: Army organised Red Horn Premier League in Tamulpur,"GUWAHATI- Red Horns Division of Indian Army organised a football tournament ‘Red Horns Premier League’ (RHPL) Football competition from 19 March 2022 to 26 March 2022 in the newly formed Tamulpur District of BTC. General Officer Commanding, Red Horns Division kick started the inaugural match between Tamulpur Girls FC and RBFC Dimakuchi at the football field of Diglipara Army Camp amidst an electrifying opening ceremony.

HINDI TUTION

Also Read- Army Distributes Learning Kits to underprivileged children at various tea gardens

The Red Horn Premier League (RHPL) is an initiative by Indian Army under operation Sadbhavana. This event in being organised with an aim to tap the unexplored potential of the youth in BTR and to spread goodwill and unity among the local populace. This event provides a platform to the youth of Assam in the Bodoland Territonal Region (BTR) and adjoining districts to pursue their passion for football and demonstrate their skill and talent.

It’s a unique tournament for both girls & boys wherein a total of 08 Girls Football teams and 16 boys football teams are participating in the event. The Winners & Runners Up teams for both categories will be awarded with prize money of Rs 1,00,000 and Rs 50,000 respectively in addition to the individual prizes for Best Player & Best Goal Keeper.",NorthEast India24,https://northeastindia24.com/assam-army-organised-red-horn-premier-league-in-tamulpur/,"03/23/2022, 07:00 AM, +0000 UTC",Society & Youth (Op Sadbhavana)
Indian Army Sets Up Fitness Centre in Arunachal’s Gelemo Under Operation Sadbhavana,"In a significant step towards strengthening nation-building efforts in remote border regions, the Indian Army has established a Community Fitness Centre & Gym at Gelemo village in Upper Subansiri District, Arunachal Pradesh, under Operation Sadbhavana (2025–26) as part of the Government of India’s Vibrant Village Programme.

The project has been undertaken under the aegis of the Subansiri Yodha Brigade, a formation of the Spear Corps, as part of the Indian Army’s continued outreach initiatives aimed at promoting development, empowering local youth and strengthening civil–military cooperation in border areas.

The newly established facility will provide villagers—particularly the youth—with access to modern fitness equipment and a dedicated space for physical training, recreation and community engagement.

The Community Fitness Centre is expected to play a vital role in fostering a culture of fitness, discipline and healthy living among the youth of Gelemo and nearby villages. By creating a positive and constructive environment for recreation and self-improvement, the initiative seeks to channel the energy of young people towards productive pursuits while nurturing qualities of confidence, resilience and self-reliance.

The inauguration witnessed enthusiastic participation from the local community, including village elders, women and children, reflecting the strong bond between the Indian Army and the people of the region.

Residents of Gelemo expressed heartfelt appreciation for the Army’s continued commitment to bringing meaningful development initiatives to remote border villages. The facility is expected to benefit a large number of youth and villagers across the surrounding areas.

Through Operation Sadbhavana, the Indian Army continues to play a pivotal role in enhancing the quality of life in remote regions by supporting initiatives in infrastructure development, sports promotion, education, healthcare and community welfare. These projects not only address local needs but also strengthen trust and partnership between the armed forces and border communities. The establishment of the Community Fitness Centre & Gym at Gelemo stands as another testament to the Indian Army’s “Nation First” ethos.",Pioneer Daily,https://dailypioneer.com/news/new-community-gym-opens-in-arunachal-under-operation-sadbhavana,"03/22/2026, 07:00 AM, +0000 UTC",Society & Youth (Op Sadbhavana)
Indian Army's operation 'Sadbhavana' initiative: 20 youth embark on 10-day National Unity Journey,"Under the Indian Army's Operation 'Sadbhavana,' a group of 20 young individuals from northern districts of Assam began a 10-day National Unity Journey on September 4. This journey commenced on September 3 in Dibrugarh and will conclude in Kolkata on September 13. The initiative is designed to raise awareness among youth about diverse cultures and encourage them to embrace best practices. Led by the Army, the National Unity Journey seeks to promote understanding, tolerance, and unity among the participants, fostering a sense of national integration and harmony while celebrating India's rich cultural tapestry. It serves as a valuable initiative to strengthen social cohesion.",The Times of India,https://timesofindia.indiatimes.com/videos/news/indian-armys-operation-sadbhavana-initiative-20-youth-embark-on-10-day-national-unity-journey/videoshow/103349210.cms,"09/04/2023, 07:00 AM, +0000 UTC",Society & Youth (Op Sadbhavana)
Assam Rifles conducts series of civic action programmes across Nagaland,"Assam Rifles carried out a series of civic action and community outreach programmes across Nagaland, reaffirming its role as both guardians of security and partners in socio-economic development. The initiatives ranged from skill development and healthcare to cultural activities and awareness programmes, reflecting the force’s commitment to community welfare and youth empowerment.

Bamboo Crafting Session with REACHA

In collaboration with REACHA, Assam Rifles organised a bamboo crafting session for students to promote traditional livelihoods and skill-based learning. The programme aimed to sensitise young people to bamboo as an eco-friendly, sustainable resource while reviving traditional craftsmanship among the younger generation. Trained artisans and resource persons demonstrated techniques such as design, cutting, shaping and finishing of bamboo products. Students were given hands-on exposure and encouraged to actively participate, helping them understand the practical utility and economic potential of bamboo-based skills. Assam Rifles personnel also interacted with the students, motivating them to explore skill-based learning alongside formal education. The initiative was well received, with participants expressing enthusiasm for the opportunity to learn a traditional craft in an engaging manner.

Medical Camp at Chümoukedima

Assam Rifles conducted a free medical camp at AK Industrial Village, Chümoukedima district, as part of its ongoing civic action efforts. The camp was attended by 183 villagers of all age groups. A team of medical officers and paramedical staff provided consultations, health check-ups and distributed essential medicines. Special attention was given to women, children and the elderly, addressing common ailments and promoting preventive healthcare. Health awareness sessions were also conducted, educating villagers on hygiene, nutrition, seasonal diseases and general wellness. The initiative was warmly appreciated by the community, who expressed gratitude for the timely medical support and compassionate outreach.

National Integration Tour from Mon to Kaziranga

In Mon district, Assam Rifles flagged off a National Integration Tour for students and teachers from Changlangshu village to Kaziranga National Park, Assam. The contingent comprised 14 students and three teachers. The tour was designed to foster national integration, promote exposure to the country’s cultural and natural heritage, and strengthen the bond between youth and the Armed Forces. As part of the programme, a weapon and equipment display was organised at Jorhat, giving participants first-hand knowledge of the Indian Army’s capabilities. The tour sought to broaden horizons, instil patriotism and encourage unity among young minds from remote areas.

Painting and Rangoli Competitions in Kiphire

To commemorate 150 years of Vande Mataram, Assam Rifles organised painting and rangoli competitions in Thongsonyu and Tukhinkiu villages, Kiphire district, on January 20. The painting competition was held on the theme “Pollution Free, Crime Free India,” while the rangoli competition took place at Kiphire. Over 30 children participated, expressing their creativity and patriotic spirit through vibrant artwork. Assam Rifles personnel interacted with the participants, encouraging them to embrace civic values, environmental stewardship and unity in nation building. A prize distribution ceremony was held to felicitate the winners with certificates and prizes.

Lecture on Women Empowerment at Mokokchung

At Mokokchung, Assam Rifles organised a lecture on women empowerment, which witnessed enthusiastic participation from local women. The lecture was delivered by Mrs. Milan, Secretary of Assam Rifles Ex-servicemen Association, Mokokchung. She spoke on self-confidence, education, skill development, financial independence, health and hygiene, legal awareness, personal safety and the crucial role of women in family and society. The interactive session provided a platform for women to share experiences and challenges, with queries addressed in detail. Participants expressed gratitude for the meaningful programme, which strengthened awareness and motivation to take informed decisions in their personal and professional lives.",Nagaland Post,https://nagalandpost.com/assam-rifles-conducts-series-of-civic-action-programmes-across-nagaland/,"01/21/2026, 08:00 AM, +0000 UTC",Society & Youth (Op Sadbhavana)
AR undertakes multiple civic action initiatives across Nagaland,"Assam Rifles carried out a series of civic action programmes across Nagaland, reflecting its commitment to community welfare, infrastructure development, and youth empowerment. The initiatives, undertaken under Op Sadbhavna, ranged from construction of vital infrastructure to humanitarian outreach and motivational programmes for local youth.

At Old Tesen village in Peren district, Assam Rifles under Spear Corps of the Indian Army handed over a newly constructed Community Hall to the residents. The project, executed under Op Sadbhavna, was aimed at strengthening rural infrastructure and improving the quality of life in remote areas. The hall is expected to serve as a vital space for village meetings, social gatherings, educational activities, and cultural programmes. Villagers expressed gratitude for the facility, which will be particularly useful during the rainy season when outdoor gatherings are difficult. The event witnessed the participation of 90 locals, who conveyed appreciation for the efforts of Assam Rifles in providing essential infrastructure.

In Zunheboto district, Assam Rifles extended humanitarian support to underprivileged children at Mt Chingkhu Hostel, Tsutoho village. Troops distributed food items and daily essentials including rice, pulses, cooking oil, hygiene products, and other necessities.

The outreach programme not only ensured basic needs were met but also created an opportunity for personnel to interact with the children, sharing moments of warmth and encouragement. The hostel management expressed gratitude for the timely assistance, noting that such initiatives reflect Assam Rifles’ ethos of compassion and responsibility towards the welfare of the community.

A motivational lecture on joining the Armed Forces was organised at Langnyok village on February 2.

The programme was attended by 18 villagers and seven Village Guards. The lecture highlighted career opportunities, entry schemes, eligibility criteria, and the values of discipline, integrity, and service.

Participants were briefed on the role of the Armed Forces in safeguarding sovereignty, maintaining peace, and assisting during calamities. The interactive session inspired local youth to consider the Armed Forces as a career of honour and national duty, while instilling patriotism and discipline.

Further, Assam Rifles inaugurated a Rain Water Harvesting Tank at Wakching Chingla village in Mon district under Op Sadbhavna 2025–26.

The project was undertaken following a request from the Village Council, keeping in view the persistent water scarcity faced by the villagers. Located in a remote hilly terrain, the village has limited access to reliable water sources, making the rain water harvesting system a sustainable solution. The facility is expected to significantly improve water availability, reduce dependence on distant sources, and enhance the overall quality of life. The project also promotes environmental sustainability through effective water conservation practices.",Nagaland Post,https://nagalandpost.com/ar-undertakes-multiple-civic-action-initiatives-across-nagaland/,"02/03/2026, 08:00 AM, +0000 UTC",Society & Youth (Op Sadbhavana)
Arunachal: Indian Army Holds Weapons Display at Aalo School,"AALO- The Spearhead Division of the Indian Army’s Spear Corps (III Corps) organised a weapons and equipment display at the Government Middle School in Aalo, West Siang district of Arunachal Pradesh, as part of its ongoing community outreach efforts under Operation Sadbhavana.

The event aimed to strengthen civil-military relations and inspire young students in a strategically significant border region. Students, teachers and local residents attended the programme, which provided an opportunity to interact directly with Army personnel and gain insight into the role of the armed forces.

Weapon instructors from the division demonstrated a range of military equipment, including small arms, communication systems and other essential gear used by the Indian Army in mountainous and difficult terrain. Students were allowed to closely observe the equipment while instructors explained their functions, safety mechanisms and operational importance in national defence.

Also Read- Arunachal Pineapple Festival at Bagra

According to officials, the interactive nature of the display was designed to familiarise students with the professionalism and technological capabilities of the Indian Army, while also fostering awareness about discipline and responsibility associated with military service. Such outreach programmes are regularly conducted by the Army in border and remote areas.

The primary objective of the initiative was to motivate students to consider careers in the armed forces by highlighting the values of discipline, service and commitment. In regions like Aalo, which hosts one of the oldest infantry brigades under the Spear Corps, these engagements are seen as contributing to youth empowerment and national integration.

Also Read- Padma Shri Historian Leads Heritage Tour in Tirap

The Spearhead Division has previously undertaken a range of community-oriented activities in Arunachal Pradesh, including coaching for Sainik School entrance examinations, eco-tourism exposure tours for students, infrastructure support in remote villages and humanitarian assistance during emergencies.

The programme concluded with Army personnel encouraging students to pursue education with dedication and maintain discipline. Several students expressed admiration for the soldiers and an increased interest in learning about the armed forces.

Officials said such initiatives continue to reinforce the long-standing bond between the Indian Army and the people of Arunachal Pradesh, particularly in border districts where community engagement plays a key role in strengthening trust and cooperation.",Arunachal24,https://arunachal24.in/arunachal-indian-army-holds-weapons-display-at-aalo-school/,"01/18/2026, 08:00 AM, +0000 UTC",Society & Youth (Op Sadbhavana)
Sikkim: Indian Army organises football match at an altitude of 12600 feet under Operation Sadbhavana,"As part of Operation Sadbhavana, Trishakti Corps, Indian Army organized an exhilarating friendly football match between the border villages of Gnathang and Kupup of East Sikkim along Indo- China Border situated at an altitude of 12600 Feet above MSL.

The event aimed at strengthening the bond between the military and the local populace while promoting a sense of nationalism, unity and camaraderie. The football match, held amidst the picturesque landscape of East Sikkim, showcased the army's commitment to fostering a nationalistic fervour, goodwill and cooperation in the border areas.

The match drew enthusiastic participation from the local youth, creating an atmosphere of excitement, oneness and mutual respect. Spectators from the villages cheered their teams, highlighting the shared spirit of sportsmanship that prevailed throughout the match.

Local residents expressed their appreciation for the efforts of the Indian Army in organizing such events that go beyond security measures. These initiatives contribute significantly to building trust and fostering nationalistic sentiments & positive relationships between the military and civilians in the remote areas along the Indo-China Border.

Operation Sadbhavana, with its focus on community development, has been pivotal in creating a positive impact on the lives of residents in the border villages.



The match concluded with prize distribution ceremony, recognizing players for their skills, spirit, fitness and dedication to the game. The Indian Army reaffirmed its commitment to continuing such community-driven activities in the future, promoting harmony and solidarity in the border villages of Sikkim.",India Today NE,https://www.indiatodayne.in/sikkim/story/sikkim-indian-army-organises-football-match-at-an-altitude-of-12600-feet-under-operation-sadbhavana-919788-2024-03-04,"03/04/2024, 08:00 AM, +0000 UTC",Society & Youth (Op Sadbhavana)
Indian Army’s 'Operation Sadbhavana' delivers lifesaving yak care to Tsomgo’s remote herders,"The Indian Army's Trishakti Corps conducted a veterinary camp at Tsomgo, a high-altitude region where yaks are indispensable to the livelihood and survival of the local communities. Organized under Operation Sadbhavana, the camp was aimed at delivering much-needed medical care to livestock in this geographically isolated area.

Yaks form the backbone of Tsomgo's economy, serving not only as a source of income but also playing a crucial role in transportation and daily survival amid harsh mountain conditions. However, the remoteness of the region has long deprived herders of access to veterinary services, leaving common animal ailments untreated and threatening both animal and human well-being.

To bridge this gap, the Trishakti Corps facilitated the visit of a specialized team of civil veterinary doctors to Tsomgo. These experts carried out comprehensive health check-ups and administered treatment for ailments frequently seen in yaks, including skin infections, leg sores, eye complications, and fevers. In addition to addressing existing conditions, preventive medications and essential supplies were distributed to help mitigate recurring health issues.

Recognizing the need for sustainable impact, the camp also featured awareness sessions for yak owners. Herders were educated on best practices related to feeding, hygiene, and animal handling, with the aim of improving livestock welfare over the long term. Special nutrients and calf feed were provided to ensure that young yaks receive proper nourishment during critical growth phases.

The successful execution of the camp underscored seamless coordination between the Indian Army and civil authorities. While the Army managed the challenging logistics of operating in difficult terrain, the veterinary professionals ensured that high-quality, specialized care reached those in need. This joint effort not only met the immediate medical requirements but also strengthened community ties, reinforcing the Army’s role as a partner in local development.

Tsomgo’s isolated setting often limits access to essential services, making such initiatives critical. Beyond delivering medical aid, the camp sent a broader message of solidarity from the Indian Army, reaffirming its commitment to addressing the real challenges faced by border communities.",India Today NE,https://www.indiatodayne.in/sikkim/story/indian-armys-operation-sadbhavana-delivers-lifesaving-yak-care-to-tsomgos-remote-herders-1209150-2025-05-05,"05/05/2025, 07:00 AM, +0000 UTC",Society & Youth (Op Sadbhavana)
Sikkim: National Integration Tour Flagged Off From Libing Helipad In Gangtok,"NET Web Desk

The National Integration Tour (NIT), organised by HQ 17 Mountain Division of the Indian Army, was officially flagged off on Saturday at Libing Helipad, Gangtok. The ceremony was led by the Major General and General Officer Commanding (GOC) of the Black Cat Division, Gangtok.

The NIT is an initiative under the Indian Army’s ‘Operation Sadbhavana,’ aimed at promoting the holistic development of youth from border and remote areas by providing them exposure to places of historical, cultural, and technological significance.

Scheduled from August 10 to 17, 2025, the tour includes 20 engineering students—12 female and 8 male—from underdeveloped regions of Sikkim, accompanied by teachers and army personnel. The itinerary covers Hyderabad, Bengaluru, and Mysuru, where participants will visit premier educational institutions, prominent scientific and technological centers such as ISRO and Infosys, and film city. They will also interact with industry leaders and technology startups.

In addition to technological exposure, the students will visit cultural and historical sites and meet the Governor of Telangana. The tour will conclude with a flagging-off ceremony at Raj Bhawan by the Governor of Sikkim in the near future.

The objective of the tour is to expand the horizons of young minds who face geographical and socio-economic limitations, and to introduce them to the concept of ‘VIKSHIT BHARAT’ through technological integration and cultural unity.

During the flag-off event, the Major General addressed the students, highlighting the importance of unity in diversity, mutual respect, excellence, and patriotism. Female students tied rakhis to army personnel, wishing for their safety and longevity. The students also received gifts from the 17 Mountain Division Black Cats, presented by distinguished guests during the programme.",Northeast Today,https://northeasttoday.in/northeast/sikkim-national-integration-tour-flagged-off-from-libing-helipad-in-gangtok/,"08/09/2025, 07:00 AM, +0000 UTC",Society & Youth (Op Sadbhavana)
TRISHAKTI CORPS ORGANISES FOOTBALL MATCH IN EAST SIKKIM,"TRISHAKTI CORPS ORGANISES FOOTBALL MATCH AT AN ALTITUDE OF 12600 FEET IN THE BORDER VILLAGE OF EAST SIKKIM ON THE INDO-CHINA BORDER UNDER OPERATION SADBHAVANA

As part of Operation Sadbhavana, Trishakti Corps, Indian Army organized an exhilarating friendly football match between the border villages of Gnathang and Kupup of East Sikkim along Indo- China Border situated at an altitude of 12600 Feet above MSL. The event aimed at strengthening the bond between the military and the local populace while promoting a sense of nationalism, unity, and camaraderie. The football match, held amidst the picturesque landscape of East Sikkim, showcased the army’s commitment to fostering a nationalistic fervour, goodwill, and cooperation in the border areas. The match drew enthusiastic participation from the local youth, creating an atmosphere of excitement, oneness, and mutual respect. Spectators from the villages cheered their teams, highlighting the shared spirit of sportsmanship that prevailed throughout the match. Local residents expressed their appreciation for the efforts of the Indian Army in organizing such events that go beyond security measures. These initiatives contribute significantly to building trust and fostering nationalistic sentiments & positive relationships between the military and civilians in the remote areas along the Indo-China Border.

Operation Sadbhavana, with its focus on community development, has been pivotal in creating a positive impact on the lives of residents in the border villages. The match concluded with a prize distribution ceremony, recognizing players for their skills, spirit, fitness, and dedication to the game. The Indian Army reaffirmed its commitment to continuing such community-driven activities in the future, promoting harmony and solidarity in the border villages of Sikkim.",IBG News,https://ibgnews.com/2024/03/06/trishakti-corps-organises-football-match-in-east-sikkim/,"03/06/2024, 08:00 AM, +0000 UTC",Sports & Achievements
"Army chief visits Manipur, reviews security & meets guv","1

2





Guwahati: Chief of Army Staff General Upendra Dwivedi on Wednesday undertook a day-long visit to Manipur amid continuing unrest in the state to assess the prevailing security situation and review the operational preparedness of the Indian Army and Assam Rifles formations deployed there.Manipur has witnessed ethnic violence since May 2023, primarily between Meitei and Kuki communities, resulting in over 200 deaths and displacement of thousands. While the situation has seen phases of relative calm, sporadic incidents continue to affect public confidence and security. The state is currently under President's rule.A defence spokesperson said during his visit, General Dwivedi was briefed on the ground situation and ongoing initiatives aimed at ensuring peace and security.""The general also reviewed the operational preparedness of troops and lauded their high standards of professionalism, resilience, and dedication under challenging circumstances,"" the spokesperson said.General Dwivedi later called on governor Ajay Kumar Bhalla and discussed matters pertaining to security and development.""The meeting highlighted the collaborative efforts between the civil administration and armed forces in fostering peace and progress in the region,"" the spokesperson said.The Chief of Army Staff later witnessed the inaugural match of Group F of the 134th edition of the Durand Cup at Khuman Lampak Stadium at Imphal, marking the tournament's return to the state after two years.The ceremony preceding the match featured a vibrant cultural programme and military displays, showcasing Manipur's rich heritage and the pride of the armed forces.General Dwivedi interacted with players and officials of the local favourites NEROCA FC and TRAU FC before the match.The evening also featured aerial and ground displays by Army aviation, band displays, and traditional performances, reflecting a celebration of youth, sports and unity.""The visit of General Dwivedi, accompanied by GOC-in-C, Eastern Command and GOC, Spear Corps, affirmed the enduring role of the Indian Army in fostering peace, encouraging youth engagement through sports, and supporting military-civil synergy for holistic development in Manipur,"" the spokesperson said.",timesofindia.indiatimes.com,https://timesofindia.indiatimes.com/city/guwahati/army-chief-visits-manipur-reviews-security-meets-guv/articleshow/123003463.cms,"07/31/2025, 07:00 AM, +0000 UTC",Sports & Achievements
Sikkim: Indian Army launches football tournament as part of 'Operation Sadbhavna',"In a bid to promote youth development, the Indian Army's Black Cat Division, led by Brigadier Kunal Mukherjee launched the much-anticipated 17-football competition under the banner of Operation Sadbhavna in Sikkim.

Brigadier Mukherjee, articulating the essence of the initiative stated, ""This initiative is not a one-time event but a continuous process. The Indian Army is here for the long run, collaborating with the community for sustained progress.""

The competition, spanning 12 days, will witness the participation of seven teams vying for victory and the prestigious trophy. Speaking to reporters, Brigadier Mukherjee highlighted the primary focus on motivating students to excel in sports envisioning them as future athletes representing Sikkim in various national-level competitions.



Also Read: Sikkim: Do not fall for SKM's money politics, warns Pawan Chamling

Under the coordination of the Black Cat Division, the artillery regiment under 341 Field Regiment is spearheading the organization of the tournament. Brigadier Mukherjee expressed optimism that the event would serve as a catalyst encouraging parents to actively involve their children in sports recognizing its pivotal role in holistic development.

Looking ahead, Brigadier Mukherjee announced a slew of forthcoming projects aimed at enhancing infrastructure and community welfare across Sikkim. Scheduled inaugurations include two water management projects and a community development hall in the vicinity of Changu, with additional endeavours planned for the Forward Villages in March.",India Today NE,https://www.indiatodayne.in/sikkim/video/sikkim-indian-army-launches-football-tournament-as-part-of-operation-sadbhavna-888343-2024-02-16,"02/16/2024, 08:00 AM, +0000 UTC",Sports & Achievements
"53 injured soldiers, one new mission: Inside an ambitious Army programme","AT 19, Hokato Sema had to learn to walk again. Three days before he was to join his dream assignment, the Para Special Forces, the elite special operations unit of the Indian Army, Sema was injured in a land mine blast in Jammu and Kashmir while on a patrol with his original unit, 9 Assam Rifles. He spent the immediate months after the incident lying down on a hospital bed, his left leg amputated below the knee.

“All that I had imagined as my future had changed overnight. Ambition khatam. Chalega kaise? Kya future (Forget ambition, you think about how you’ll walk, what the future holds)?” he says. “I was young and heartbroken. I kept thinking, would I ever walk again?”

Advertisement

These days, the 42-year-old Sema, who has a prosthetic limb, is doing a lot more than walking. His career has taken flight: at the 2024 Paralympic Games in Paris, Sema returned with a bronze medal in the men’s F57 shot put event. With a long list of medals to his name, Sema is one of the star athletes of the Army Paralympic Node (APN), a centre of excellence that handpicks Armymen with permanent, life-altering injuries and provides them with specialised training in sport.

With a long list of medals to his name, Hakato Sema is one of the star athletes of the Army Paralympic Node (Express photo by Arul Horizon) With a long list of medals to his name, Hakato Sema is one of the star athletes of the Army Paralympic Node (Express photo by Arul Horizon)

Sema’s colleagues at the Node are equally distinguished: at last month’s Commonwealth Games in Glasgow, Soman Rana won gold while Shubham Juyal claimed silver in men’s F57 shot put — the same category that Sema competes in.

Set up in 2017, the Node’s role and contribution in helping soldiers do what they are instinctively built for — putting up a fight when life throws them at the deep end — was recognised when it was named for the 2025 Rashtriya Khel Protsahan Puraskar, which will be handed over by President Droupadi Murmu. Since the award was instituted by the Government of India in 2009, several major corporations, sports boards, and NGOs have received the honour.

Advertisement

⠀

“The goal of the Army Paralympic Node is to give people with amputations or severe injuries a ray of hope. We help them accept whatever has happened and then give them a direction for the rest of their life,” says Lieutenant Colonel Daljit Singh, who is the Officer in Charge of the centre.

Life at the Node

If it takes a village to raise a child, it takes an entire ecosystem to build a high-performance athlete.

Since the Node can only select athletes from a small pool of Army personnel who have suffered body-altering injuries, much of the talent scouting happens at two institutions in Pune — the Army’s Artificial Limb Centre (ALC) and the Spinal Cord Injury Centre (SCIC) that’s based in Military Hospital Kirkee.

The Node was the brainchild of Colonel (Retd) Gaurav Dutta, whose left leg had to be amputated after he stepped on a mine in 2001. As he started competing in triathlons with an artificial limb, Dutta realised the potential of sport in shaping the lives of Armymen who suffered from life-changing injuries. Dutta became the Node’s first Officer in Charge when it came up in 2017.

⠀

While the Node is headquartered in Pune, the 53 Paralympic athletes it trains are currently spread across four cities: track-and-field athletes, archers, swimmers, triathletes, rowers and sports climbers train in various facilities in Pune, shooters at the Army Marksmanship Unit in Mhow, taekwondo athletes are based in Bengaluru and the canoeists and kayakers train in Bhopal. The funding, training and technical aspects of athletes are looked after by the Mission Olympic Wing of the Army, and the administrative aspects are taken care of by the Bombay Engineers Group and Centre Kirkee.

Every week, coaches from the Node and Officer In Charge Daljit Singh visit the two centres, the Artificial Limb Centre and the Spinal Cord Injury Centre, with an eye out for athletes they can potentially recruit. But much before they can train the soldiers into world beaters, or even decide who to pick as they scout for talent, the team has to listen to young men grappling with the physical and mental trauma of losing a limb.

Solairaj Dharmaraj, who competes in the long jump T64 event, won a gold at the Para Asian Games in 2023 (Express photo by Arul Horizon) Solairaj Dharmaraj, who competes in the long jump T64 event, won a gold at the Para Asian Games in 2023 (Express photo by Arul Horizon)

“Hum sapne dikhate hain (We show them dreams),” says Subedar Harendra Yadav, who works as a swimming and triathlon coach at the Node. What he means is that he and the others teach young men, many of them teetering on the edge after a devastating blow, to dream on.

“People who have congenital issues from birth are already used to it by the time they are adults. But for these athletes, it’s a shock. Life changes in the blink of an eye,” says Subedar Anuj Kumar, who is an archery coach at the centre.

Training athletes once they get here is the easiest part of their job, says Subedar S K Mortaja, who is a sprints coach. “The biggest fight is convincing athletes to come to the Node for the first time. Motivating someone whose life has just changed overnight is the challenging part,” he says.

It helps, though, that they are dealing with soldiers. “Fauji aadmi mentally strong hote hain (Soldiers are mentally strong). Once they are at the Node, they can do anything they set out to do.”

The Node’s track-and-field athletes, archers, swimmers, triathletes, rowers and sports climbers train in various facilities in Pune (Express photo by Arul Horizon) The Node’s track-and-field athletes, archers, swimmers, triathletes, rowers and sports climbers train in various facilities in Pune (Express photo by Arul Horizon)

Node coaches usually pick potential athletes and sportspersons based on their body structure — those with a more muscular build are, for instance, chosen for sprint events. Those handpicked to compete are also given peer-to-peer counselling, where someone already training at the Node speaks to a soldier who has just had an amputation.

There have been times when the coaches have had to spend several months talking to a potential candidate before he can join the Node. They even reach out to families and commanding officers of the injured Armyman to build their case.

Ajay Kumar, a blade runner who competes in the 400m T64 running event, needed a lot of cajoling to join the Node. Part of the elite Ghatak Platoon in the

12 Dogra Regiment, Ajay lost a limb in a mine blast in Uri in 2017.

⠀

His initial days of walking with a prosthetic limb were so painful that “everything from my leg to my brain would hurt”. Running was the last thing on his mind, and he rebuffed attempts by the Node coaches to enrol him. Eventually, he gave in. Today, he’s a silver medallist at the Para Asian Games in 2023.

Days at the Node are geared towards one singular purpose: win medals for the country. Athletes train twice a day and have regular gym sessions.

“We do training in the morning from 7 to 9.30 am, then again in the evening from 4 to 7 pm,” says Sub Major Rakesh Rawat of the 15 Jat Regiment, a sitting throws coach at the Node.

Rawat explains the impact these hard yards in training can have.

“Shubham Juyal joined us at the Node three years ago. He had never lifted weights. No weight training ever. We taught him the technique behind holding the weightlifting bar. Last month, he won a Commonwealth Games silver medal at Glasgow in shot put,” says Rawat.

‘Dream of flying’

On a wall-mounted board inside the Army’s Artificial Limb Centre in Pune hang a curious mix of implements. On one side of the wall are an axe and a steel sickle, its teeth glistening in the light. Next to them are everyday items, a few forks and spoons. Completing the set of about 50 items hanging from the wall are Captain Hook-style metallic hooks. These are various activity-specific attachments that the centre has for people who have lost a hand.

A few metres away from this wall of assorted metal instruments is a gas stove, a mixer-grinder and a refrigerator. In an adjoining room is another wooden board hanging from the wall — called the Daily Living Training Board — with various door fittings, latches and electric switches next to faucets. A dressing table with a mirror, with combs on the dresser, too, finds a place in this room.

Swimmer Kapil Kumar competes in the 100m, 200m and 400m freestyle events (Express photo by Arul Horizon) Swimmer Kapil Kumar competes in the 100m, 200m and 400m freestyle events (Express photo by Arul Horizon)

It’s a space where Armymen injured in combat are taught to start from the beginning, relearning the mechanics of everyday life — turning a doorknob, opening a refrigerator and picking up a bottle of water.

Outside these rooms is a bigger gym-like space for athletes with prosthetic lower limbs, with walkways with bars on either side to hold on to, a machine that calculates the force each foot exerts on the ground while walking, another with steps on one side and a slope on the other for athletes to learn how to climb stairs and walk down slopes.

With a 500-strong team that includes psychologists, family counsellors, physiotherapists, limb makers and surgeons, the scope of the Artificial Limb Centre is much wider than its name suggests. The centre also refits those who walk in through its doors with, as the shot put athlete Sema put it, “hausla aur himmat (morale and courage)” .

Helping an injured soldier get into a prosthesis and then helping them walk, and even compete, is one of the ways of ensuring that dark thoughts do not take hold.

At the Artificial Limb Centre, Pune, injured soldiers relearn the mechanics of everyday life (Express photo by Arul Horizon) At the Artificial Limb Centre, Pune, injured soldiers relearn the mechanics of everyday life (Express photo by Arul Horizon)

“We give people who come here a way to a productive and functional life. In some cases, we get them into either recreational or competitive sports. At the Artificial Limb Centre, we have our in-house operation theatre, where we do amputations, and also help with early mobilisation. Usually, people wait for six months but we are able to get patients back on their feet within a week of the amputation,” says Brigadier CN Satish, Commandant at the Centre.

The centre has also pioneered prostheses such as the Phoenix Foot (a prosthetic that provides natural ankle movements with shock-absorption capability) and the Rowing Foot (a foot that offers rowers a range of movement). The Rowing Foot was developed specifically for rowers such as K Narayana, who competed at the Paris Paralympics in 2024 and won a silver medal at the Asian Para Games in 2023.

The Artificial Limb Centre has pioneered prostheses such as the Phoenix Foot and the Rowing Foot (Express photo by Arul Horizon) The Artificial Limb Centre has pioneered prostheses such as the Phoenix Foot and the Rowing Foot (Express photo by Arul Horizon)

“About 80 per cent of our work here is with regular amputees, who don’t compete in elite sport. We first make them pain-free, then make a leg or an arm for them, make them walk, then do advanced activities. We try to push them into some trials here and whoever is a potential candidate for para sport, we send them to the Paralympic Node,” says Colonel GP Reddy, a surgeon at the Artificial Limb Centre. “The athletes we send to the Node are our pride. It’s the institute’s pride that we are able to put them on an international platform and help them win the country medals.”

The unofficial motto for anyone coming there, as Reddy puts it, is, “Chalna nahi hai, daudna hai. Aur udne ka target rakho (The aim is not just to walk, but to run. And dream of flying).”

‘It’s all written in your stars’

On a Thursday morning at the Army Sports Institute in Pune, athletes of the Node are training hard, chasing that ambition — to fly. Fittingly, their two training sessions a day are punctuated by the sound of airplanes taking off from an airstrip nearby.

Some of the athletes are on the running track, their blades making rhythmic clicks on the track as they chase a time on the clock. Others are in an adjoining gym, chasing personal bests with heavy weights.

With the Paris Paralympics and the Commonwealth Games behind them, the Node has a new target in sight: the Para Asian Games in September. (Express photo by Arul Horizon) With the Paris Paralympics and the Commonwealth Games behind them, the Node has a new target in sight: the Para Asian Games in September. (Express photo by Arul Horizon)

With the Paris Paralympics and the Commonwealth Games behind them, they have a new target in sight: the Para Asian Games in September, where at least 10 athletes from the Node will compete for medals.

Close to the ASI campus, at Training Battalion 2 of the Bombay Sappers, throwers Sema and Rana are sweating away.

Sema was a ‘Sipahi’ when the blast happened. Today, he’s a Subedar in the Army, with an Arjuna Award and an Ati Vishisht Seva Medal to his name.

“Likhke rakha hota hai kundali (It’s all written in your stars). If the blast had not happened, I would not have competed in elite sport, all these accolades would not have come to me and I would not have made India proud in so many competitions. Life main sab kuch mila hai (I have got everything in life),” he smiles.",The Indian Express,https://indianexpress.com/article/long-reads/the-courage-run-inside-the-armys-paralympic-node-10849559/,"08/26/2026, 07:00 AM, +0000 UTC",Sports & Achievements
"Manipur CM, Indian Army discuss preparations for Durand Cup","Yumnam Khemchand Singh, Subhankar Basu, and others during the meeting at the Chief Minister's Secretariat in Imphal on Thursday.





IMPHAL — Chief Minister of Manipur Yumnam Khemchand Singh held a discussion with the General Officer Commanding (GOC) 57 Mountain Division, Major General Subhankar Basu, and his team regarding the preparatory framework for hosting the Durand Cup at the Chief Minister's Secretariat in Imphal on Thursday.





Sharing photographs of the deliberation on X, Singh wrote, “We held detailed deliberations on the preparatory framework for hosting the Durand Cup 2026 in Imphal. Our discussions focused on institutional coordination, logistical preparedness, and the requisite modalities to ensure the seamless and successful organisation of the tournament.





Also read: Nagaland athletes secure medals at Khelo India Tribal Games 2026 in Chhattisgarh





“As Asia’s oldest football competition, featuring premier teams from the Indian Super League, I-League, and the Armed Forces, the Durand Cup carries immense sporting prestige. With large spectator participation anticipated, the State Government remains fully committed to delivering a secure, well-organised, and world-class sporting event, further reinforcing Manipur’s standing as a leading hub of football excellence.”





The Durand Cup returned to Manipur after a two-year gap for its 134th edition (Group F match) at the Khuman Lampak Main Stadium in Imphal in July last year.





The state had previously hosted 10 group games of the 131st edition of the Durand Cup for the first time, along with Assam, in Imphal from August 18 to September 5, 2022.





The tournament is organised by the Indian Army in collaboration with the Government of Manipur.",Eastern Mirror Nagaland,https://www.easternmirrornagaland.com/manipur-cm-indian-army-discuss-preparations-for-durand-cup,"04/02/2026, 07:00 AM, +0000 UTC",Sports & Achievements
"Maj (Dr) Jyotin, AC (P) Memorial Football Tournament 2026 kicks off in Bishnupur","Maj (Dr) Jyotin, AC (P) Memorial Football Tournament 2026 kicks off in Bishnupur

|

By Our Staff ReporterImphal, Feb 25 : Maj (Dr) Jyotin Singh, Ashok Chakra (P) Memorial Football Tournament 2026 commenced today at DSA Ground, Bishnupur, Manipur, under the aegis of the Indian Army and with the support of the All Manipur Football Association.As many as 16 teams are taking part in the tournament organised in honour of Maj (Dr) Jyotin Singh, Ashok Chakra (P), who made his supreme sacrifice in a terror attack in Kabul.His exemplary courage, unwavering dedication and selfless service to the Nation continue to inspire generations, said a statement issued by PIB Defence Wing.The ceremonial inauguration was conducted in the presence of civil and military dignitaries, local representatives and enthusiastic members of the sporting fraternity. The event was attended by approximately 600 spectators and invitees, it said.Through this memorial tournament, the Indian Army reaffirms its commitment to honouring national heroes, strengthening civil–military relations and contributing towards a peaceful, progressive and inclusive environment in Manipur, it added.The opening match between Loktak FC and Sangai FC set an energetic tone for the tournament.In a closely contested and exciting encounter, Loktak FC emerged victorious with a 2–1 win, displaying remarkable teamwork and determination.L Athang Kom (20’) and S Sital (35’) were on target for Loktak FC as Md Arish Khan scored the lone goal for Angtha FC in the 31st minute.In the second match, Sainik FC knocked out NCYWO 6-5 on penalties after a 2-2 regulation time draw. Sainik FC enjoyed a 2-1 first half lead as Ch Shinivash (3’) and N Abijit (19’) found the target and Hermon (38’) found one for NCYWO. NCYWO however drew level in the 52nd minute through Keneth to stretch the match to a penalty shoot-out wherein Sainik FC emerged 6-5 winners.In the third match, Taj Khan scored an early 4th minute goal to earn ESU a 1-0 win over FC Kumbi.",thesangaiexpress.com,https://www.thesangaiexpress.com/Encyc/2026/2/26/by-our-staff-reporter-imphal-feb-25-maj-dr-jyotin-singh-ashok-chakra-p-memorial-football-tournament-2026-comme.html,"02/26/2026, 08:00 AM, +0000 UTC",Sports & Achievements
"Manipur: Rajnath Singh interacts with Indian Army, Assam Rifles","Imphal, Aug 19: Union Defence minister Rajnath Singh today interacted with personnel of 57th Mountain Division and Assam Rifles (South) at the Assam Rifles Mantripukhri premises near Imphal.

Defence minister was accompanied by Chief of the Army Staff General Manoj Pande, GOC-in-C Eastern Command Lieutenant General RP Kalita, GOC Spear Corps Lieutenant General RC Tiwari along with Chief of Staff (Eastern Command) Lieutenant General KK Repswal besides Major Generals Naveen Sachdeva (57th Mountain Division) and Rajan Sarawat (IG Assam Rifles-South) led senior officers of Army and Assam Rifles.

Later addressing the Army and Assam Rifles personnel, the visiting Defence minister appreciated the officers and personnel for performing their duty with courage and conviction despite facing the challenges.

In his 10 minute address in Hindi, the Defence minister said it is a matter of great pride to stand amongst the Indian Army and Assam Rifles personnel.

He added that unless the borders are safe, the nation cannot achieve absolute potential. The major contribution is made by you, he said.

Stating that people in different professions are serving the country at their capacities, he also felt that the service you are doing is more than profession and more service.

Lauding the contribution of 57th Mountain Division as part of the then peace keeping force in Sri Lanka or in its present role and commending role of Assam Rifles in securing Indo-Myanmar border and key role in bringing Northeast into the mainstream, he said. Because of it, Assam Rifles are called Friends of the Northeast People and Sentinels of Northeast.

Nearly 1,000 personnel of 57th Mountain Division and Assam Rifles took part in the day's interaction with the Defence Minister.

Later, Defence minister Rajnath Singh along with Chief of the Army Staff General Manoj Pande and IG Assam Rifles (South) Major General Rajan Sarawat visited the state Chief Minister N Biren Singh's residence at Luwangsangbam for breakfast before he departed for the national capital.

Sharing a few photographs of the breakfast in a tweet on Friday, Biren Singh wrote, ""It was an absolute pleasure to have Hon'ble Defence Minister Shri @rajnathsingh Ji at my residence today and sought his guidance on various important matters of the state.Immensely grateful for his continuous support all throughout.""

The Defence minister accompanied by Chief of the Army Staff General was here since Thursday, after attending the formal opening ceremony of the Manipur edition of the 131st Durand Cup, Asia's oldest football tournament organised by the Indian Army at the Khuman Lampak Main stadium in Imphal.

It may be noted that altogether 20 teams, including defending champions FC Goa and runners up from last year, Mohammedan Sporting, 11 teams from the Indian Super League, four Services teams, NEROA FC, TRAU FC, SUDEVA FC of Delhi and Rajasthan United FC will play in this edition of the Durand cup.",The Assam Tribune,https://assamtribune.com/north-east/manipur-rajnath-singh-interacts-with-personnel-of-indian-army-assam-rifles-1434399,"08/19/2022, 07:00 AM, +0000 UTC",Sports & Achievements
Indian Army conducts volleyball tournament,"TAKSING, 4 Jun: The Spearhead Division of the Indian Army’s Spear Corps conducted a ‘Vibrant volleyball tournament’ here in Upper Subansiri district on Wednesday, bringing together local youths, villagers and Indian Army personnel in a spirited celebration of sportsmanship, cultural harmony, and community participation.

As part of Operation Sadbhavna, the Indian Army repaired and upgraded the volleyball court ahead of the tournament, creating an improved sporting facility for local youths and promoting greater participation in sports at the grassroots level.

The tournament witnessed enthusiastic participation of both men’s and women’s teams, with six men’s teams and four women’s teams competing in a series of exciting matches. Throughout the competition, players displayed exceptional teamwork, determination and sportsmanship, making the event a true celebration of sporting excellence and community spirit.

The tournament generated tremendous enthusiasm among the local population, with large numbers of residents gathering to support their teams. The atmosphere remained vibrant throughout the event, marked by energetic cheering and wholehearted community participation. “Even during the final matches, when rain interrupted play, the determination of the players and the enthusiasm of the spectators remained undiminished, reflecting the resilience, unity, and indomitable spirit of the people of Taksing,” the Army stated in a release.

Adding colour and cultural vibrancy to the occasion, Indian Army personnel and local artists presented captivating performances based on the theme ‘West Meets East’. The cultural programme showcased the rich traditions and heritage of the region while promoting cultural exchange, mutual understanding and stronger bonds between the Indian Army and the local community.

The tournament culminated with a prize distribution ceremony, during which the winning teams and outstanding performers were felicitated for their achievements.

“Beyond the competition, the event served as a meaningful platform for fostering unity, social cohesion, cultural preservation and constructive engagement among the youths and the local populace,” the release said.",The Arunachal Times,https://arunachaltimes.in/article/indian-army-conducts-volleyball-tournament,"06/05/2026, 07:00 AM, +0000 UTC",Sports & Achievements
Roles of Indian Army and Assam Rifles in tackling insurgency in Tripura lauded,"Silchar: Tripura, a State that has recently emerged out of more than two decades of insurgency, is fast gaining importance on the strategic index of the North. Over the years, the State has witnessed combined effect of the efforts of Assam Rifles and Indian Army in the restoration of peace and normalcy during the bloody years of insurgency as also subsequently to create an environment conducive for the peace to prosper. The wide array of civic action programs conducted jointly by army and Assam Rifles have assisted the State government as well as local administration in enhancing their outreach to the remotest corners of the State. During flood relief operations of 2018, the Armed Forces present in Tripura worked relentlessly to save more than 1200 precious lives and assisted in the distribution of relief materials.","The Sentinel - of this Land, for its People",https://www.sentinelassam.com/cachar-news/roles-of-indian-army-and-assam-rifles-in-tackling-insurgency-in-tripura-lauded,"05/23/2019, 07:00 AM, +0000 UTC",Sports & Achievements
