Title,Original Text,Source,URL,Date,Category
"Manipur: Two UKNA cadres killed, Two injured in Joint Indian Army, Assam Rifles Operation","In Manipur, two cadres of outlaw armed group United Kuki National Army (UKNA) were killed and two others injured in an operation jointly conducted by Indian Army and Assam Rifles team in the jungle area of Churachandpur district.

A joint team of Indian Army and Assam Rifles team launched a counter insurgency operation in the jungle area near Phaibong Village of Henglep Sub-Division in Churachandpur district, IG Assam Rifles (South) said in a statement.

The operation was based on specific intelligence regarding the presence of a United Kuki National Army (UKNA) camp where cadres were equipped with automatic weapons. It further said that on September 2, security forces came under fire and engaged the cadres who fled into dense vegetation.

The operation reportedly neutralized two UKNA cadres and injured two others. Security forces recovered two MA rifles, on AK-56, one 40 mm Lathode gun, ammunition, magazines and other military stores and further search operations are continuing in the surrounding jungle to apprehend the fleeing cadres, it added.",News On AIR,https://newsonair.gov.in/manipur-two-ukna-cadres-killed-two-injured-in-joint-indian-army-assam-rifles-operation/,"09/05/2026, 07:00 AM, +0000 UTC",Security & Strategic Affairs
"Manipur: 2 militants killed, 2 injured in joint operations by Army-Assam Rifles","Two UKNA militants were killed and two others injured in a gunfight with a joint team of the Indian Army and Assam Rifles in Manipur's Churachandpur district, officials said.

Acting on intelligence inputs, the security forces launched an operation at Phaibong village in the Henglep subdivision on the night of August 29, they said.

The forces established surveillance over a UKNA camp and commenced tactical closing-in at 5 am on September 2, they said.

The UKNA cadres opened ""indiscriminate firing"" around 5.30 a.m., prompting the troops to retaliate with controlled fire, they added.

""Intel confirms 2 UKNA cadres neutralised and 2 injured,"" the Assam Rifles said in a social media post on Saturday (September 5, 2026) night.

The United Kuki National Army (UKNA) is not a signatory to the Suspension of Operations (SoO) pact signed between the Centre, Manipur government and several Kuki and Zomi armed outfits.

The Assam Rifles said a subsequent search of the camp led to the recovery of two MA rifles, one AK-56 rifle, one lathode gun, seven lathod grenades, 15 AK magazines, 371 AK-56 rounds, 601 MA rifle rounds, 172 SLR rounds, 15 combat uniforms and seven ammunition pouches.

The operation is continuing in the surrounding jungles, it said.",The Hindu,https://www.thehindu.com/news/national/manipur/manipur-militants-killed-injured-in-joint-ops-by-army-assam-rifles/article71434782.ece,"09/06/2026, 07:00 AM, +0000 UTC",Security & Strategic Affairs
Indian Army Chief Reviews Manipur Security Framework and Regional Nation Building Efforts During Imphal Visit,"Army Chief General Dhiraj Seth on Tuesday reviewed the prevailing security situation in Manipur and the extensive nation-building initiatives being undertaken by the Army formations and the Assam Rifles to promote peace, stability and development across the state and the wider Northeastern region.General Seth, who is on an official visit to the Spear Corps, also attended the inaugural ceremony of the Imphal leg of the 135th Durand Cup at the Khuman Lampak Main Stadium in Imphal. Manipur Governor Ajay Kumar Bhalla, Chief Minister Yumnam Khemchand Singh and other senior civil and military dignitaries were present on the occasion.During his visit, the Army Chief interacted with senior Assam Rifles officers under the Inspector General Assam Rifles (South) and Inspector General Assam Rifles (East), and reviewed the operational preparedness of the security formations deployed in the state.The Army's Additional Directorate General of Public Information (ADGPI) said in a post on X: “General Dhiraj Seth, COAS, during his ongoing visit to Spear Corps, was briefed on the prevailing security situation in Manipur.” “The COAS was also briefed on the operational preparedness of Inspector General Assam Rifles (South), Inspector General Assam Rifles (East) and the Red Shield Division.”“He also reviewed the extensive nation-building initiatives being undertaken by the formations and the Director General Assam Rifles to promote peace, stability and development across the region,” the post added.According to the ADGPI, the Chief of the Army Staff also interacted with troops and exhorted them to remain vigilant, operationally agile and future-ready to effectively address evolving security challenges while continuing to contribute towards lasting peace and stability in the region.Meanwhile, an official at the Raj Bhavan said the inaugural ceremony of the Imphal leg of the 135th Durand Cup 2026 at the Khuman Lampak Main Stadium showcased India's rich cultural and martial heritage through a colourful array of performances. The event featured Military Band Fusion, Mallakhamb, Kalaripayattu, Chenda Melam, Manipuri folk dances, the traditional martial art Thang-Ta, tribal dances and several other cultural presentations, creating a vibrant and festive atmosphere for the prestigious football tournament.Established in 1888, the Durand Cup is Asia's oldest football tournament and remains one of India's most prestigious sporting events, symbolising sporting excellence, military tradition and national pride. The opening match of the Imphal leg of the tournament was played between TRAU FC and NEROCA FC.",Defence.in,https://defence.in/threads/indian-army-chief-reviews-manipur-security-framework-and-regional-nation-building-efforts-during-imphal-visit.18378/,"07/29/2026, 07:00 AM, +0000 UTC",Security & Strategic Affairs
Indian Army chief General Dhiraj Seth reviews battle readiness in northeast as new combat formations take shape along China front,"Gen Dhiraj Seth along with senior army officials in northeast. (Photo: Indian Army)

New Delhi: Barely a fortnight after the Indian Army formally raised its first batch of integrated battle groups (IBGs) along the border with China, the Army chief, General Dhiraj Seth, has spent three days touring forward formations in the north-east to take stock of operational preparedness in the region.

Seth, who took over as the 31st chief of the Army Staff on July 1 – succeeding General Upendra Dwivedi and becoming the first officer from the Armoured Corps to head the force since General Shankar Roychowdhury in the mid-1990s – visited units under the 4 Corps in western Arunachal Pradesh on Thursday, covering the sensitive Tawang-Kameng sector.

The visit followed stops over the preceding two days at the 33 Corps, which looks after the Sikkim sector, and the 3 Corps, responsible for operations in the far-eastern reaches of Arunachal Pradesh as well as along the border with Myanmar.

The tour comes close on the heels of the government's sanction letter of July 1 formally setting in motion the raising of five IBGs under the Mountain Strike Corps – compact, self-contained combat formations that the Army has been trying to operationalize for nearly a decade. The formations, to be based in Sikkim and Arunachal Pradesh, both of which border China, are expected to be fully operational by mid-2027.

What the chief was told?

At each stop, Seth was briefed on the security situation, operational readiness and the pace of capability development by formations of the Eastern Command.

In western Arunachal Pradesh, commanders walked him through the 4 Corps' approach to absorbing emerging technologies to sharpen combat capability, and he asked them to keep formations prepared to meet security challenges across what the Army now describes as a “multi-domain environment” – a reference to warfare that spans land, air, cyber and information space simultaneously.

In Sikkim, the 33 Corps commander apprised him of operational deployments, the surveillance architecture in place along the frontier and the current security dynamics in the sector.

At the 3 Corps, the briefing touched on the evolving operational environment, coordination between different security agencies and steps being taken to further sharpen combat readiness. Seth also reviewed outreach programmes run by local formations aimed at building peace, stability and development across the north-east, an area where the Army has long run civic-action initiatives alongside its security role.

Addressing commanders and troops during the visit, Seth outlined what he called his “VIJAY” vision for the force – standing for vigilance, innovation, jointness, Aatmanirbharta (self-reliance) and “Yodha First”, or putting the soldier first.

He said the five principles were meant to keep the Army agile, adaptive and future-ready while feeding into the government's broader Viksit Bharat 2047 vision of a developed India by the hundredth year of independence.

The battle groups behind the visit

The IBGs at the centre of the current reorganization are a long-pending idea, first mooted under the late General Bipin Rawat when he headed the Army roughly a decade ago, and tested in patches – including along the border with Pakistan in 2019 and during the Eastern Command's Exercise HimVijay – before finally being sanctioned this year.

Each formation folds infantry, armour, artillery, engineers, signals, air defence and logistics into a single command, with the explicit aim of cutting reaction time and reducing dependence on larger parent formations.

Where a standard Army brigade musters around 3,000 to 3,500 troops and a division runs to 10,000-12,000, an IBG is designed to sit in between at roughly 5,000 personnel, each commanded by an officer of Major General rank. Five such officers have already been posted to head the new formations, and a dedicated fire support group – built around long-range artillery, reportedly including the Army's Divyastra rocket systems – will back them with firepower that the individual battle groups themselves would not carry.

The Mountain Strike Corps, formally the 17 Corps and headquartered at Panagarh in West Bengal, has two divisions under its charge – one earmarked for the Ladakh sector and the other for the north-east.

The current phase of IBG-isation covers only the north-eastern formations, under the 59 Division at Panagarh and the 23 Division at Ranchi, with the Ladakh-facing division expected to follow once the model is validated.

The push forms part of a wider effort, accelerated in the years since the 2020 stand-off with China in eastern Ladakh and given further impetus following Operation Sindoor, to make the Army leaner, faster and less reliant on the sprawling corps-level structures it inherited from the colonial era.

Dwivedi had told reporters at his annual press conference in January that the government had cleared 31 sanction letters for organizational changes over the preceding 14-15 months, of which the IBG restructuring of the 17 Corps was the most significant.",India Sentinels,https://www.indiasentinels.com/army/indian-army-chief-general-dhiraj-seth-reviews-battle-readiness-in-northeast-as-new-combat-formations-take-shape-along-china-front-7527,"07/17/2026, 07:00 AM, +0000 UTC",Security & Strategic Affairs
Arunachal students march to Taksing to assess ground reality amid PLA intrusion claims,"GUWAHATI: Amid claims of intrusion by the Chinese People’s Liberation Army (PLA), a delegation of the All Arunachal Pradesh Students’ Union (AAPSU) on Thursday set out for Taksing in Upper Subansiri district to assess the ground reality.

A “fact finding committee report” of the People’s Party of Arunachal (PPA) said reports of the intrusions on the ground were found to be “inexplicable yet irrefutable”.

The AAPSU’s “Taksing Chalo, Bharat Bachao” march will culminate on August 15 with the hoisting of the national flag.

The student organisation, in a statement, said concerns repeatedly raised by residents of remote border villages deserved urgent attention from both the Arunachal and Central governments. It insisted that the safety, security and welfare of border inhabitants must remain a national priority.

By undertaking the march, the AAPSU aims to assess the prevailing situation in the border areas, express solidarity with the frontier population, highlight the concerns and aspirations of border residents, urge authorities to strengthen border infrastructure, security and development initiatives, and reaffirm the commitment of the people of Arunachal towards safeguarding the territorial integrity and sovereignty of the nation.",The New Indian Express,https://www.newindianexpress.com/india/2026/Aug/13/arunachal-students-march-to-taksing-to-assess-ground-reality-amid-pla-intrusion-claims,"08/13/2026, 07:00 AM, +0000 UTC",Security & Strategic Affairs
"Arunachal Governor, 4 Corps GOC Discuss Border Security","ITANAGAR- The General Officer Commanding (GOC) of 4 Corps, Lt Gen Neeraj Shukla, called on Arunachal Pradesh Governor Lt Gen KT Parnaik (Retd.) at Lok Bhavan in Itanagar on Monday and discussed the security situation along the international border, border management and civic outreach initiatives in remote frontier areas.

During the meeting, the two held detailed discussions on the prevailing security situation, measures to strengthen border management and welfare initiatives undertaken by the Armed Forces for communities living in remote and border regions.

The Governor emphasised the need to maintain a high degree of vigilance and ensure regular patrolling in sensitive border areas to safeguard national interests.

He also stressed the importance of close coordination between the Armed Forces and the civil administration, saying that real-time information sharing and a coordinated approach were essential for effective security management and a prompt response to emerging challenges.

Also Read- Mishmi-land Musings Second Edition Released

The discussions underline the strategic importance of coordination between military and civilian authorities in Arunachal Pradesh, which shares a long and sensitive international border and includes several remote areas where terrain and connectivity can complicate both security management and public service delivery.

Governor Praises Army’s Community Outreach

The Governor commended the Armed Forces for their commitment to national security and their engagement with local communities through various Sadbhavana initiatives.

He noted that the outreach programmes have contributed to education, healthcare and community welfare in remote and border areas while helping build trust and goodwill among local communities.

The Governor particularly highlighted initiatives aimed at promoting Self Help Groups, coaching students for admission to Sainik Schools and motivating young people to pursue careers in the Armed Forces.

Also Read- Scientists Decode Genome of Siangmi Mithun

According to the Governor, such programmes have helped improve access to opportunities and essential services in frontier areas while strengthening mutual trust and a sense of national integration.

The Army’s civic outreach programmes assume added significance in remote border districts, where difficult terrain and limited infrastructure can affect access to education, healthcare and other services.

4 Corps Chief Briefs Governor

Lt Gen Shukla briefed the Governor on the operational preparedness of 4 Corps, ongoing security measures and developmental outreach activities being undertaken in the border districts.

He assured the Governor of the Indian Army’s continued commitment to maintaining peace and security in the region.

The GOC also reiterated the Army’s readiness to extend support to the civil administration and the people of Arunachal Pradesh.

The meeting reflected the continuing focus on combining operational preparedness with civil-military coordination and community engagement in the state’s frontier regions.",Arunachal24,https://arunachal24.in/arunachal-governor-4-corps-goc-discuss-border-security/,"07/06/2026, 07:00 AM, +0000 UTC",Security & Strategic Affairs
'Army safeguarding territory': Arunachal CM Pema Khandu rejects Chinese encroachment,"Arunachal Pradesh Chief Minister Pema Khandu

Join conversation View All Comments → Share your thoughts in the comments Insightful Agree Disagree Skeptical Concerning Promising Worth Reading Big Development Post Comment Be respectful · TOI community guidelines

NEW DELHI: Arunachal Pradesh chief minister Pema Khandu on Saturday rejected reports of Chinese military encroachment in the state and said that the Army was effectively patrolling and safeguarding the territory.Speaking to reporters, Khandu said, ""No signs of encroachment in Arunachal Pradesh; Indian Army effectively patrolling and safeguarding the territory.""Khandu's remarks came a day after the Centre identified 27 locations in Arunachal Pradesh by their standard names on the official map of the country, amid China's repeated attempts to rename places in the border state.The government said the exercise was aimed at ensuring the correct identification of the locations and improving public awareness of their geographical and historical significance.""Identifying them formally on the Survey of India map of Arunachal Pradesh is aimed at facilitating their accurate recognition and better awareness among the public at large,"" an official statement said.New Delhi has consistently rejected Beijing's practice of assigning Chinese names to places in Arunachal Pradesh, calling the move ""vain and preposterous"".India has maintained that such actions do not alter the ""undeniable"" fact that Arunachal Pradesh ""was, is, and will"" remain an integral part of the country.Several of the locations newly marked on the official map hold strategic importance because of their proximity to the Line of Actual Control (LAC) and their role in past India-China military confrontations.Among them is Long Ju, one of the earliest flashpoints between the two countries. Chinese troops entered the area in 1959, three years before the 1962 India-China war.The official map also includes Maja village in Upper Subansiri district near Long Ju, Bisa village and the strategically significant mountain passes of Dzo La, Riza La and Pukur La.Another key location is Thag La, the high-altitude pass where one of the opening battles of the 1962 India-China war took place.Jairampur in Changlang district has also been formally identified. The town serves as an important logistics hub for the movement of security forces towards eastern Arunachal Pradesh and the Myanmar border.Other locations added to the map include the high-altitude lake Sambho Sarovar, Bara Kundun, Chhota Kundun, Dhan Bari, Pritnagar, Teritnagar, Ramnagar, Jaswant Garh, Sagar, Padma, Jyotinagar, Baisakhi, Sher-e-Thapa Memorial, Chhota Ropuk, Bara Ropuk, Shivaji Nagar, Sunpura, Kamlang Nagar and Buddhamandir.India has repeatedly dismissed China's attempts to assign what it calls ""fictitious names"" to places in Arunachal Pradesh, saying such efforts seek to create ""baseless narratives"" and cannot alter the ""undeniable"" reality on the ground. New Delhi has also warned that such actions could undermine efforts to improve bilateral ties.China first issued a list of six standardised names for places in what it calls Zangnan in 2017. It followed this with a second list covering 15 locations in 2021 and another naming 11 places in 2023. Beijing uses the term Zangnan to refer to Arunachal Pradesh, a claim India has consistently rejected.",The Times of India,https://timesofindia.indiatimes.com/india/army-safeguarding-territory-arunachal-cm-pema-khandu-rejects-chinese-encroachment/articleshow/133052427.cms,"08/08/2026, 07:00 AM, +0000 UTC",Security & Strategic Affairs
Army Chief Reviews Peace Initiatives in Manipur,"New Delhi: Indian Army Chief General Dhiraj Seth reviewed the security situation in the north-east during a two-day visit to formations under the Eastern Theatre.

During the visit on July 28 and 29, he assessed the prevailing security situation, operational preparedness and ongoing initiatives aimed at promoting peace, stability and development in the region. He was also briefed on ongoing flood relief operations.

In Manipur, the Army Chief reviewed the security situation and operational preparedness of the Inspector General Assam Rifles (South), Inspector General Assam Rifles (East) and the Red Shield Division. He examined coordinated efforts of the Indian Army and Assam Rifles to maintain stability in the state. He also reviewed nation-building and community outreach initiatives undertaken by the formations and interacted with troops, commending their professionalism and commitment under challenging conditions.

He attended the opening ceremony of the Imphal leg of the 135th Indian Oil Durand Cup at Khuman Lampak Main Stadium. The event was attended by Manipur Governor Ajay Kumar Bhalla, Chief Minister Yumnam K. Singh and other senior civil and military officials.

The visit concluded with a review of Dao Division and Spearhead Division, where he was briefed on the operational environment, preparedness and flood relief measures. He urged all ranks to continue supporting the civil administration.

“The visit underscored the Indian Army’s commitment to maintaining operational readiness, promoting peace, stability and aid to the civil authorities across the North East,” the Army said.",Deccan Chronicle,https://www.deccanchronicle.com/nation/army-chief-reviews-peace-initiatives-in-manipur-1974983,"07/29/2026, 07:00 AM, +0000 UTC",Security & Strategic Affairs
New Taksing Border Standoff Footage Fuels Security Concerns,"Itanagar: New footage purportedly showing a confrontation between the Indian Army and China’s People’s Liberation Army has surfaced in the Taksing Circle of Arunachal Pradesh. The images and video clips carry a timestamp of July 26, 2026. Some local sources suggest the clash began as early as July 25. Official confirmation remains absent.

This latest incident heightens tension near Asaphila, an area under PLA control. The surrounding regions of Taksing, Maza, Galemu, Potrang Lake, Tama Chuchu, Galen Sinyik, and Shreechu Valley have seen ongoing controversy. The Nah Welfare Society previously alleged China built roads, bridges, and military camps on traditional grazing and forest lands. The Indian Army and Arunachal Pradesh Home Minister Mama Natung deny these claims. They dismiss reports of encroachment as rumors.

The Press Information Bureau Fact Check unit recently debunked separate viral videos alleging a 60-km PLA advance. They labeled that older footage as unrelated to current events. However, residents argue the new visuals contradict official denials. Ajay Murtem, a public leader from Kamle district, sent an open letter to the Chief Minister demanding a ground-level assessment. Murtem requested, ""coordinated verification involving the Ministry of Home Affairs, the Indian Army and the Indo-Tibetan Border Police,"" to clear up the confusion.

The letter also demands stronger border surveillance and better communication with frontier communities. Murtem sent copies of his plea to the Union Home Minister and the Arunachal Pradesh Home Minister. Authorities have yet to verify the authenticity of these specific files. Uncertainty persists along the border.",newire.in,https://newire.in/articles/new-taksing-border-standoff-footage-fuels-security-concerns,"08/06/2026, 07:00 AM, +0000 UTC",Security & Strategic Affairs
"Army, police neutralise grenade in Assam","Tinsukia, Sep 20: Acting on specific intelligence inputs, a formation of the Indian Army’s Spear Corps, in coordination with Assam Police, safely neutralised a hand grenade in Tinsukia district of Assam.

Specialised teams were deployed to the location after receiving information about the explosive device. The grenade was destroyed in a controlled manner while following prescribed safety protocols to prevent any harm to civilians or damage to nearby property.

The operation was carried out with close coordination between the Army and Assam Police, ensuring that the potential threat was contained and the surrounding area remained secure.

The successful disposal of the grenade averted a possible danger to local residents and reaffirmed the security forces’ role in supporting the civil administration in maintaining public safety.

The Indian Army said such operations reflect its continued commitment to assisting local authorities and responding swiftly to security-related threats.

The coordinated action also highlights the importance of timely intelligence-sharing and joint responses by security agencies in addressing potential explosive threats.

Officials said the operation was completed safely, with no casualties reported.",Brighter Kashmir,https://brighterkashmir.com/army-police-neutralise-grenade-in-assam,"09/21/2026, 07:00 AM, +0000 UTC",Security & Strategic Affairs
From Security Guard to Soldier: Laishram Nongsaba Singh Joins Indian Army’s Brigade of the Guards,"In a powerful example of grassroots transformation in Manipur, a joint skill development initiative by the Assam Rifles and training partner Homeland Security is helping local youth overcome socio-economic barriers and step into careers in the armed forces and corporate sector. The success of Laishram Nongsaba Singh, a young man from Pangantabi Makha Leikai in Kakching district, who has now been inducted as an Agniveer into the elite Brigade of the Guards of the Indian Army, stands as a strong testament to the impact of this collaborative effort.

Laishram’s journey is not merely the story of one young man joining the Army. It reflects how structured training, disciplined mentorship and institutional support can change the direction of a youth’s life. Before his selection, Laishram was working as a civilian security guard, facing the same challenges that many young aspirants from remote and semi-urban areas of the Northeast encounter, including limited exposure, communication barriers and lack of access to professional training ecosystems.

Despite these hurdles, his determination and willingness to improve brought him into the fold of the Assam Rifles and Homeland Security initiative. What followed was a focused period of training that helped him prepare for the demanding Indian Army selection process. The initiative provided him not only physical training, but also the confidence, discipline and personality development needed to compete at the national level.

The Assam Rifles played a crucial role by creating the enabling ecosystem for the programme. It facilitated training space, logistical arrangements and administrative support, ensuring that motivated youth from the region had access to a structured platform. Homeland Security, as the training partner, brought in specialised instruction through modules focused on discipline, communication, personality development, tactical preparedness and employment-oriented grooming.

For Laishram, one of the biggest initial challenges was communication, particularly in Hindi and English. These barriers often become a major disadvantage for candidates from remote areas when they appear for recruitment processes, interviews or formal training environments. Through regular mentorship and communication-focused modules, he gradually developed the confidence required to present himself effectively and meet the expectations of the Indian Army selection pipeline.

His successful induction as an Agniveer into the Brigade of the Guards marks a proud moment not only for his family and village, but also for the larger training ecosystem that supported him. The Brigade of the Guards, one of the Indian Army’s distinguished infantry regiments, is known for its proud traditions and high standards. For a young man from Kakching district to earn a place in such a regiment highlights the potential that exists among Manipur’s youth when given the right guidance and opportunity.

However, Laishram’s success is not an isolated case. The first training batch under this Assam Rifles-Homeland Security partnership has already produced multiple success stories across different sectors. The initiative is gradually emerging as a model for how public-paramilitary support and private-sector training expertise can be combined to generate meaningful employment outcomes for youth in the Northeast.

Another inspiring example is that of Ningthoujam Ranjit Singh from Heirok. Coming from a background of severe socio-economic hardship, Ranjit had worked as a labourer in a brick factory before joining the programme. His journey from brick kilns to a corporate role reflects the wider scope of the initiative, which is not limited to military recruitment alone.

Through communication training, personality development and professional grooming, Ranjit was able to improve his employability and secure a position as a Senior Supervisor at a major corporate enterprise in Pune. His achievement underlines the fact that disciplined training and structured mentorship can open doors far beyond the immediate region, allowing young people from Manipur to compete and succeed across India.

The success of both Laishram and Ranjit demonstrates the versatility of the programme. While one has moved into the frontlines of national service as an Agniveer in the Indian Army, the other has entered a corporate leadership role. Together, their stories represent two different but equally important pathways of empowerment — one through military service and the other through professional employment.

At a time when youth employment, skill development and social stability remain critical issues in many parts of the Northeast, such initiatives carry deep significance. They help channel the energy of young people into constructive careers, reduce vulnerability to negative influences and strengthen their sense of confidence, discipline and national belonging.

The Assam Rifles, often described as the “Sentinels of the Northeast,” has long played a role beyond conventional security duties in the region. Through civic action programmes, youth engagement, medical assistance, education support and recruitment-oriented activities, the force has consistently worked to build bridges with local communities. This latest partnership with Homeland Security adds another dimension to that outreach by linking training directly with employment outcomes.

For Homeland Security, the initiative reflects the importance of industry-oriented training in regions where talent is abundant but exposure remains limited. By focusing on communication, discipline, grooming and practical employability skills, the programme is helping young aspirants bridge the gap between ambition and opportunity.

The larger impact of this initiative lies in its replicable model. By combining the grassroots reach and credibility of Assam Rifles with the training expertise of Homeland Security, the programme has created a blueprint that can be expanded to other districts and communities. It shows that employment generation in sensitive and remote regions does not depend only on large infrastructure projects; it can also begin with targeted training, mentorship and institutional trust.

For the youth of Manipur, stories like those of Laishram Nongsaba Singh and Ningthoujam Ranjit Singh carry a powerful message. They show that humble beginnings, whether as a security guard or a brick kiln worker, need not define one’s future. With the right platform, discipline and guidance, young people can rise from difficult circumstances and build careers of dignity, responsibility and national relevance.

The Assam Rifles and Homeland Security initiative is therefore more than a training programme. It is a grassroots nation-building effort that is turning local potential into professional achievement. From security posts to Army frontlines, and from brick factories to corporate offices, the programme is transforming lives and contributing to socio-economic progress in the Northeast.

As more success stories emerge from Manipur, this partnership stands as a reminder that meaningful empowerment begins when institutions invest in the aspirations of ordinary youth. In Laishram’s Army uniform and Ranjit’s corporate role lies a shared story of resilience, opportunity and transformation — a story that reflects the changing face of youth development in the region.",SSBCrack,https://www.ssbcrack.com/2026/05/from-security-guard-to-soldier-laishram-nongsaba-singh-joins-indian-armys-brigade-of-the-guards.html,"05/27/2026, 07:00 AM, +0000 UTC",Security & Strategic Affairs
Army initiates Military-Civil Integration Exercise with Assam & Manipur,"Indian Army has initiated a landmark collaboration with state officials of Assam & Manipur to foster efficient cooperation, cohesion and mutual understanding. Exercise Samanvay Shakti 2025 was inaugurated today at Laipuli, in Tinsukia district of Assam. This Military-Civil Integration Exercise aims at fostering synergy between security forces, government departments and civil institutions to address the region’s complex challenges through a unified and coordinated approach.

The inaugural session witnessed participation from the Indian Army, Indian Air Force, District Administration, Police, Intelligence Agencies, NDRF, SDRF, Medical Officials, BRO & GREF, Railways, educational institutions and security officials from OIL India, IOCL and Coal India alongwith representatives of the local media.

A similar exercise is being undertaken in Manipur from 20-30 August, which included aspects of Disaster management, Healthcare, Education, Public Works Development, Forest Department initiatives, Narcotics, Irrigation, Road Safety, Employment opportunities in Armed forces, Sports, Coordination amongst the state police, Army and paramilitary forces along with the Infrastructure development through Operation Sadbhavna.",News On AIR,https://newsonair.gov.in/army-initiates-military-civil-integration-exercise-with-assam-manipur/,"05/28/2026, 05:30 PM, +0000 UTC",Security & Strategic Affairs
"Multilateral joint military exercise in Meghalaya focuses on counter-insurgency, building trust","Armies of 13 countries came together in Meghalaya's Umroi for the maiden multilateral military exercise 'Pragati 2026', which concluded on Saturday (May 30, 2026) with a focus on countering insurgency and building mutual trust among the nations in the Indian Ocean region, officials said.

Over 400 soldiers, including around 20 women, from Bhutan, Cambodia, Indonesia, Laos, Malaysia, Maldives, Myanmar, Nepal, Philippines, Seychelles, Sri Lanka, Vietnam and India slithered down from helicopters, detected improvised explosive devices (IEDs) along routes and climbed down rocky walls during the two-week exercise, they said.

Detailed discussions on how to incorporate niche technologies and the effect of these on the tactics, techniques and procedures (TTPs) were held during the two-week-long programme.

""Pragati was a mega exercise in the serene environment of Umroi in Meghalaya. We conducted various specialised drills and procedures, including rock craft, special heliborne operations, tactical situations,"" said Brigadier Mayur Shekatkar, the chief coordinator for the programme.

Director of the exercise, Col. Sandeep Poonia, said Pragati stands for 'Partnership of Regional Armies for Growth and Transformation in the Indian Ocean Region'.

""The aim is to create synergy, interoperability, and enhance mutual trust among the friendly foreign nations. The last two weeks we trained together, during which focus was on counter-insurgency operations based in semi-mountainous and jungle terrain,"" he said.

Mr. Shekatkar emphasised that it provided a platform for building friendship and camaraderie among the participating nations, with the personnel coming closer by engaging themselves in sports and games as well as cultural activities.

The routine also enabled them to experience the calmness of Yoga, he added.

""We hope to achieve the objectives of enhancing interoperability, building mutual trust and each other's capacities through the sharing of best practises. There is also the aspect of everlasting bonds of friendships, with the one objective of ensuring a stable and secure region,"" the brigadier said.

Col. Sandeep Poonia said, ""Detailed discussions were held on how to incorporate the latest and niche technology, and what the effect of these on our operations in the TTPs (tactics, technology and procedures."" The exercise also provided an opportunity for sharing key best practices in the engineering field.

""As part of the exercise, we have trained in tactical environments wherein key engineering tasks were done, and best practices were shared. For instance, counter IED drills were undertaken in a simulated combat environment,"" Major Susmita S Variar, engineering representative in the exercise, said.

She added that operating in mixed groups with personnel from foreign nations has given valuable exposure to different tactical drills, equipment and operating procedures, which will enhance coordination. The participating foreign nations expressed gratitude to the Indian Army for hosting such an exercise.

Lt. Col. Sangay Jantsho of the Royal Bhutan Army said, ""We thank the Indian Army for organising this exercise, which has been a successful one. It has been an opportunity for us to interact with troops of other nations, learn and share our experience and expertise in counter-insurgency."" He said it was a valuable exposure to operating alongside different countries.

Lt. Col. Louis Agathine harped on the historical ties between his country Seychelles and India, and said such exercises will enhance friendship across the Indian Ocean region. ""We are happy to exchange ideas, and we will put into practice what we learned,"" he said.

Echoing their thoughts, Staff Sergeant Mary Simongo of the Philippines said, ""We express our sincere thanks to the Indian Army for this exercise. We gained valuable knowledge and ideas, which we will take home.""",The Hindu,https://www.thehindu.com/news/national/meghalaya/multilateral-joint-military-exercise-in-meghalaya-focuses-on-counter-insurgency-building-trust/article71040444.ece,"05/30/2026, 07:00 AM, +0000 UTC",Security & Strategic Affairs
Indian Army Chief Evaluates Eastern Theatre Security and Operational Readiness During Crucial Two-day visit,"Chief of the Army Staff (COAS) General Dhiraj Seth concluded a two-day visit to formations under the Eastern Theatre on Wednesday, during which he reviewed the prevailing security situation, assessed operational preparedness, and evaluated ongoing initiatives aimed at fostering peace, stability and development across the region, officials said.A defence spokesman said that during the visit, the COAS reviewed the prevailing security situation, vigilance, operational preparedness and ongoing initiatives aimed at promoting lasting peace, stability and development across the region. The Army Chief was also given an update on ongoing flood relief operations.The spokesman said that General Seth on Tuesday reviewed the security situation in Manipur and the operational preparedness of Inspector General Assam Rifles (South), Inspector General Assam Rifles (East) and the Red Shield Division of the Army. He reviewed the coordinated efforts of the Indian Army and Assam Rifles towards maintaining a secure and stable environment in the state.The Army Chief also witnessed the extensive nation-building and community outreach initiatives being undertaken by the formations and Assam Rifles. He interacted with troops deployed in the area and commended them for their professionalism, dedication and steadfast commitment under challenging conditions.According to a post on the X handle of the Army's Additional Directorate General of Public Information (ADGPI) on Tuesday, the Chief of the Army Staff also interacted with troops and exhorted them to remain vigilant, operationally agile and future-ready to effectively address evolving security challenges while continuing to contribute towards lasting peace and stability in the region.General Seth also attended the inaugural ceremony of the Imphal leg of the 135th Indian Oil Durand Cup at the Khuman Lampak Main Stadium in Imphal.Manipur Governor Ajay Kumar Bhalla, Chief Minister Yumnam Khemchand Singh and other senior civil and military dignitaries were present on the occasion.The Durand Cup, popularly known as Desh Ka Cup, continues to serve as an important platform for nurturing sporting talent and fostering national integration.The presence of the COAS reaffirmed the Indian Army’s commitment to promoting sport as a means of uniting communities, engaging the youth and strengthening the enduring bonds between the people of the Northeast and Indian football.“The visit culminated with a security review of Dao Division and Spearhead Division on Wednesday. The COAS was briefed on the operational environment and the formations’ preparedness and ongoing flood relief operations. He exhorted all ranks for the support being extended to the civil administration,” the spokesman said.He noted that the visit underscored the Indian Army’s commitment to maintaining operational readiness, promoting peace, stability and aid to the civil authorities across the Northeast.A Raj Bhavan official said that on the first day of his two-day visit to Manipur, General Seth, accompanied by the General Officer Commanding-in-Chief (GOC-in-C), Eastern Command, the General Officer Commanding (GOC) of 3 Corps, and the Inspector General of Assam Rifles (South), called on Governor Ajay Kumar Bhalla at Raj Bhavan in Imphal.During the meeting, they discussed the prevailing security situation and other key issues related to the state's security, the official said.",Defence.in,https://defence.in/threads/indian-army-chief-evaluates-eastern-theatre-security-and-operational-readiness-during-crucial-two-day-visit.18382/,"07/29/2026, 07:00 AM, +0000 UTC",Security & Strategic Affairs
Army-led joint op destroys 10 illegal bunkers in Manipur's Jalenbung Hills & Thoyee Heights,"Manipur Violence Flares In Bishnupur After Clashes Erupt Over Deadly Blast, Curbs Slapped

In a coordinated counter-insurgency action, security forces led by Indian Army destroyed 10 illegal bunkers and firing positions in Manipur’s Jalenbung Hills and Thoyee Heights, officials said on Thursday. The joint security teams, comprising Indian Army’s Red Shield Division, CAPF and Manipur Police, carried out area domination operations and destroyed multiple hostile structures in the region.As part of ongoing operations along Imphal-Dimapur National Highway-2, the security teams targeted Jalenbung Hills and Thoyee Heights to prevent re-establishment of militant infrastructure, the officials said. Two joint columns conducted simultaneous patrols on either side of the national highway as part of the exercise.At Jalenbung Hills, a security sweep resulted in identification and subsequent destruction of five bunkers that had previously been dismantled but were found to be rebuilt. A similar operation at Thoyee Heights and adjoining Mahadev Hills led to destruction of another five re-built bunkers.Meanwhile, a statement from Manipur police said that search operations and area domination exercises are continuing in fringe and vulnerable areas across multiple districts. Over 110 nakas and checkpoints are currently active across hill and valley districts. Earlier, security forces had destroyed 21 illegal bunkers in Ukhrul district.",The Times of India,https://timesofindia.indiatimes.com/defence/news/army-led-joint-op-destroys-10-illegal-bunkers-in-manipurs-jalenbung-hills-thoyee-heights/articleshow/130342678.cms,"04/18/2026, 07:00 AM, +0000 UTC",Security & Strategic Affairs
Security Forces Intensify Search Operation in Manipur: DGP Lauded For Personally Supervising Ops,"Guwahati: In the wake of simmering tension, security forces on Thursday said that they have intensified search operations in at least four villages, where incidents of violence were reported recently, in Manipur's Kangpokpi district and recovered a cache of arms and ammunition.

Informing that more than 35 bunkers set up illegally by villagers were also destroyed, security sources said that a cadre of the United Kuki National Army (UKNA) was killed and a cache of arms and ammunition was recovered during a joint operation conducted by the Indian Army and Assam Rifles in Churachandpur district.

Asserting that villagers have been asked to maintain a distance from armed, security sources said that three hardcore militants belonging to the Kangleipak Communist Party (KCP) and the Socialist Revolutionary Party of Kangleipak (SOREPA) were arrested from Imphal West and Bishnupur districts.

The arrested militants were allegedly involved in several violent incidents and numerous criminal activities across the state. Four individuals were also detained during the operation for further verification.

Security sources said that security forces recovered, among other items, a large cache of arms and ammunition during intensive search operations conducted at multiple locations under the jurisdiction of Kangpokpi district.

Informing that security forces are carrying out coordinated operations to contain the movement of armed rebels in hills as well as valley, security sources said that a total of 116 nakas and checkpoints have been established across both valley and hill districts to curb the movement of anti-social and inimical elements, as well as suspicious vehicles.

Security forces have also been providing escorts to vehicles, including trucks carrying essential commodities, along the Imphal-Jiribam National Highway (NH-37).

Meanwhile, in a social media post former chief minister N Biren Singh lauded the efforts of newly appointed DGP Mukesh Singh who is personally supervising the operations of the security forces in trouble-torn areas.

Former chief minister said, “It is particularly encouraging to see that, after a long gap, the DGP himself is personally supervising the combing operations against anti-social elements today. I truly appreciate his hands-on approach and commitment."" He also expressed confidence that with ""the determined efforts of Mukesh Singh and the security forces, peace and normalcy will be restored in Manipur at the earliest"". He also urged all sections of society to stand united and extend full support to the security forces.",Deccan Chronicle,https://www.deccanchronicle.com/news/current-affairs/security-forces-intensify-search-operation-in-manipur-dgp-lauded-for-personally-supervising-ops-1964490,"06/18/2026, 07:00 AM, +0000 UTC",Security & Strategic Affairs
Security forces kill armed cadre of United Kuki National Army in Manipur joint operation,"In Manipur, the security forces have been conducting joint operations and have killed an armed cadre of the United Kuki National Army during the operation.

According to a press release issued by PRO IG Assam Rifles (South), a joint operation by the Indian Army and Assam Rifles was conducted on 16 June in Henglep Sub-Division of Churachandpur district in Manipur, acting on precise intelligence regarding the movement of United Kuki National Army (UKNA) cadres. The operation was executed in treacherous terrain and inclement weather conditions and a firefight ensued when the troops approached the hideout, resulting in neutralisation of one insurgent while others escaped, it said.

Further, the press release said that subsequent combing operation led to destruction of fortified bunkers and recovery of a sizeable cache of arms, ammunition and warlike stores. By dismantling the infrastructure of insurgents, security forces reinforced their commitment towards restoring peace and normalcy in the State.",News On AIR,https://newsonair.gov.in/security-forces-kill-armed-cadre-of-united-kuki-national-army-in-manipur-joint-operation/,"06/18/2026, 07:00 AM, +0000 UTC",Security & Strategic Affairs
Experts deliberate on North East security at seminar hosted by Assam Rifles,"The Assam Rifles, in association with the United Service Institution of India (USI), held a Seminar in New Delhi on Tuesday (March 10, 2026) on the theme ‘Security Challenges to the North East: Assessment & Way Forward’.

The seminar was held at the Major General Samir Sinha Auditorium at USI and brought together senior military officers, security experts, academics and media representatives to deliberate on the evolving security landscape in the region.

Lt. Gen Rajiv Ghai attended as the Chief Guest and delivered the keynote address, sharing his perspectives on the changing security dynamics in the North East region. Senior officers from the Indian Army and Assam Rifles were also present.

Director General Assam Rifles Lt. Gen Vikas Lakhera and Vice Admiral Sanjay J Singh (Retd), Director of the USI, addressed the gathering and highlighted key agenda points related to the seminar’s theme. They underscored the need for a comprehensive and coordinated approach to address emerging security challenges in the Northeast.

Experts noted that the security situation in the region has improved significantly over the years due to sustained efforts by security forces, civil administration and political leadership. However, they emphasised that evolving challenges require constant review and coordinated responses.

Influence of social media

Discussions during the seminar focused on issues such as border management, instability in the eastern neighbourhood and the growing influence of social media in shaping the security environment.

Participants also examined the region’s unique security dynamics shaped by its complex geography, diverse social fabric and extensive international borders. The deliberations aims to assess the current security situation and identify practical approaches to address emerging challenges.

Often referred to as the “Sentinels of the North East” and “Friends of the Hill People,” the Assam Rifles continues to play a crucial role in maintaining peace and stability through border management, internal security duties and assistance to civil authorities.

The seminar reaffirmed the importance of collaboration among security forces, policymakers and academic institutions in strengthening peace, stability and development in the North East.",The Hindu,https://www.thehindu.com/news/national/experts-deliberate-on-north-east-security-at-seminar-hosted-by-assam-rifles/article70727583.ece,"03/10/2026, 07:00 AM, +0000 UTC",Security & Strategic Affairs
Tripura: Indian Army Launches Special Security Training for CISF Personnel at Agartala's MBB Airport,"Tripura: Indian Army Launches Special Security Training for CISF Personnel at Agartala’s MBB Airport

First Published: 27th July, 2026 21:24 IST

Officials said initiative reflects the growing collaboration between Indian Army & CISF to strengthen security of key infrastructure.

Written By Northeast Live Digital Desk SHARE IT NOW







In a major step towards strengthening aviation security in Tripura, the Spear Corps of the Indian Army has launched a two-week specialised training programme for Central Industrial Security Force (CISF) personnel deployed at Maharaja Bir Bikram (MBB) Airport, Agartala. The training commenced today at the Agartala Military Station.

Conducted under the Military-Civil Fusion framework, the joint initiative aims to enhance operational coordination, improve tactical preparedness, and reinforce security at Tripura’s busiest airport against emerging threats.

During the 14-day programme, Indian Army instructors will train CISF personnel in advanced security protocols, covering critical areas such as industrial and critical infrastructure protection, vital area and vital point security, Quick Reaction Team (QRT) drills, and counter-drone operations and threat mitigation.

Officials said the initiative reflects the growing collaboration between the Indian Army and the CISF to strengthen the security of key infrastructure in Tripura. By combining the Army’s operational expertise with the CISF’s aviation security capabilities, the programme is expected to significantly enhance the overall security preparedness at MBB Airport.

Upon completion of the training, CISF personnel will resume their duties at Agartala’s MBB Airport with upgraded tactical skills and enhanced readiness to tackle evolving security challenges.

Also Read: Tripura HC Admits PILs Alleging Irregularities in TTAADC Recruitment





Post Views: 274

COMMENTS",Northeast Live,https://northeastlivetv.com/topnews/tripura-indian-army-launches-special-security-training-for-cisf-personnel-at-agartalas-mbb-airport/,"07/27/2026, 07:00 AM, +0000 UTC",Security & Strategic Affairs
How Many Patrolling Points Given Up?: Ex-BJP Minister R.K. Singh on Reports of Chinese Activity in Arunachal,"Singh’s claims come after a fact-finding team in Arunachal Pradesh found that the Chinese PLA have occupied the Shera 5 Point near Taksing, denying Indian forces access, and are steadily expanding control over Indian grazing and hunting grounds along the LAC.

Singh’s claims come after a fact-finding team in Arunachal Pradesh found that the Chinese PLA have occupied the Shera 5 Point near Taksing, denying Indian forces access, and are steadily expanding control over Indian grazing and hunting grounds along the LAC.

Since 2015, The Wire has done just that. But we can continue only with your support .

New Delhi: Former Union minister of the Bharatiya Janata Party (BJP) government R.K. Singh has demanded answers from Prime Minister Narendra Modi and Defence minister Rajnath Singh as to how many patrolling points the Indian army has “given up” since 2014. His allegations come amid recent reports that Chinese People’s Liberation Army (PLA) personnel are denying Indian forces access to key patrolling points along the Line of Actual Control (LAC) in Upper Subansiri district of Arunachal Pradesh.

Advertisement

Singh, a former IAS officer and former MP from Bihar’s Arrah, posted a video on X saying he has worked eight years in the Ministry of Defence, and seven in the Ministry of Home Affairs.

“I read a report today which gives me worry, and it should worry all the citizens of our country. It appears that we have abandoned a patrolling point called Shera 5 in Taksing in Arunachal, and the Chinese have established a prominent position there,” he said.

“The Chinese and us have a dispute about the border – a dispute that has been carrying on ever since the Chinese occupied Aksai Chin. The 1962 war was about that; the Chinese do not accept the McMahon Line as the border. They are also not willing to demarcate the Line of Actual Control (LAC) because they have huge claims into our territory, including the entire Arunachal Pradesh.” Singh explained.

Advertisement

“Because of these totally differing perceptions about where the border is and where the Line of Actual Control is, we carry out patrolling. Our patrols go up to points along our perceived Line of Actual Control and Chinese patrols come up to patrolling points along their perceived Line of Actual Control,” the former minister said.

These points, he said, act as a marker for when the negotiations happen. “That’s why patrolling up to these points is essential, so that our claim line is specifically communicated to the other side.”

The concern, Singh noted, was that when a patrolling point along India’s claim line is abandoned, and the Chinese occupy it, “it means you have given up your claim”.

Singh’s claims come after a People’s Party of Arunachal (PPA)-led fact-finding team in Arunachal Pradesh found that the Chinese PLA have occupied the Shera 5 Point near Taksing – a designated Indian patrolling point – denying Indian forces access, and are steadily expanding control over Indian grazing and hunting grounds along the LAC.

The Arunachal Times reported that Indian and Chinese troops had a physical confrontation at the site in 2023. The Indian forces subsequently withdrew and have not returned. PLA troops later reportedly entered and dismantled the remaining Indian markers.

Similarly, Nanga Pahar, traditionally used by the Nah and Mara communities for hunting and yak rearing, has been declared a strictly prohibited zone for local residents.

The fact-finding committee has said that “this restriction has given the PLA greater freedom to push forward. The nature of the intrusions is well calculated, gradual and persistent, following a familiar pattern seen over several years.”

So far, the Indian Army and Arunachal Pradesh chief minister Pema Khandu have denied the claims and rejected the reports.

Meanwhile, Singh has demanded answers from the government.

“I want to know; the nation wants to know how many other patrolling points the government has given up since 2014. Is this the only patrolling point which the government has given up and the Chinese have occupied? Or are there other patrolling points which this government gave up, patrolling points which were being patrolled where our patrols used to go before 2014?” the former minister asked.

“The Defence Minister and Prime Minister need to answer how many patrolling points have been abandoned since 2014 because giving up the claim on any points is not possible without the approval of the Prime Minister,“ he alleged.

Singh had joined the BJP in 2013 and served across several ministries in the National Democratic Alliance-led Union government that came to power in 2014. However, he was suspended by the party in 2025 after he repeatedly criticised BJP leaders during the Bihar Assembly elections and accused the Nitish Kumar government of a power scam purchasing electricity from Adani Power.

Prior to joining the BJP, he served as the Home Secretary from 2011 to 2013. He was also the Secretary, Department of Defence Production, in the defence ministry from 2009 to 2011.

The Wire is now on WhatsApp. Follow our channel for sharp analysis and opinions on the latest developments.",TheWire.in,https://m.thewire.in/article/security/how-many-patrolling-points-given-up-ex-bjp-minister-r-k-singh-on-reports-of-chinese-activity-in-arunachal/amp,"08/13/2026, 07:00 AM, +0000 UTC",Security & Strategic Affairs
Indian Army reviews security dynamics in trouble-hit Manipur: GOC assessed operational preparedness,"Imphal: Indian army reviews its operational preparedness in the trouble-hit state of Manipur. Lt Gen Girish Kalia, AVSM, VSM, General Officer Commanding Spear Corps, on May 7, visited forward areas of Red Shield Division at Kangvai, Sendra, Litan and YKPI in Manipur to review the prevailing security situation and operational preparedness of troops deployed in the region. The review by GOC Lt. Gen Kalia was considered as very crucial as the state in going through a fresh spat of violence starting from the first week of April.

During the visit, the Corps Commander undertook an aerial reconnaissance of areas affected by the recent Tangkhul Naga–Kuki clashes and assessed the overall security dynamics in the region. He also interacted with commanders and troops deployed on ground and appreciated their professionalism, operational alertness, vigilance and steadfast commitment towards maintaining peace, stability and security in the area.

Lt Gen Girish Kalia also visited the Red Shield Drone Lab at Leimakhong Military Station, where he reviewed the pioneering efforts being undertaken in indigenous drone assembly, repair and specialised training in drone warfare. The Corps Commander commended the innovative initiatives aimed at developing mission-oriented drone solutions tailored to operational requirements and lauded the troops for their technical expertise, professionalism and futuristic approach.

The visit reaffirmed the commitment of the Indian Army towards strengthening operational readiness, enhancing technological capabilities and ensuring peace and security in the region through innovation, vigilance and dedicated service.

Assam Rifles averted major escalation

In the early hours of May 7, heavy firing and explosions were reported near Z Choro and opposite Namlee along the India Myanmar Border by suspected Myanmar based militants. Despite the volatile situation, troops of the Assam Rifles responded proactively and moved into the affected area under challenging conditions to safeguard people.

During the operation many rescue teams were deployed without delay. Ten houses affected by the violence were secured and civilians evacuated. Fifteen distressed villagers, including women and children, were safely rescued and provided humanitarian assistance at Aloyo Assam Rifles camp. A Myanmarese woman from Namlee was provided with immediate first aid and medical evacuation support.

Assam Rifles conducted rapid area sanitisation operations to prevent further escalation and restore stability. One armed cadre was apprehended along with an AK-47 rifle, magazine and ammunition during search operations and later handed over to local police authorities.

Even as tensions remained high, Assam Rifles under continued domination patrols across other sensitive areas of Kamjong district to ensure peace and security for local residents. The operation conducted by the alert troops once again highlights the unwavering commitment of Assam Rifles towards protecting our citizens and maintaining peace along the Indo-Mayanmar Border, said by PRO Defence, Guwahati Lt. Col Mahendra Rawat.",organiser.org,https://organiser.org/2026/05/08/352545/bharat/indian-army-reviews-security-dynamics-in-trouble-hit-manipur-goc-assessed-operational-preparedness/,"05/08/2026, 07:00 AM, +0000 UTC",Security & Strategic Affairs
"Army Chief General Dhiraj Seth Reviews Security Situation in Manipur, Operational Preparedness of Assam Rifles and Red Shield Division","Chief of the Army Staff (COAS) General Dhiraj Seth reviewed the prevailing security situation in Manipur during his ongoing visit to Spear Corps, reaffirming the Indian Army’s commitment to maintaining peace, stability and operational readiness in the strategically significant Northeastern region. The visit included comprehensive briefings on the security environment, the preparedness of key operational formations and the extensive nation-building initiatives being undertaken by the Indian Army and the Assam Rifles.

During the visit, the Army Chief received a detailed briefing on the prevailing security scenario in Manipur, where the Indian Army and the Assam Rifles continue to work closely with civil authorities and other security agencies to ensure peace and maintain a stable security environment. The review focused on operational developments, deployment readiness and measures being undertaken to address evolving security challenges in the region.

General Dhiraj Seth was also briefed on the operational preparedness of the Inspector General Assam Rifles (South), Inspector General Assam Rifles (East) and the Red Shield Division. The presentations highlighted the formations’ state of readiness, ongoing operational commitments and their sustained efforts to maintain a high level of combat capability while responding effectively to dynamic security requirements.

The Army Chief reviewed the operational capabilities of the formations and appreciated their commitment to maintaining constant vigilance along sensitive areas. He noted that the evolving nature of security threats requires military formations to remain adaptable, technologically proficient and fully prepared to respond swiftly to any contingency.

A key aspect of the visit was the review of the extensive nation-building initiatives being undertaken by the Red Shield Division and the Directorate General Assam Rifles to promote peace, stability and socio-economic development across the region. These initiatives, carried out alongside operational responsibilities, reflect the Indian Army’s people-centric approach to strengthening trust and fostering long-term stability in the Northeast.

The nation-building programmes include community outreach activities, infrastructure support, educational assistance, medical camps, skill development initiatives and projects aimed at improving the quality of life in remote and border areas. Such efforts have played a significant role in strengthening civil-military relations and supporting the government’s broader developmental objectives in the region.

The Assam Rifles, often referred to as the “Sentinels of the Northeast,” continues to play a crucial role in safeguarding the India-Myanmar border while conducting counter-insurgency operations and supporting civil administration across the Northeastern states. Working under the operational control of the Indian Army, the force remains instrumental in maintaining internal security and facilitating peace-building efforts.

General Dhiraj Seth also interacted with officers, junior leaders and troops deployed in the area, appreciating their dedication, professionalism and unwavering commitment to duty. He acknowledged the challenging operational environment in which they serve and commended their resilience in maintaining operational effectiveness while contributing to peace and stability in the region.

Addressing the troops, the Army Chief exhorted all ranks to remain vigilant, operationally agile and future-ready to effectively tackle emerging security challenges. He emphasised that modern military operations demand continuous learning, technological adaptation and a high degree of operational flexibility to successfully respond to rapidly evolving threats.

General Dhiraj Seth encouraged the troops to continue maintaining the highest standards of military professionalism while embracing innovation and technological advancements as part of the Indian Army’s ongoing transformation. He observed that a technologically empowered and well-trained force remains essential for preserving operational superiority in the increasingly complex security landscape.

The Army Chief further stressed that operational success depends not only on combat preparedness but also on the confidence and trust developed with local communities through sustained outreach and nation-building efforts. He praised the formations for balancing their operational responsibilities with developmental initiatives that contribute to lasting peace and stability across the region.

The visit underscores the Indian Army’s continued focus on strengthening operational preparedness while fostering a secure and peaceful environment in the Northeast through close coordination with the Assam Rifles, civil administration and other stakeholders. Regular reviews by the Army Chief provide strategic guidance and reinforce the Army’s commitment to maintaining the highest levels of readiness across all operational formations.

General Dhiraj Seth’s interaction with the troops and review of operational and developmental initiatives reaffirm the Indian Army’s vision of building a modern, agile and future-ready force capable of addressing both traditional and emerging security challenges. Through operational excellence, technological modernisation and people-centric initiatives, the Army and the Assam Rifles continue to play a pivotal role in safeguarding national security while supporting peace, stability and development in the Northeastern region.",SSBCrack,https://www.ssbcrack.com/2026/07/army-chief-general-dhiraj-seth-reviews-security-situation-in-manipur-operational-preparedness-of-assam-rifles-and-red-shield-division.html,"07/29/2026, 07:00 AM, +0000 UTC",Security & Strategic Affairs
"Rijiju Denies Chinese Encroachment in Arunachal, Says Heightened PLA Activity a Concern","Indian villagers' concerns on Chinese military activity on high ridges are justified and must be taken seriously, the minister said.

Indian villagers' concerns on Chinese military activity on high ridges are justified and must be taken seriously, the minister said.

Since 2015, The Wire has done just that. But we can continue only with your support .

New Delhi: Union minister Kiren Rijiju on Wednesday (August 19) rejected claims that Chinese troops had penetrated 60 kilometres into Arunachal Pradesh, but acknowledged that Chinese military activity on high ridges along the frontier had increased and said concerns raised by villagers about it were justified and should be taken seriously.

Advertisement

Speaking to news agency IANS, Rijiju said the situation along parts of the India-China border was complicated by the absence of demarcation, with Indian and Chinese communities holding competing perceptions of where their respective territories extended.

“So, it is not like they [China] came and captured our village. That is not the case. On certain land, they have cast an eye because there is no demarcation,” he said.

“Our people believe that our land extends further ahead, while the villages situated on the China side, including Tibetan and local people, claim that their land extends deep inside here. So, there is confusion,” Rijiju said.

The minister's comments come amid renewed concerns over Chinese activity in Arunachal Pradesh, particularly around Taksing in Upper Subansiri district.

Advertisement

A fact-finding team constituted by the opposition People's Party of Arunachal (PPA) reported after a July visit to the area that Chinese People's Liberation Army (PLA) personnel had denied Indian forces access to the Shera 5 patrolling point and were expanding control over areas traditionally used by local communities.

Those findings followed allegations in June by the Nah Welfare Society that the PLA had expanded its presence in areas traditionally used by local communities near Taksing.

The Indian Army rejected the June allegations, saying reports of recent Chinese encroachment and camps in Arunachal Pradesh were “incorrect and without any basis”. The PPA's later findings concerned, among other things, access to the Shera 5 patrolling point.

Arunachal Pradesh chief minister Pema Khandu also rejected reports of Chinese encroachment on August 8, saying there were “no signs of encroachment in Arunachal Pradesh” and that the Indian Army was effectively patrolling and safeguarding the territory.

Rijiju said India's own patrolling presence along the frontier had been strengthened. But he also acknowledged that Chinese military activity had increased in the high-altitude areas.

“However, on the high ridges at the top, Chinese military activity has certainly increased … The concerns raised by our villagers regarding that are justified, and we should take them very seriously,” he said.

Rijiju also referred to Chinese structures in an area ahead of Longju, where he said the PLA had built structures resembling a village. He placed the Chinese presence there in the history of the unresolved border dispute, saying the area had been occupied in 1959, when some Assam Rifles personnel were killed, and that China consolidated its position there during the 1962 war.

An Indian post remains at the border point, he said, while movement between the two countries in the area has been closed since 1962.

Rijiju, however, rejected the specific claim that Chinese troops had penetrated 60 kilometres into Arunachal Pradesh, saying that such claims and the use of unrelated photographs were misinformation.

“But telling such lies that they have entered 60 kilometres inside, and posting unrelated photos from Bangladesh and elsewhere to claim that the Chinese Army has penetrated 60 kilometres inside Arunachal, spreading such misinformation lowers the morale of our Army personnel and security forces stationed there, and creates confusion in the country. This is not right,” he said.

Earlier, former Union minister and former BJP MP R.K. Singh had demanded answers from Prime Minister Narendra Modi and defence minister Rajnath Singh on how many Indian patrolling points had been “given up” since 2014. Congress leader Rahul Gandhi subsequently accused the government of suppressing reports that China was preventing Indian forces from patrolling their areas in Arunachal Pradesh.

The Wire is now on WhatsApp. Follow our channel for sharp analysis and opinions on the latest developments.",TheWire.in,https://m.thewire.in/article/security/rijiju-denies-chinese-encroachment-arunachal-concern-heightened-pla-activity/amp,"08/19/2026, 07:00 AM, +0000 UTC",Security & Strategic Affairs
'China stopped our army from patrolling several places in Arunachal': Rahul Gandhi slams Centre,"Rahul Gandhi alleges China stopped army in Arunachal

Join conversation View All Comments → Share your thoughts in the comments Insightful Agree Disagree Skeptical Concerning Promising Worth Reading Big Development Post Comment Be respectful · TOI community guidelines

Poll Vote & Share your view Do you support the Ministry of External Affairs strong position on Arunachal Pradesh as an integral part of India? Agree Disagree 3k+ users shared opinion today 5k+ users already voted today 3k+ users shared opinion today Share Opinion

NEW DELHI: Leader of opposition in Lok Sabha Rahul Gandhi on Friday alleged that China had stopped Indian Army patrols at several locations in Arunachal Pradesh and called the development a matter of concern.""China has stopped our army from patrolling in several places in Arunachal Pradesh - this is extremely alarming,"" Rahul said in a post on X.He also questioned the silence of defence minister Rajnath Singh, home minister Amit Shah and Prime Minister Narendra Modi on the issue.""But even more alarming is the silence emanating from Rajnath Singh ji, Amit Shah ji, and Narendra Modi ji. Instead of stopping China, the Modi government is putting pressure on the media to suppress this news,"" he added.Rahul referred to the Prime Minister’s statement following the Galwan clash that China had not taken any Indian territory, alleging that the government continues to protect the PM’s image instead of addressing the issue of national security.""The country still remembers that statement by the Prime Minister after Galwan, in which he caused immense damage to India by saying that China has not taken even an inch of our land.Even today, the same operation to save his image continues - and a Prime Minister who prioritizes his fake image over the country's security is extremely dangerous for the nation,"" he added.Congress president Mallikarjun Kharge also questioned the Centre over reports of China expanding its presence in areas of Arunachal Pradesh and sought answers on Indian access to patrolling points and traditional grazing and hunting grounds.""After Galwan, now Arunachal Pradesh? Disturbing reports suggest that China is attempting to push further into areas in Arunachal Pradesh, an inalienable part of our nation. This demands immediate answers from the Modi Govt,"" Kharge said in a post on X.This comes after the ministry of external affairs (MEA) reiterated that Arunachal Pradesh is an ""inalienable and integral part of India"" in response to China’s recent ""objection"" to the renaming of places in the state.""Let me reiterate this once again that Arunachal Pradesh is an inalienable and integral part of India and this is a fact that is self-evident. At the same time, let me also underline that nothing can change this indisputable reality,"" MEA spokesperson Randhir Jaiswal said.India officially identified 27 locations in Arunachal by their standard names on the survey of India map, countering China's repeated attempts to assign Chinese names to places in the state.Earlier, it was reported that there was no “slow encroachment” by China into Arunachal Pradesh.""There is no slow encroachment in Arunachal Pradesh by China as alleged,"" a source was quoted as saying by news agency ANI.""Due to undemarcated border at times the patrols face off each other, this is resolved through existing mechanisms and protocols in vogue. The Army and ITBP are geared up to dominate the border, monitor and check Chinese activities. Sensational claims like this without going into specifics are attention-seeking ploys,"" the report said citing sources.They said China has historically laid claim to Arunachal Pradesh, referring to it as “South Tibet”. During the 1960 border talks, Beijing had claimed around 69,000 sq km of territory in the state.⁠""China has claims on Arunachal as South Tibet, articulated in 1960 border talks, wherein they claimed approx 69,000 sq km of the state territory. ⁠In 1959 China attacked the Assam Rifles outpost at Longju and captured it. The area has since been in adverse possession and is frequently in news due to infra development done in this area by China,"" they said.""During 1962 India-China War, major Chinese operations were launched in Kameng, Subansiri, Siyom, Siang and Lohit valleys. However, after ceasefire the PLA went back North of the LAC. Arunachal Pradesh shares a large border with Tibet along Great Himalayan range. Concerted infra push in recent years has enabled enhanced ptlg and surveillance of the area,"" they added.",The Times of India,https://timesofindia.indiatimes.com/india/china-stopped-our-army-from-patrolling-several-places-in-arunachal-rahul-gandhi-slams-centre/articleshow/133230905.cms,"08/14/2026, 07:00 AM, +0000 UTC",Security & Strategic Affairs
"One UKNA militant killed, seven held in major Manipur security operations","One UKNA militant killed, seven held in major Manipur security operations

Security forces in Manipur arrested seven people, including three militants, recovered a large cache of arms and ammunition, destroyed 39 illegal bunkers, and killed a UKNA militant during operations in Churachandpur. Crackdowns and security measures continue across the state

By IANS Published Date - 18 June 2026, 03:42 PM

Imphal: Security forces in Manipur have arrested seven people, including three cadres of different militant outfits, recovered a large cache of arms and ammunition, and destroyed 39 illegally-constructed bunkers in multiple districts, officials said on Thursday and added that one UKNA militant was killed in a joint security operation.

A Defence spokesman said that a cadre of the United Kuki National Army (UKNA) was killed and a cache of arms and ammunition was recovered during a joint operation conducted by the Indian Army and Assam Rifles in Churachandpur district.

A police official said that three hardcore militants belonging to the Kangleipak Communist Party (KCP) and the Socialist Revolutionary Party of Kangleipak (SOREPA) were arrested from Imphal West and Bishnupur districts.

The arrested extremists were allegedly involved in several violent incidents and numerous criminal activities across the state.

The official said that security forces recovered, among other items, a large cache of arms and ammunition during intensive search operations conducted at multiple locations under the jurisdiction of Kangpokpi district.

The recovered weapons included 11 single-barrel breech-loading (SBBL) 12-bore guns, 294 live rounds of 12-bore ammunition, two packages of gunpowder, 34 empty 12-bore cartridge cases, and six bulletproof vests.

Four individuals were also detained during the operation for further verification. Security forces additionally destroyed 39 illegally-constructed bunkers, outposts and strategic campsites discovered in Kangpokpi and Churachandpur districts.

Meanwhile, the Defence spokesman said that in a major setback to insurgent activities in Manipur, a coordinated operation by the Indian Army and Assam Rifles successfully dismantled active insurgent infrastructure in a remote area of Churachandpur district on June 16.

The operation was launched in the Henglep Sub-Division of Churachandpur district following specific Intelligence inputs regarding the movement of UKNA cadres.

Despite challenging terrain and adverse weather conditions, the troops carried out the operation with precision.

A gunfight broke out when the security personnel approached the insurgents’ hideout. The intense exchange of fire resulted in the neutralisation of one UKNA militant, while the remaining insurgents managed to flee the area.

Subsequent combing operations led to the destruction of fortified bunkers and the recovery of a sizeable cache of arms, ammunition and other warlike stores. By dismantling insurgent infrastructure, the security forces reinforced their commitment to restoring peace and normalcy in the state, the spokesman said.

The security forces, comprising both central and state agencies, continue extensive crackdowns against militants, with search operations and area domination exercises underway in fringe, mixed-population and vulnerable areas across Manipur.

A total of 116 nakas and checkpoints have been established across both valley and hill districts to curb the movement of anti-social and inimical elements, as well as suspicious vehicles.

Security forces have also been providing escorts to vehicles, including trucks carrying essential commodities, along the Imphal-Jiribam National Highway (NH-37).

Strict security arrangements and convoy protection measures remain in place along sensitive stretches of the highway to ensure the safe movement of vehicles.

Manipur Police have urged the public not to believe rumours and to remain cautious of fake videos and misleading content circulating on social media platforms.",Telangana Today,https://telanganatoday.com/one-ukna-militant-killed-seven-held-in-major-manipur-security-operations,"06/18/2026, 07:00 AM, +0000 UTC",Security & Strategic Affairs
Manipur: Security forces defuse 20 kg of IEDs in Jiribam; Two wanted mutants neutralised in Churachandpur,"Imphal: Security forces continue to hit militant groups in coordinated operations across Manipur. Troops from the Spear Corps of Indian Army, working alongside the Manipur Police, successfully recovered and defused three Improvised Explosive Devices (IED) weighing a combined 20 kg in a jungle stretch between Leishabithol and Ahamadabad in Jiribam district on September 5. Acting on specific intelligence, the joint team conducted massive operations and located the explosives and successfully defused it by the explosive experts of the Army. The troops carried out a controlled demolition on-site, neutralising the threat without any harm to life or property.

Officials of the Indian Army described the operation as a reflection of the close coordination and constant vigilance. They said that timely intelligence and swift action by the troops helped avert major security threats.

UKNA militants neutralised in Churachandpur

In a joint operation carried out by the Assam Rifles and the Indian Army, two cadres of the UKNA militant outfit were neutralised and two others injured following a gunfight in Churachandpur district.

The operation was launched on the intelligence input on the night of August 29, targeting a suspected UKNA hideout in Phaibong village under Henglep Sub-Division. Troops quietly moved in and kept the camp under watch before beginning their final approach at around 5 am on September 2. It was a 5 day long operation which resulted in the elimination of two wanted militants.

According to officials, militants inside the camp opened indiscriminate fire on the approaching troops at approximately 5:30 am. Security forces responded with controlled retaliatory fire, resulting in the neutralisation of two cadres and injuries to two others.

A subsequent search of the camp led to the recovery of a substantial cache of weapons and ammunition, including two MA rifles, an AK-56 rifle, a 40 mm Lathode gun, seven Lathod grenades, and over a thousand rounds of assorted ammunition. Combat gear such as uniforms, ammunition pouches, backpacks and jungle boots were also seized from the site.

Three UNLF (K) cadres held

Security forces kept up pressure on militant and extortion networks across Manipur, with the Assam Rifles, operating under the Spear Corps, and the Manipur Police carrying out a series of coordinated operations on September 3.

A search operation conducted in Imphal East led to the seizure of six firearms. In a separate follow-up action at Keishampat and Charangpat, security personnel apprehended three active cadres of the UNLF (K) outfit, who were reportedly involved in running an extortion racket in the area.",organiser.org,https://organiser.org/2026/09/06/379083/bharat/manipur-security-forces-defuse-20-kg-of-ieds-in-jiribam-two-wanted-mutants-neutralised-in-churachandpur/,"09/06/2026, 07:00 AM, +0000 UTC",Security & Strategic Affairs
"Indian Army trains CISF personnel at Agartala Airport, Tripura","The Indian Army has concluded a two-week specialised tactical training programme for Central Industrial Security Force (CISF) personnel stationed at Maharaja Bir Bikram (MBB) Airport in Agartala, Tripura. The training, conducted from July 27 to August 8 under the Red Shield Division’s Military-Civil Fusion initiative, aimed to enhance operational readiness and strengthen the defence of critical aviation infrastructure.

During the 14-day course, Indian Army instructors provided both practical and theoretical instruction on key operational areas such as Advanced Access Control, Perimeter Hardening, Counter Sabotage Measures, Counter Drone Operations, High-Speed Contingency Response, and Integrated Strategies to protect high-value public and aviation assets.

ADVERTISEMENT

Stay connected Make The News Mill your preferred source See more TNM stories when you search for news on Google. Add TNM on Google

At the closing ceremony, official representatives stated that the programme successfully integrated the Indian Army’s tactical combat expertise with the CISF’s specialised aviation security tasks. The personnel participating in the training demonstrated high levels of professional skill, physical endurance, and operational coordination throughout.

The completion of the training highlights the Indian Army’s ongoing commitment to capacity building and enhancing joint operational capabilities with Central Armed Police Forces. Following this programme, the CISF unit at Maharaja Bir Bikram Airport is now equipped with modern threat mitigation capabilities to maintain safe and secure airspace in the region.",The News Mill,https://thenewsmill.com/2026/08/indian-army-completes-specialised-tactical-training-for-cisf-at-agartala-airport-2/,"08/13/2026, 07:00 AM, +0000 UTC",Security & Strategic Affairs
"Two UKNA Cadres Neutralised, Two Injured In Army-Assam Rifles Joint Operation In Manipur","Security forces neutralised two armed cadres of the proscribed United Kuki National Army (UKNA) and injured two others during an intelligence-led operation in Parbung village in Manipur's Churachandpur district, near the tri-border junction of Myanmar, Assam and Mizoram.

The operation took place on 2 September, marking the first counter-insurgency operation in the district this year in which UKNA cadres were neutralised.

The joint team of Indian Army and Assam Rifles intercepted a UKNA hideout near Phaibung village.

Maintaining complete surprise, the team reached close to the target area and challenged the insurgents who immediately responded with high-intensity automatic fire.

The ensuing firefight pushed the militants back, resulting in two cadres being eliminated whilst two others sustained injuries.

Security forces recovered three automatic rifles and one 40mm Lathode along with a large quantity of war-like stores during the aftermath operation.

After searching, the camp was destroyed.

The operation was launched to counter activities by the UKNA, including intimidation and extortion of local civilians, educational institutions and financial entities.

The operation followed a similar counter-insurgency effort on 4 November 2025, when four UKNA cadres were neutralised at Khanpi village under Henglep Sub-Division.

The United Kuki National Army is a banned armed group which has not signed any ceasefire or suspension of operation agreement with the government.

The group, active primarily in Churachandpur district, has been demanding a separate union territory or homeland outside the current state structure of Manipur.

Unlike several other Kuki-Zomi insurgent groups, the UKNA is not a signatory to the Suspension of Operations ceasefire agreement with the Central and state governments.

Please click here to add Swarajya as your preferred and trusted news source on Google",swarajyamag.com,https://swarajyamag.com/security/two-ukna-cadres-neutralised-two-injured-in-army-assam-rifles-joint-operation-in-manipur,"09/05/2026, 07:00 AM, +0000 UTC",Security & Strategic Affairs
Security forces arrest United Kuki National Army finance secretary in Manipur,"In a coordinated operation on July 23, 2026, the Indian Army, Assam Rifles, and Manipur Police apprehended a senior United Kuki National Army (UKNA) cadre from Molnom Village in Churachandpur district, Manipur.

The individual is alleged to be the self-styled Finance Secretary of the UKNA and was identified as S Palal Thadou, also known as Lalboi Singson, aged 45. He is considered a High Value Target and was reportedly involved in extensive extortion and firing incidents attributed to the UKNA in the area.

ADVERTISEMENT

Stay connected Make The News Mill your preferred source See more TNM stories when you search for news on Google. Add TNM on Google

Following confirmation of his presence in Molnom Village, security forces swiftly cordoned off the area and arrested him. Extortion notes and a mobile phone were recovered during the operation.

An official release described the operation as a major success for security forces and stated it will significantly contribute to restoring peace in the region.",The News Mill,https://thenewsmill.com/2026/07/security-forces-arrest-united-kuki-national-army-finance-secretary-in-manipur/,"07/25/2026, 07:00 AM, +0000 UTC",Security & Strategic Affairs
Lieutenant Colonel Maneo Francis PF of 21 Para (SF) Awarded Kirti Chakra for Gallantry in Manipur Counter-Insurgency Operation,"New Delhi / Imphal: Lieutenant Colonel Maneo Francis PF, SC, an officer of the elite 21st Battalion, The Parachute Regiment (Special Forces), has been awarded the Kirti Chakra, India’s second-highest peacetime gallantry award, for displaying exceptional courage, tactical brilliance and leadership during a high-risk counter-insurgency operation in Manipur.

President Droupadi Murmu approved the award on 14 August 2026 as part of 78 gallantry decorations announced on the eve of the 80th Independence Day. Lt Col Francis is one of only three Indian Army personnel selected for the Kirti Chakra this cycle (one of them posthumous). The citation specifically recognises his role in eliminating two heavily armed insurgents in close combat after prolonged intelligence development and surveillance.

Background and Profile

Lieutenant Colonel Maneo Francis PF hails from Tadubi village in Senapati district of Manipur. Commissioned into the Indian Army in June 2012 after graduating from the Indian Military Academy, Dehradun, he was posted to 21 Para (Special Forces), one of the Army’s premier special forces units specialising in airborne operations, jungle warfare, counter-terrorism and direct-action missions.

His deep roots in the region have been repeatedly noted as an operational asset, giving him an intimate understanding of the local terrain, communities and the complex dynamics of insurgency in Manipur. He has served as Assault Team Commander of his unit and has been operating extensively in the state since at least 2022.

Francis is already a recipient of the Shaurya Chakra, awarded for a daring operation conducted on 4–5 January 2023. In that action, acting on intelligence of a planned sabotage targeting a VIP, he laid an ambush near a border pillar, outflanked a group of heavily armed insurgents under fire, eliminated a self-styled Major (a commander linked to earlier attacks on Assam Rifles), and injured another while ensuring the safety of his team. The Shaurya Chakra was conferred by the President at Rashtrapati Bhavan in 2024. He was later felicitated by the Government of Manipur at Raj Bhavan, Imphal, in October 2025.

The Kirti Chakra Operation (29 October – 4 November 2025)

According to the official citation released by the Ministry of Defence, Lt Col Francis, as Assault Team Commander, “swiftly established a highly coordinated intelligence network to systematically dismantle anti-national elements fueling violence and division in Manipur.”

After several months of sustained intelligence development focused on a high-profile violent insurgent group, and following specialised target-specific training of his team, he launched a coordinated operation to raid and dismantle the group’s hideout.

The team conducted seven days of protracted and intense surveillance. When the assault group finally approached the hideout and called upon the insurgents to surrender peacefully, the militants responded with heavy automatic fire.

Lt Col Francis then manoeuvred his assault group from the northern side of the hideout and successfully eliminated one sentry. Subsequently, he outflanked a second insurgent who had pinned down the entire assault group. Displaying utter disregard for personal safety, the officer crawled under intense fire and eliminated the militant in close-quarter combat using superior combat skills.

The citation concludes: “For displaying resolute leadership, superior tactical acumen, the raw courage under fire in eliminating two heavily armed insurgents, meticulous planning, gallant and selfless acts, Lieutenant Colonel Maneo Francis PF, SC is recommended for the award of ‘Kirti Chakra’.” The effective date of the award is listed as 29 October 2025.

Broader Context of the Awards

The Kirti Chakra is second only to the Ashoka Chakra among peacetime gallantry awards. Of the nine Kirti Chakras approved this year, seven were posthumous. The other two Army recipients were Major Jitendra Rathee of 2 Para (SF) and Havildar Gajendra Singh of 2 Para (SF) (posthumous), both recognised for operations in the Kishtwar sector of Jammu and Kashmir.

The full list of 78 awards also included 19 Shaurya Chakras, five Bars to Sena Medal (Gallantry), 36 Sena Medals (Gallantry), and decorations for Navy and Air Force personnel. Thirteen awards overall were conferred posthumously.

Significance

Lt Col Francis’s recognition marks a rare double gallantry honour for an officer from Manipur’s Senapati district. His earlier Shaurya Chakra and now the Kirti Chakra underline consistent performance in one of the most complex internal security environments in the country. Both operations involved meticulous intelligence work, prolonged surveillance, and personal leadership under fire against well-armed insurgent elements.

As a local officer serving in his home state with 21 Para (SF), Francis represents the continuum of professional excellence that Special Forces units bring to counter-insurgency and counter-terrorism roles in the Northeast. His actions are being widely noted within defence circles as an example of the combination of human intelligence, tactical patience and individual courage that characterises successful special operations.

The awards will be formally presented in due course at investiture ceremonies.",SSBCrack,https://www.ssbcrack.com/2026/08/lieutenant-colonel-maneo-francis-pf-of-21-para-sf-awarded-kirti-chakra-for-gallantry-in-manipur-counter-insurgency-operation.html,"08/15/2026, 07:00 AM, +0000 UTC",Security & Strategic Affairs
"Indian Army, Assam Rifles nab 17 militants, recover arms and IEDs in Manipur operations","In a major counter-insurgency push, joint operations by the Indian Army and Assam Rifles under Spear Corps, in coordination with Manipur Police, led to the apprehension of 17 cadres and recovery of a cache of arms, ammunition, and explosives across multiple districts of Manipur between March 22 and 28.

The intelligence-based operations were carried out across Imphal East, Imphal West, Bishnupur, Chandel, Kangpokpi, Churachandpur, and Tengnoupal districts, targeting both hill- and valley-based insurgent groups.

On March 22, joint teams apprehended cadres of KYKL and PREPAK (PRO) in Bishnupur and Imphal West districts, while a major operation along the Indo-Myanmar border in Tengnoupal led to the arrest of 10 cadres linked to PREPAK (RA). Additional recoveries included mobile phones and SIM cards.

Subsequent operations on March 23 led to the arrest of cadres affiliated with KCP Apunba and Kangleipak Communist Party (Nongdrenkhomba) in Imphal East district.

On March 25, security forces recovered a significant cache of weapons in Kangpokpi district, including a carbine, pistols, rifles, improvised mortars, and ammunition. Another operation on March 26 in Churachandpur yielded rifles, bombs, an IED, grenades, and other war-like stores.

Operations intensified on March 27 and 28 in Tengnoupal and Chandel districts, resulting in the arrest of cadres linked to PLA, KYKL, and KCP, along with the recovery of pistols, rifles, 15 IEDs, and communication equipment.

Officials said the coordinated operations highlight sustained efforts by security forces to curb insurgent activities and maintain stability in the region. Further investigations are underway.",India Today NE,https://www.indiatodayne.in/manipur/story/indian-army-assam-rifles-nab-17-militants-recover-arms-and-ieds-in-manipur-operations-1367807-2026-03-30,"03/30/2026, 07:00 AM, +0000 UTC",Security & Strategic Affairs
Manipur: Kuki militant attack Indian Army post in Leikai; Massive operation launched by security forces,"IMPHAL: Kuki militants attacked an Indian Army post in trouble-hit Manipur in the Leikai area. As per the Manipur police report, on March 25, 2026, at approximately 11:40 PM, suspected armed Kuki militants opened fire in the general area of Phouljang/Gothol, directing their fire towards an Indian Army post in Phougakchao Awang Leikai.The Indian Army and the Central Reserve Police Force (58th Battalion), deployed in the area, responded swiftly by returning fire towards the source, resulting in an exchange that lasted approximately 30 minutes. No reports of injury or casualty of any security personnel in the midnight attack by Kuki militants.

Security forces have launched a combat operation in search of the militants involved in the attack. As per police information, from the early hours of 26 March 2026, a combined operation was launched by the Indian Army, CRPF, Manipur Police and Indian Reserve Battalion (IRB) in the general area where the firing took place and the adjoining hill areas.

Security forces deployed in the area are on high alert. The situation remains under close monitoring, and Security Forces will continue operations in the surrounding hill areas.

It should be mentioned that this is the second such attack on security forces in four days in the Northeastern region. In the early hours of 22 March 2026, a standoff attack by ULFA(I) was reported late at night at approximately 2 am near an Assam Police Commando camp at Jagun, Tinsukia district, Assam. Reportedly, 3 to 4 Assam police commandos were injured in the sudden attack by the banned outfit. This is the first attack by the insurgency group ULFA (I) in the last decade on the Assam police.

The timing of the attack on the Assam Police by ULFA (I) raises several questions. Last week, NIA, based on credible intelligence input, arrested 6 Ukraine nationals and one alleged American CIA agent, Aaron Vandyke, in charge of providing advanced war training to Manipur and Northeastern insurgency groups. The arrested CIA agent and Ukrainian nationals were also involved in procuring attack drones for the NE insurgency groups, sources said. The arrests made some sensational claims about the assistance of the CIA and the West to the NE rebel groups. But the CIA’s interest in the Northeastern part of India is still unclear. But the two attacks on security forces in Assam and Manipur raise several questions and security concerns in the region.",organiser.org,https://organiser.org/2026/03/26/345819/bharat/manipur-kuki-militant-attack-indian-army-post-in-leikai-massive-operation-launched-by-security-forces/,"03/26/2026, 07:00 AM, +0000 UTC",Security & Strategic Affairs
"Gunfight erupts between Army, militants in Manipur","Gunfight erupts between Army, militants in Manipur

A gunfight between Indian Army forces and suspected militants broke out in Bishnupur district after insurgents opened fire on a post. Security forces retaliated, and a joint search operation was launched, with authorities monitoring the situation and urging calm among civilians

By PTI Published Date - 26 March 2026, 11:11 AM

Imphal: A gunfight erupted between the Indian Army and insurgents in Manipur’s Bishnupur district, a police statement said on Thursday.

The gun-battle, which lasted for around 30 minutes, started after suspected Kuki militants opened fire at an Army post on Wednesday night.

“At approximately 11.40 pm on Wednesday, suspected armed Kuki militants opened fire in the general area of Phouljang/Gothol, directing their fire towards an Indian Army post in Phougakchao Awang Leikai,” the statement said.

“The Indian Army and the Central Reserve Police Force (58th Battalion), deployed in the area, responded swiftly by returning fire towards the source, resulting in an exchange that lasted approximately 30 minutes,” it said.

Following the gunfight, a combined search operation was launched by the Army, CRPF, police and Indian Reserve Battalion (IRB), in the area where the firing took place and the adjoining hill areas.

“The situation is being closely monitored, and security forces will continue operations in the surrounding hill areas,” it said, while urging civilians to refrain from spreading rumours.",Telangana Today,https://telanganatoday.com/gunfight-erupts-between-army-militants-in-manipur,"03/26/2026, 07:00 AM, +0000 UTC",Security & Strategic Affairs
Man arrested for using fake Army-marked car to smuggle opium in Manipur,"Security forces in Manipur recovered more than 15 kg of suspected opium from a car that was made to look like a high-ranking Army officer's official vehicle and arrested the driver, officials said.

According to officials, the seizure was made on Saturday during an anti-narcotics drive carried out jointly by the local police and central forces in Senapati district. The vehicle, a Toyota Innova, was fitted with a VIP flag post and bearing the insignia of a Brigadier-level officer.

Read Full Story

A nameplate bearing the words ""Army"" on one side and ""Ministry of Defence"" on the other was also displayed on the car. Despite the high-level markings, the Innova was being driven without any security escort.

This aroused suspicion and security personnel subsequently ordered it to stop for checking. Police said the subsequent verification revealed that neither the driver nor the vehicle had any sort of affiliation with the Indian Army.

A thorough search of the car allegedly led to the recovery of 17 packets of suspected opium concealed inside a specially fabricated compartment beneath the rear right door. The contraband weighed approximately 15.3 kg, per the police.

Investigators believe the insignia and nameplate were being used to evade security checks.

The accused, identified as 45-year-old Tarkeshwar Singh, was arrested on the spot. Besides the car and the suspected illicit narcotics, two mobile phones, Rs 5,000 in cash, a PAN card, and a voter identity card were also recovered from his possession, per officials.

Singh is a resident of Assam's Tinsukia district. Relevant sections of the Narcotic Drugs and Psychotropic Substances (NDPS) Act and the Bharatiya Nyaya Sanhita (BNS) have been invoked against him.

Further investigation is underway to ascertain the source and intended destination of the consignment, as well as any possible links to a wider trafficking network.

- Ends",indiatoday.in,https://www.indiatoday.in/india/story/manipur-man-arrested-for-using-fake-indian-army-marked-car-to-smuggle-opium-in-senapati-2926508-2026-06-14,"06/14/2026, 07:00 AM, +0000 UTC",Security & Strategic Affairs
Exercise Pragati: Indian Army To Host 11 Friendly Nations for counter-insurgency drills,"The inaugural Pragati exercise is being viewed as a marker of India’s ambition to position itself as a regional security mentor and training hub, particularly for smaller or developing armed forces seeking exposure to professionalised, democratic militaries. For the Indian Army, the event also serves as a soft‑power showcase, reinforcing partnerships even as New Delhi balances its strategic autonomy with an expanding web of security‑to‑security ties.

(Defence Watch– India’s Defence News centre that places the spotlight on Defence Manufacturing, Defence Technology, Strategy and Military affairs is on Twitter. Follow us here and stay updated.)",defencewatch.in,https://www.defencewatch.in/land/exercise-pragati-indian-army-to-host-11-friendly-nations-for-counter-insurgency-drills,"04/28/2026, 07:00 AM, +0000 UTC",Security & Strategic Affairs
"Assam Rifles, Indian Army Recover Huge Arms Cache in Manipur; Six Militants Arrested","During the period of June 21 to June 27, Indian Army and Assam Rifles formations under Spear Corps, in close coordination with Manipur Police and Central Security Forces, conducted a series of intelligence-based joint operations across Kangpokpi, Imphal West, Imphal East, Thoubal and Kakching districts.

The operations led to the apprehension of six cadres belonging to various proscribed outfits and the recovery of arms, ammunition, explosives and other war-like stores.

On June 24 and June 26, Assam Rifles, in joint operations with Manipur Police and a CRPF Battalion, unearthed a major cache of arms, ammunition, and war-like stores from the general areas of Loiching Ridge, Maohing, and North Changoubung in Kangpokpi District. The successful seizures comprised two rifles, one carbine machine gun, one rifle, 42 country-made rifles, multiple pistols, improvised mortars, pumpis, and one under-barrel grenade launcher.

The search columns also recovered a significant quantity of ammunition, explosives, and equipment, including multiple grenades, over 250 rounds of ammunition, and communication equipment. During the same operational window, Assam Rifles and Manipur Police launched massive intelligence-led joint operations across Imphal West, Imphal East, Thoubal, and Kakching districts.

The crackdown resulted in the intercept and apprehension of six active cadres from the proscribed outfits SOREPA, KCP(N), KYKL, and RPF(PLA), including a self-styled Captain. Security forces also executed a major weapon recovery during these targeted operations, seizing one pistol, 97 rounds of mixed ammunition, gunpowder, and an unregistered vehicle.",Pioneer Daily,https://dailypioneer.com/news/security-forces-seize-major-cache-of-arms-in-manipur,"07/01/2026, 07:00 AM, +0000 UTC",Security & Strategic Affairs
NSCN-IM splits: Big jolt for Naga peace talks?,"The decision by a breakaway faction of the National Socialist Council of Nagalim-Isak-Muivah (NSCN-IM) to establish a ""provisional government"" has raised fresh concerns over the future of the Naga peace process.

The group also declared that the spirit of the 1997 ceasefire with the Centre has ""ceased to exist"", signalling what could be the biggest crisis since the 2015 Framework Agreement.

While rival factions and parallel governments have periodically emerged during the long history of the Naga insurgency, the latest split is significant because it reflects growing disillusionment within the NSCN-IM over the direction of the peace process itself.

Also read: NSCN-IM chief Muivah returns to native Manipur village after 60 years | Ground Report

By accusing both the Centre and the organisation's leadership of abandoning the goal of Naga sovereignty, the breakaway faction has cast fresh doubts over whether any eventual settlement can still command acceptance across the broader insurgent ranks.

The NSCN-IM is the principal insurgent organisation that has remained New Delhi's negotiating partner for nearly three decades.

Leadership accused of abandoning goal

The breakaway group, led by the Myanmar-based Eastern Flank under Ikato Chishi Swu, son of NSCN co-founder Isak Chishi Swu, has accused the existing leadership of abandoning the goal of Naga sovereignty, compromising the movement during prolonged negotiations with the Centre, and violating the organisation's own constitution by accepting proposals that implicitly recognise the Indian Constitution.

In a resolution adopted after a high-level meeting, the faction rejected the expulsion of several senior leaders, declared the disciplinary proceedings against them null and void, announced the formation of a provisional government, and resolved to continue both political and armed resistance.

It also asserted that the ceasefire had effectively lost its relevance after what it described as the Centre's refusal to honour the 2015 agreement, particularly over the issues of a separate Naga flag and constitution.

Although the declaration does not automatically translate into renewed armed conflict, it has fundamentally reshaped the contours of one of India's longest-running insurgencies.

For more than a decade, New Delhi's peace strategy has rested on the assumption that the NSCN-IM remained the principal stakeholder capable of carrying the larger Naga movement towards a negotiated settlement.

The 2015 agreement was projected as the foundation for a comprehensive political solution after the 1997 ceasefire brought an end to large-scale hostilities.

'Will wide Naga insurgency accept deal with Muivah leadership?'

""The emergence of an organised faction comprising several senior political and military leaders of the NSCN-IM has raised a critical question. Even if the Centre reaches a deal with the Thuingaleng Muivah-led leadership, will it be accepted across the wider Naga insurgency?"" asked Major General Gaganjit Singh (Retd.), former deputy director general of India's Defence Intelligence Agency.

That question has become increasingly important because the peace talks have already remained unresolved despite repeated assurances over several years that an agreement was imminent.

If the Eastern Flank succeeds in attracting more senior commanders, cadres and influential tribal constituencies, it could weaken the NSCN-IM's claim to represent the largest section of the Naga insurgency.

Also read: Iron fist and velvet glove: Inside India’s Chanakyan strategy against Naga insurgents

Although New Delhi negotiates separately with the Working Committee of the Naga National Political Groups (WC-NNPG) and other militant groups that are in ceasefire, a divided NSCN-IM could make it far harder to secure a settlement that commands broad acceptance.

The latest split reflects bigger ideological differences than an ordinary organisational power struggle.

The breakaway faction has accused the existing leadership of diluting the movement's founding objective of complete Naga sovereignty by engaging in negotiations that increasingly focus on greater autonomy within the Indian constitutional framework.

Its resolution repeatedly refers to the alleged submission of documents titled ""Competencies"" to the Centre, claiming these effectively accepted the Indian Constitution and therefore violated both the NSCN manifesto and the Yehzabo, the organisation's constitution.

The faction has also criticised the continuation of negotiations after the Centre's reported position in 2019 that a separate Naga flag and constitution would not be accepted.

By establishing a provisional government, the group is attempting to project itself not merely as another dissident faction but as the legitimate political custodian of the Naga national movement.

That gives the split both symbolic and political significance, particularly because it is led by Ikato, whose family name carries considerable historical weight within the organisation.

Challenges for Centre

The development leaves the Centre facing difficult strategic choices.

Continuing negotiations exclusively with the Muivah-led leadership could leave sections of the insurgent movement outside any eventual settlement, raising the possibility that dissatisfied factions continue armed resistance even after an agreement is signed.

Opening parallel channels with the new faction may broaden political outreach but could simultaneously legitimise fragmentation and encourage further divisions within the movement.

Also read: Nagaland govt, Centre at odds over Frontier Nagaland Territory

Ignoring the split altogether carries its own risks if the breakaway group succeeds in expanding its organisational base or persuading other factions that the existing negotiations have abandoned the original political objectives.

Any of these scenarios could delay an already prolonged peace process.

The split also comes against the backdrop of renewed security concerns in the region.

Although the Eastern Flank has not formally announced a return to full-scale armed operations, its declaration that the spirit of the ceasefire no longer exists has raised concerns among security agencies about the possibility of localised violence, particularly along the India-Myanmar border where the faction maintains a significant presence.

Any weakening of organisational discipline within the NSCN-IM could allow local commanders or dissatisfied cadres greater operational autonomy even if the principal leadership continues to observe the ceasefire.

Security concerns over attacks on Assam Rifles

The security concerns have deepened following two recent attacks on Assam Rifles personnel.

Security agencies have attributed the deadly ambush in Ukrul, Manipur, on July 6 to the suspected Eastern Flank, while the faction is also under suspicion in another recent attack. Although the group has not claimed responsibility for either incident, the attacks highlighted the risks posed by the latest rupture.

The split also has a significant cross-border implication. The Eastern Flank operates from Myanmar, where prolonged instability since the 2021 military coup has reduced state control over parts of the frontier. That has created an environment in which insurgent groups can regroup and move more freely, complicating surveillance and counter-insurgency operations along the India-Myanmar border.",The Federal,https://thefederal.com/category/states/north-east/nagaland/nscn-im-breakaway-faction-forms-provisional-government-naga-peace-process-threatened-252133,"07/31/2026, 07:00 AM, +0000 UTC",Security & Strategic Affairs
"Army, Assam Police hold security conference in Tinsukia ahead of 80th Independence Day","Dibrugarh:

Attachment

Attachment





The Red Shield Division under Spear Corps on Wednesday held a security conference at Laipuli in Tinsukia district to prepare for the 80th Independence Day celebrations.Held as part of the ongoing civil-military fusion initiative, the conference aimed to strengthen inter-agency coordination and review the security framework to ensure peaceful celebrations of the national event.The conference brought together senior Army officials and representatives of the Assam Police, including Tinsukia superintendent of police (SSP) Mayank Kumar and Dibrugarh SSP Abhijit Gurav. Local civil administration members, intelligence officers and other law enforcement stakeholders were also present.Deliberations focused on intelligence sharing, coordinated preventive measures, proactive security planning and enhanced inter-agency synergy to effectively address emerging security challenges. Speakers underlined the need for seamless information flow between military and civil agencies, rapid response mechanisms and joint contingency planning for crowd management and critical infrastructure protection.“In the run-up to such significant national events, timely intelligence and close coordination are crucial. Such collaborative initiatives not only bolster security but also promote mutual trust between civil agencies and the Indian Army. Our objective is to ensure that citizens can observe Independence Day with dignity and without safety concerns. We will continue to share actionable inputs and conduct joint drills where necessary,” a senior Army official said.Participants reviewed responsibility matrices, communication protocols and deployment plans for sensitive locations, transport nodes and public gatherings. The conference also discussed the use of technological aids such as real-time surveillance feeds and centralised command-and-control platforms to speed up decision-making during any incident.All stakeholders reaffirmed their commitment to seamless coordination and a unified approach to ensuring a safe, secure and incident-free Independence Day.",The Times of India,https://timesofindia.indiatimes.com/city/guwahati/army-assam-police-hold-security-conference-in-tinsukia-ahead-of-80th-independence-day/articleshow/132144943.cms,"07/02/2026, 07:00 AM, +0000 UTC",Security & Strategic Affairs
Fake Indian Army Vehicle Busted in Manipur With 15.35 Kg Opium,"In a significant anti-narcotics operation conducted on Sunday morning, joint security forces in Senapati district, Manipur, intercepted a Toyota Innova vehicle bearing fake Indian Army insignia and seized 15.35 kilograms of suspected opium concealed in a specially fabricated compartment. The driver, Tarkeshwar Singh (45), son of Rajdeo Singh and a resident of Hijuguri Gaon in Tinsukia district (Margherita area), Assam, was arrested at the scene.

The seizure took place around 9:00 a.m. during routine frisking and checking at the T. Khullen (also referred to as T. Khellen) check-post. A joint team comprising the Special Operations Team (SOT) of Senapati Police, D-78 CRPF, B-109 Quick Action Team (QAT) CRPF, and 16 Assam Rifles carried out the operation under the supervision of Senapati Superintendent of Police Zaib Shaikh, IPS. The arrest was formalised in the presence of an Executive Magistrate.

Vehicle Disguised with Military Markings

The vehicle, bearing Assam registration number AS23AK5541, was travelling without any escort or official accompaniment despite displaying prominent military identifiers. It was fitted with a VIP flag post and insignia resembling that of an Army Brigadier, including a one-star plate. A reversible nameplate found inside the vehicle read “ARMY” on one side and “MINISTRY OF DEFENCE” on the other.

Security personnel grew suspicious upon noticing the vehicle’s military-style markings without corresponding official support or documentation. Preliminary verification confirmed that neither the vehicle nor the driver had any affiliation with the Indian Army. The markings and nameplate appear to have been used deliberately to project an impression of official status and thereby evade scrutiny at checkpoints.

Concealment and Recovery of Contraband

During a thorough search, officers discovered 17 packets of suspected opium, weighing approximately 15.35 kg (including plastic packaging), hidden in a specially built compartment beneath the vehicle body near the rear right door. Additional items seized included two mobile phones, a black wallet containing ₹5,000 in cash, one PAN card, one Voter Identity Card, the vehicle itself along with its keys, and the fraudulent nameplate.

Legal Action and Ongoing Investigation

A case has been registered at Senapati Police Station under relevant provisions of the Narcotic Drugs and Psychotropic Substances (NDPS) Act and the Bharatiya Nyaya Sanhita (BNS). Further investigation is underway to determine the source and intended destination of the contraband, as well as to identify any broader smuggling network involved.

Context and Significance

The incident highlights persistent challenges in Manipur’s Senapati district, an area that has witnessed multiple drug seizures in recent months amid the state’s broader issues with narcotics trafficking linked to its proximity to international borders. The use of fake military insignia to facilitate the movement of contraband represents a calculated attempt to exploit the authority and respect associated with the armed forces. Such impersonation not only undermines security protocols but also tarnishes the image of the Indian Army.

Security forces in the region continue to maintain heightened vigilance through joint operations involving state police and central paramilitary units. This latest seizure underscores the effectiveness of coordinated checking mechanisms in disrupting smuggling attempts, even when perpetrators employ deceptive tactics.

The arrested individual remains in custody as investigations proceed. Authorities have not ruled out the possibility of further arrests linked to the supply chain.",SSBCrack,https://www.ssbcrack.com/2026/06/fake-indian-army-vehicle-busted-in-manipur-with-15-35-kg-opium.html,"06/14/2026, 07:00 AM, +0000 UTC",Security & Strategic Affairs
"Indian Army, Assam Rifles review security ahead of Assam Assembly elections","Synopsis

Security forces met to assess stability in Assam, Arunachal Pradesh, and Nagaland. Senior officials from the Army, Assam Rifles, police, and intelligence agencies reviewed ground intelligence and cross-border dynamics. The meeting emphasized enhanced coordination and vigilance for the upcoming Assam Assembly elections. A joint operational framework was reaffirmed to ensure a secure environment and swift response to any disruptions.",economictimes.com,https://m.economictimes.com/news/elections/assembly-elections/assam/indian-army-assam-rifles-review-security-ahead-of-assam-assembly-elections/articleshow/129908982.cms,"03/30/2026, 07:00 AM, +0000 UTC",Security & Strategic Affairs
Dogs of War: K9 units of Indian Army conduct heliborne insertion drill in Manipur,"K9 dog slithering at Leimakhong milistray station (Photo: Defence PRO Kohima)

Kohima: Military working dogs and their handlers from the Red Shield Division of the Indian Army carried out a slithering exercise at the Leimakhong Military Station in Manipur on Friday. The K9s trained for rapid heliborne insertion in operationally demanding conditions.

Five K9 teams participated in the exercise, which focused on aerial deployment techniques, operational coordination and combat readiness – skills that are increasingly critical in counter-insurgency environments such as Manipur, where the army has maintained a significant presence for decades under the Armed Forces Special Powers Act.

Slithering, a technique in which personnel descend from a hovering helicopter on a rope, presents particular challenges when working with trained dogs.

Read also: Meet Captain Harshita Raghav – the officer leading the Indian Army’s animal warriors

Handlers must manage the animal's composure and coordination while executing the manoeuvre under simulated operational pressure, a task that demands extensive conditioning of both the dog and its handler.

The K9 units of the Indian Army are deployed across a range of missions, including search and rescue operations, explosive detection, disaster management response and the tracking and neutralization of militants in jungle and urban terrain.

In the northeast, where dense forest cover and difficult topography complicate ground operations, dog teams provide a distinct tactical advantage in locating hidden insurgents or improvised explosive devices.

The Red Shield Division, formally the 57 Mountain Division, is headquartered at Leimakhong and is one of the primary formations responsible for counter-insurgency operations in Manipur.

The station has long served as a hub for specialized training activities given its proximity to active operational zones.

“The exercise reflects a broader effort by the army to integrate its K9 assets more tightly with air assets, improving the speed and flexibility with which dog teams can be inserted into remote or inaccessible areas,” an Indian Army official said.

“Such integration is particularly relevant in Manipur's hill districts, where road access is limited and air mobility often determines operational outcomes.”

All About K9 Units of the Indian Army

The Indian Army's K9 units form a specialized corps of military working dogs and their handlers, trained for a wide range of operational and support roles.

Dogs are deployed for explosive detection, tracking of militants, search and rescue operations, disaster management and perimeter security at sensitive installations.

Read also: In a first, Indian Army’s Remount Veterinary Corps deploys 4 newly commissioned women officers in forward posts

The army primarily uses Belgian Malinois, German Shepherds and Labrador Retrievers, each breed selected for specific traits like Malinois for aggression and agility in combat tracking, Labradors for their acute sense of smell in explosive and narcotic detection, and German Shepherds as versatile all-rounders.

K9 units operate across conflict zones including Jammu and Kashmir and the northeast, where they provide a critical tactical edge in jungle warfare and counter-insurgency operations.

The Remount Veterinary Corps (RVC), one of the oldest arms of the Indian Army, is responsible for the training, breeding and care of military dogs.

Each handler and dog undergoes rigorous joint training, often forming bonds that last the dog's entire service life.



",India Sentinels,https://www.indiasentinels.com/army/dogs-of-war-k9-units-of-indian-army-conduct-heli-borne-insertion-drill-in-manipur-7332,"05/08/2026, 07:00 AM, +0000 UTC",Security & Strategic Affairs
COAS reviews Manipur security,"Imphal, July 28: Chief of the Army Staff (COAS), General Dhiraj Seth, on Monday reviewed the prevailing security situation in Manipur during his ongoing visit to the Spear Corps, reaffirming the Indian Army's commitment to maintaining peace, stability and operational preparedness in the region.

During the visit, General Seth received a comprehensive briefing from senior military commanders on the current security environment, ongoing operational deployments and measures being undertaken to address evolving security challenges in the state.

The Army Chief was also briefed on the operational preparedness of the Inspector General Assam Rifles (South), Inspector General Assam Rifles (East), and the Red Shield Division. The presentations focused on counter-insurgency operations, border management, force readiness and coordination among various security agencies to ensure stability across the region.

Reviewing the Army's wider role beyond security operations, General Seth assessed the extensive nation-building initiatives being undertaken by the Army formations and the Assam Rifles. These initiatives include community outreach programmes, infrastructure development, educational support, healthcare assistance and other civic action projects aimed at promoting peace, trust and sustainable development in Manipur and other parts of the Northeast.

The Army Chief appreciated the efforts of the formations in strengthening engagement with local communities while maintaining a high level of operational effectiveness.

General Seth also interacted with troops deployed in the region and commended them for their professionalism, dedication and unwavering commitment under challenging operational conditions. He urged all ranks to remain vigilant, operationally agile and future-ready to effectively tackle emerging security threats.

He emphasised the importance of maintaining the highest standards of readiness while continuing to contribute towards lasting peace, security and development in the region.

The visit underscores the Indian Army's continued focus on enhancing operational capability, strengthening civil-military cooperation and supporting initiatives that foster long-term stability and progress across Manipur and the Northeast.",Brighter Kashmir,https://brighterkashmir.com/coas-reviews-manipur-security,"07/29/2026, 07:00 AM, +0000 UTC",Security & Strategic Affairs
"19 militants held, arms seized in joint ops","Imphal, Aug 4: Security forces have arrested 19 anti-national elements and recovered 10 weapons, explosives and war-like stores during a series of intelligence-based joint operations conducted across Manipur and Upper Assam over the past 10 days.

The coordinated operations were carried out from July 24 to August 2, 2026, by formations of the Indian Army and Assam Rifles under Spear Corps, in close coordination with the Manipur Police and Central Armed Police Forces.

The operations covered multiple sensitive districts, including Ukhrul, Imphal East, Kakching, Tengnoupal, Chandel and Thoubal in Manipur, besides areas in Upper Assam.

According to officials, the joint operations were launched on the basis of specific intelligence inputs to dismantle militant networks, prevent anti-national activities and enhance security in the region.

During the operations, security forces apprehended 19 suspected militants belonging to different insurgent groups. They also recovered 10 weapons, explosives and other war-like stores from various locations.

Officials said the recovered arms and ammunition have been seized for further investigation, while the arrested individuals have been handed over to the concerned police authorities for legal action.

The Army said the intelligence-driven operations reflect the close coordination among the Indian Army, Assam Rifles, Manipur Police and Central security forces in maintaining peace, disrupting insurgent activities and strengthening the security grid in the Northeast.",Brighter Kashmir,https://brighterkashmir.com/19-militants-held-arms-seized-in-joint-ops,"08/05/2026, 07:00 AM, +0000 UTC",Security & Strategic Affairs
"Lt Gen Girish Kalia Visits Assam Rifles Formations in Manipur, Reviews Security Preparedness","Lieutenant General Girish Kalia, General Officer Commanding of the Spear Corps, visited Assam Rifles formations deployed at Churachandpur and Pallel in Manipur to assess the security situation and operational preparedness.

During the visit, the Corps Commander reviewed key aspects of security arrangements and interacted with personnel deployed on ground. He commended the troops for their professionalism, dedication, and sustained readiness in maintaining stability in the region.

Lt Gen Kalia also engaged with local youth at the ‘Kinepna Center’ and the Community Radio Center, encouraging them to contribute actively towards nation-building and development. His interaction aimed at strengthening civil-military connect and fostering positive engagement with the local community.

The visit highlighted the Indian Army and Assam Rifles’ continued efforts to ensure peace, security, and inclusive development in the region through coordinated operations and community outreach initiatives.",SSBCrack,https://www.ssbcrack.com/2026/05/lt-gen-girish-kalia-visits-assam-rifles-formations-in-manipur-reviews-security-preparedness.html,"05/07/2026, 07:00 AM, +0000 UTC",Security & Strategic Affairs
Pragati 2026: Meghalaya hosts 13 nations for landmark military exercise,"Umroi (Meghalaya), May 30: Armies from 13 countries came together at Meghalaya's Umroi for the maiden multilateral military exercise, Pragati 2026, which concluded on Saturday with a focus on counter-insurgency operations, interoperability and fostering mutual trust among nations in the Indian Ocean region.

More than 400 soldiers, including around 20 women personnel, from Bhutan, Cambodia, Indonesia, Laos, Malaysia, Maldives, Myanmar, Nepal, Philippines, Seychelles, Sri Lanka, Vietnam and India participated in the two-week exercise.

The troops carried out a range of drills, including helicopter slithering operations, IED detection along operational routes and rock-face descents, officials said.

""Pragati was a mega exercise in the serene environment of Umroi in Meghalaya. We conducted various specialised drills and procedures, including rock craft, special heliborne operations, tactical situations,"" said Brigadier Mayur Shekatkar, the chief coordinator for the programme.

Director of the exercise, Col. Sandeep Poonia, said Pragati stands for 'Partnership of Regional Armies for Growth and Transformation in the Indian Ocean Region'.

""The aim is to create synergy, interoperability, and enhance mutual trust among the friendly foreign nations. The last two weeks we trained together, during which focus was on counter-insurgency operations based in semi-mountainous and jungle terrain,"" he said.

The routine also enabled them to experience the calmness of Yoga, he added.

Detailed discussions on how to incorporate niche technologies and the effect of these on the tactics, techniques and procedures (TTPs) were held during the two-week-long programme.

Col. Sandeep Poonia said, ""Detailed discussions were held on how to incorporate the latest and niche technology, and what the effect of these on our operations in the TTPs (tactics, technology and procedures.""

The exercise also provided an opportunity for sharing key best practices in the engineering field.

As part of the exercise, we have trained in tactical environments wherein key engineering tasks were done, and best practices were shared. For instance, counter IED drills were undertaken in a simulated combat environment,"" Major Susmita S Variar, engineering representative in the exercise, said.

Lt. Col. Sangay Jantsho of the Royal Bhutan Army said, ""We thank the Indian Army for organising this exercise, which has been a successful one. It has been an opportunity for us to interact with troops of other nations, learn and share our experience and expertise in counter-insurgency.""

He said it was a valuable exposure to operating alongside different countries.

Lt. Col. Louis Agathine harped on the historical ties between his country Seychelles and India, and said such exercises will enhance friendship across the Indian Ocean region.

""We are happy to exchange ideas, and we will put into practice what we learned,"" he said.

Echoing their thoughts, Staff Sergeant Mary Simongo of the Philippines said, ""We express our sincere thanks to the Indian Army for this exercise. We gained valuable knowledge and ideas, which we will take home.""

PTI",assamtribune.com,https://assamtribune.com/north-east/pragati-2026-meghalaya-hosts-13-nations-for-landmark-military-exercise-1612167,"05/29/2026, 07:00 AM, +0000 UTC",Security & Strategic Affairs
Indian Army Shielding Kuki Militants? Locals Confront Convoy Near Kanglatongbi as Tensions Explode,"Imphal: ""Tear gas and barricades near Kanglatongbi as a security-escorted convoy from Imphal Airport sparks confrontation. Locals ask: why is the Army shielding Kuki Militants?""

Tensions flared along the Imphal West border on Tuesday when a security-escorted convoy carrying allegedly 30 kuki militants from Imphal Airport toward Kangpokpi ran into a roadblock near Namdilong Naga village, in the Kanglatongbi area, Imphal, Manipur

Agitators had sealed the highway with burning timber, tyres, and mounds of earth, barricades that spoke to the communal fault lines still running through the region, where movement between districts remains fraught.

When security forces moved to clear the obstruction, the situation escalated. Personnel fired tear gas and smoke canisters to disperse the crowd. Thick smoke soon hung over the area, a visible sign of how volatile things had turned.

Amid the standoff, protesters on the ground raised pointed questions about the convoy itself. Several locals, speaking on condition of anonymity citing safety concerns, alleged that the approximately thirty individuals being escorted were kuki militants rather than civilians, and demanded answers as to why security forces were providing armed protection for their movement from Imphal Airport to Kangpokpi. ""Why is the Army shielding them?"" one agitator shouted above the din, a sentiment that appeared to ripple through the crowd.

The incident is the latest in a string of confrontations that have kept Manipur on edge. In recent weeks, protests and road blockades have repeatedly disrupted traffic along NH-2 and NH-37, with demonstrators in Kanglatongbi and Namdilong demanding action on hostage situations and abductions. The security forces did not respond to requests for comment at the time of filing.

Eyewitnesses and local residents alleged that a hyndai car parked along the roadside sustained extensive damage, occurred during lathi-charge operations by security forces, leaving all the vehicle's glasses, including the front and rear windshields, shattered, apart from multiple injuries of protesters due to lathicharging by security forces.

This is a developing story by NEWire.in",newire.in,https://newire.in/articles/indian-army-shielding-kuki-militants-locals-confront-convoy-near-kanglatongbi-as-tensions-explode,"06/24/2026, 07:00 AM, +0000 UTC",Security & Strategic Affairs
"Army, Assam Police review security framework for Independence Day celebrations","As part of the ongoing Military-Civil Fusion initiative, the Red Shield Division under the aegis of Spear Corps organised a Security Conference at Laipuli on Tuesday, July 1 in preparation for the forthcoming Independence Day celebrations.

The conference was convened with the objective of strengthening inter-agency coordination and reviewing the overall security framework to ensure the peaceful and secure conduct of Independence Day across the region.

The meeting was attended by senior Army officials along with representatives of the Assam Police, including the Senior Superintendent of Police (SSP), Tinsukia and Dibrugarh.

During the deliberations, participants focused on enhancing intelligence sharing mechanisms, implementing coordinated preventive measures, advancing proactive security planning and improving inter-agency synergy to effectively respond to emerging security challenges.

Officials also reviewed existing preparedness measures and discussed coordinated operational approaches aimed at ensuring timely information exchange and effective response capabilities during the national celebrations.

The conference concluded with all stakeholders reaffirming their commitment to seamless coordination and a unified approach towards ensuring a safe, secure and incident-free Independence Day.

The initiative reflects continued efforts by the Indian Army to strengthen military-civil fusion, foster institutional cooperation with civil agencies and contribute to maintaining peace, security and stability in the region.",India Today NE,https://www.indiatodayne.in/assam/story/army-assam-police-review-security-framework-for-independence-day-celebrations-1417292-2026-07-01,"07/01/2026, 07:00 AM, +0000 UTC",Security & Strategic Affairs
Manipur security forces destroy 10 hostile bunkers in Ukhrul District joint op,"Live Events



as a Reliable and Trusted News Source Addas a Reliable and Trusted News Source Add Now!

(You can now subscribe to our

(You can now subscribe to our Economic Times WhatsApp channel

Guwahati: In continuation of ongoing operations astride NH-202, the Security Forces led by the Indian Army launched a coordinated Joint Area Domination Patrols again in the general areas of Jalenbung hills and Thoyee Heights in Ukhrul district of Manipur to maintain the security situation and prevent the re-establishment of hostile infrastructure.The operation commenced with two joint columns comprising teams from the Indian Army, CAPF and Manipur Police carrying out the operation on both sides of the highway respectively. In the Jalenbung Hills, a systematic sweep resulted in the identification and subsequent destruction of multiple bunkers that had previously been dismantled but were found to be re-established. A total of five such bunkers were destroyed in the area.Simultaneously, in Thoyee Heights, a series of bunkers along the Mahadev Hills and Thoyee Heights were identified. Five repaired bunkers that had earlier been dismantled were destroyed again.Overall, a total of ten bunkers were destroyed during the coordinated operation.The operation underscores the continued synergized resolve of the Security Forces to deny any attempts at re-establishment of hostile firing positions, while ensuring peace and stability in the region through sustained and coordinated efforts.",economictimes.com,https://m.economictimes.com/news/defence/manipur-security-forces-destroy-10-hostile-bunkers-in-ukhrul-district-joint-op/articleshow/130313364.cms,"04/16/2026, 07:00 AM, +0000 UTC",Security & Strategic Affairs
Lt Gen V M Bhuvana Krishnan Reviews Security Situation and Operational Readiness in Manipur,"Lieutenant General V M Bhuvana Krishnan, Army Commander of the Eastern Command, visited Army and Assam Rifles formations in Manipur to review the prevailing security situation and operational preparedness in the region.

During the visit, the Army Commander was briefed on the current operational dynamics, deployment measures, and ongoing efforts aimed at maintaining stability and security in the state.

Lt Gen Krishnan also interacted with troops deployed in operational areas and appreciated the formations for maintaining high standards of readiness, professionalism, and unwavering commitment towards operational duties.

The visit highlighted the continued focus of the Indian Army and Assam Rifles on ensuring operational preparedness, effective coordination, and sustained vigilance in the region.",SSBCrack,https://www.ssbcrack.com/2026/05/lt-gen-v-m-bhuvana-krishnan-reviews-security-situation-and-operational-readiness-in-manipur.html,"05/21/2026, 07:00 AM, +0000 UTC",Security & Strategic Affairs
Indian Army to Host 11 Nations for First Exercise PRAGATI in Meghalaya,"The Indian Army is set to host delegations from 11 friendly foreign countries for the inaugural edition of Exercise PRAGATI at the Foreign Training Node in Umroi, Meghalaya.

What is Exercise PRAGATI?

Exercise PRAGATI (Partnership of Regional Armies for Growth and Transformation in the Indian Ocean Region) is a multinational initiative aimed at:

Strengthening defence cooperation

Enhancing interoperability between participating forces

Building mutual trust and coordination

Participating Nations

India extended invitations to 15 countries, including:

Bangladesh, Bhutan, Nepal, Sri Lanka

Indonesia, Malaysia, Thailand, Vietnam

Maldives, Myanmar, Singapore, Philippines, Laos, Cambodia, Seychelles

Out of these, 11 nations are participating, reflecting strong regional engagement.

Strategic Importance of Umroi

The exercise will be held at the Foreign Training Node in Umroi, a key military hub in Northeast India. The location is significant for:

Enhancing India’s military engagement in the Northeast

Strengthening connectivity with neighbouring and ASEAN nations

Facilitating joint training and knowledge exchange

Key Objectives

The exercise aims to:

Promote collective security in the Indian Ocean Region

Improve joint operational capabilities

Address emerging regional security challenges

India’s Expanding Regional Role

Through initiatives like Exercise PRAGATI, India is positioning itself as a key player in:",SSBCrack,https://www.ssbcrack.com/2026/04/indian-army-to-host-11-nations-for-first-exercise-pragati-in-meghalaya.html,"04/30/2026, 07:00 AM, +0000 UTC",Security & Strategic Affairs
Army Chief General Dhiraj Seth Calls on Manipur Governor Ajay Kumar Bhalla During High-Level Visit,"Chief of the Army Staff (COAS) General Dhiraj Seth called on the Governor of Manipur, Ajay Kumar Bhalla, at Raj Bhavan (Lok Bhavan) during his visit to the state, reaffirming the Indian Army’s commitment to maintaining peace, security and stability in the region. The meeting brought together the Army’s senior operational leadership responsible for overseeing security and counter-insurgency operations across the Northeast.

Accompanying the Army Chief were the General Officer Commanding-in-Chief (GOC-in-C) of the Eastern Command, the General Officer Commanding (GOC) of 3 Corps, and the Inspector General of Assam Rifles (South). The presence of the senior military leadership underscored the strategic importance of Manipur and the continued focus on coordinated efforts to ensure security and normalcy in the state.

During the courtesy call, the senior Army leadership interacted with Governor Ajay Kumar Bhalla and discussed the prevailing security environment, operational preparedness and the ongoing efforts being undertaken by the Indian Army and the Assam Rifles in support of maintaining peace and public confidence. The meeting also reflected the close coordination between the Armed Forces and the civil administration in addressing security challenges while facilitating developmental and governance initiatives.

General Dhiraj Seth’s visit comes as the Indian Army continues to play a vital role in safeguarding national security and supporting civil authorities across the Northeastern region. The Army, in close cooperation with the Assam Rifles and other security agencies, has been actively engaged in maintaining law and order, conducting counter-insurgency operations and assisting the administration in restoring normalcy wherever required.

Eastern Command, headquartered in Kolkata, is responsible for safeguarding India’s eastern frontiers and overseeing military operations across the Northeast. Under its operational control, formations such as 3 Corps remain at the forefront of ensuring security, enhancing operational readiness and responding swiftly to emerging challenges in the strategically significant region.

The Assam Rifles, functioning under the operational control of the Indian Army, continues to serve as the primary force responsible for border security along the India-Myanmar frontier while also undertaking counter-insurgency and internal security duties across the Northeast. Its close coordination with the Army has been instrumental in maintaining stability and strengthening security mechanisms in the region.

The interaction between the Army leadership and the Governor highlighted the importance of seamless civil-military cooperation in addressing complex security challenges. Such engagements facilitate regular exchanges on the prevailing security situation, operational preparedness and measures aimed at ensuring the safety and well-being of the people.

General Dhiraj Seth has consistently emphasised the importance of maintaining high standards of operational readiness while fostering close coordination with all stakeholders involved in safeguarding national security. His visit to Manipur reflects the Indian Army’s continued focus on reviewing ground realities, engaging with military formations and strengthening institutional cooperation with state authorities.

The meeting also reaffirmed the Indian Army’s commitment to supporting peace, stability and development across the Northeastern region through a combination of operational excellence, people-centric initiatives and close collaboration with civil administrations. As security dynamics continue to evolve, such high-level interactions remain essential in reinforcing a unified approach towards preserving peace and ensuring the effective implementation of national security objectives.

The courtesy call at Lok Bhavan underscores the enduring partnership between the Armed Forces and the civil administration, reflecting a shared commitment to maintaining stability, promoting confidence among local communities and safeguarding the strategic interests of the nation in one of its most important regions.",SSBCrack,https://www.ssbcrack.com/2026/07/army-chief-general-dhiraj-seth-calls-on-manipur-governor-ajay-kumar-bhalla-during-high-level-visit.html,"07/29/2026, 07:00 AM, +0000 UTC",Security & Strategic Affairs
"Indian Army and Assam Rifles Recover Arms, Nab Militants in Manipur Operations","Indian Army and Assam Rifles formations under Spear Corps, in close conjunction with Manipur Police, conducted a series of precise, intelligence-driven joint operations across Kakching, Chandel and Tengnoupal Districts during the period of April 19 to 25, a press release said.

The operations led to the apprehension of 03 cadres from hill and valley-based groups and the recovery of 06 weapons, explosives and other war-like stores.

On April 19, Assam Rifles launched a joint operation with the Kakching Commando team at Kakching Lamkhai Laipham Loknung.

During the operation an active cadre of the PREPAK (Pro) was apprehended.

On April 20, based on credible intelligence Assam Rifles conducted a coordinated operation in the Tengnoupal District and apprehended a PREPAK (PRO) cadre and a PLA cadre.

On April 21, Assam Rifles conducted a operation in the jungle areas of T Bongmol, Tengnoupal District and recovered one rifle, one carbine, two radio sets and four Improvised Explosive Devices (IEDs).

On April 23, Assam Rifles and Chandel Police carried out a joint operation in the dense marshy forests near Khumkot Village in the Khengjoi Sub Division and recovered four Rifles, four Pompi, seven Bombs, three Grenades with one detonator and five radio sets.",Pioneer Daily,https://dailypioneer.com/news/security-forces-conduct-joint-operation-in-manipur-3-cadres-held-arms-recovered,"04/29/2026, 07:00 AM, +0000 UTC",Security & Strategic Affairs
"Eastern Army chief reviews security with Gov, CM","KOHIMA, JUL 2 (AGENCIES): General Officer Commanding-in-Chief (GOC-in-C), Eastern Command of the Indian Army, Lt Gen V.M. Bhuvana Krishnan, on Thursday met Nagaland governor Nand Kishore and chief minister Neiphiu Rio to review the security situation, border infrastructure and Army-civil coordination in the state.

During his meeting with the Governor, Lt Gen Krishnan discussed national security, development of border areas and coordination between the armed forces and the civil administration to maintain peace and stability.

The Governor lauded the Indian Army’s role in safeguarding the country’s frontiers and appreciated its humanitarian assistance and civic action programmes in remote areas of Nagaland.

Lt Gen Krishnan later paid a courtesy call on chief minister Neiphiu Rio at his official residence.

The two discussed the prevailing security scenario, infrastructure development in border areas and ongoing initiatives jointly undertaken by the Army and the state government to support local communities.

Rio congratulated Lt Gen Krishnan on assuming charge as the GOC-in-C of the Eastern Command and wished him a successful tenure.

Deputy chief ministers– TR Zeliang and Y Patton were also present.

Lt Gen Krishnan recently took over as the head of the Eastern Command and is on a tour of the North Eastern region to review areas under its jurisdiction.

The Eastern Command oversees the Army’s operations across the North East, including Nagaland.

According to IANS, Lt Gen Krishnan also held a key interaction with the chairman of Ceasefire Monitoring Group (CFMG) and discussed issues related to security and implementation of ceasefire mechanisms.

Defence spokesman Lt Col Mahendra Rawat said the deliberations highlighted the importance of sustained cooperation among various security agencies, enhanced coordination and collaborative efforts to ensure lasting peace, security and stability in the region.

The discussions also reaffirmed the shared commitment of all stakeholders towards maintaining an effective ceasefire framework and addressing emerging security challenges through close coordination and constructive engagement.

Lt Gen Krishnan also visited the Inspector General Assam Rifles (North) headquarters to assess the prevailing security scenario, operational readiness and ongoing operational initiatives in the region.

During the visit, the Army Commander was given a detailed briefing on the operational environment, the evolving security dynamics and the preparedness of the formation to effectively deal with emerging challenges, the spokesman said.

Further, in recognition of their exemplary devotion to duty and outstanding professional performance, the Eastern Army Commander presented Commendation Cards to deserving personnel.",Nagaland Post,https://nagalandpost.com/eastern-army-chief-reviews-security-with-gov-cm/,"07/03/2026, 07:00 AM, +0000 UTC",Security & Strategic Affairs
Video of security movement in Manipur shared as CRPF entering Bengal to ‘protect Hindus’,"A video of a convoy of vehicles carrying security personnel is viral with the claim that the visuals are from West Bengal in the run-up to the assembly elections. Several Right-wing influencers have shared the purported visuals, saying that such forces were deployed to protect the Hindus of the state.

Sharing then video, pro-BJP influencer Ocean Jain (@ocjain4) wrote, “… Now no more talks, straight-up heavy action has begun. In Bengal, no more Muslim rule, only Hindu rule will prevail.” The post garnered close to 71,000 views. (Archive)

बंगाल में CRPF की एंट्री से माहौल बदल गया अब बातचीत नहीं सीधा तगड़ा एक्शन शुरू बंगाल में मियां राज नहीं सिर्फ हिंदू राज चलेगा 🔥 pic.twitter.com/nrjh1cxM9r — ocean jain (@ocjain4) April 8, 2026

X handle The Jat Association (@Jatassociation), too, shared the clip, claiming armed forces were being deployed in the state in large numbers to ensure the safety of Hindus. “The message is clear: if there’s an attempt to suppress Hindus or incite riots to kill them, a new chapter of action will be written”, wrote the user in their caption. (Archive)

जिस पश्चिम बंगाल में चुनाव की चर्चाओं से ही हिंदुओं में घबराहट पैदा हो जाती थी | उस घबराहट को समाप्त करने के लिए सुरक्षा बलों की संख्या और बढ़ा दी गई है | संदेश स्पष्ट है कि हिंदुओं को दबाने या दंगे कर मारने का प्रयास किया तो कार्यवाही की नई कहानी लिख दी जाएगी | pic.twitter.com/re6XrrMBym — THE JAT ASSOCIATION (@Jatassociation) April 8, 2026

Several others amplified the viral video with the same claim.

This slideshow requires JavaScript.

Several Facebook users also amplified the viral video. (Links- 1, 2)

This slideshow requires JavaScript.

Fact Check

Upon a reverse image search, we were led to a February 2025 post on X by northeast-based YouTuber Neha Gurung containing the same video. She wrote that the video showed Indian army personnel doing a flag march in Imphal, Manipur.

The Indian army announces to the public that they have come here to restore peace and urging people to stay at home. After the PR is imposed in Manipur, a video has gone viral showing the Indian army doing flag March at Imphal city and asking people to stay indoors and saying… pic.twitter.com/BOqRuwIpb0 — Neha Gurung (@nehaGurung1692) February 17, 2025

Given the exceptional quality of the video, we could independently geolocate it to Imphal city.

The green sign board highlighted in the above image shows the name of the locality: Sougaijam Leirak in Imphal.

This conclusively proves that the viral video is not from Bengal and not related to the upcoming assembly polls. Alt News geo-located the place shown in the video and found that the footage was from Imphal.

Notwithstanding that, it is a fact that a record number of CAPF personnel has been deployed in Bengal ahead of the elections. Bulletproof multipurpose night vehicles have been spotted at several locations across Kolkata.

Kolkata, West Bengal: Ahead of the state assembly elections, CRPF has deployed bulletproof multipurpose night vehicles at several locations across the city to strengthen security. One such vehicle, along with personnel, has been stationed at Hazra Crossing to ensure enhanced… pic.twitter.com/nUfxkPByfS — IANS (@ians_india) April 15, 2026

Related",Alt News,https://www.altnews.in/video-of-security-movement-in-manipur-shared-as-crpf-entering-bengal-to-protect-hindus/,"04/17/2026, 07:00 AM, +0000 UTC",Security & Strategic Affairs
Indian Army Conducts Specialised Security Training for CISF Personnel at Agartala Airport,"Agartala, 27th July 2026 : In a move aimed at strengthening aviation security and enhancing coordination between security forces, the Spear Corps of the Indian Army has launched a two-week specialised training programme for Central Industrial Security Force (CISF) personnel deployed at Maharaja Bir Bikram (MBB) Airport, Agartala.

The 14-day training programme, which began on July 27, 2026, is being conducted at Agartala Military Station under the framework of Military-Civil Fusion. The initiative focuses on improving operational coordination, upgrading tactical preparedness, and strengthening protection mechanisms for critical aviation infrastructure.

During the training, Indian Army instructors will provide CISF personnel with expertise in areas including industrial and critical infrastructure security, vital area and vital point protection, quick reaction team drills, counter-drone operations, and threat mitigation strategies.

A representative overseeing the programme said that modern security challenges require a coordinated response from multiple agencies. The collaboration between the Indian Army’s tactical expertise and CISF’s specialised aviation security role is expected to further enhance the security preparedness of MBB Airport.

The initiative reflects the Indian Army’s continued efforts to build operational synergy with Central Armed Police Forces and improve the overall security framework of vital installations. After completing the training, CISF personnel will return to their airport duties with enhanced skills and improved readiness to counter emerging security threats.",Tripura Chronicle,https://tripurachronicle.in/local-news/indian-army-conducts-specialised-security-training-for-cisf-personnel-at-agartala-airport/,"07/27/2026, 07:00 AM, +0000 UTC",Security & Strategic Affairs
Security forces intensify joint ops after militants fire on Army post in Manipur,"Imphal, March 26: Continuing massive joint operations in Manipur, security forces on Thursday intensified combing operations in Bishnupur district following an attack by suspected Kuki militants targeting an Indian Army post at Phougakchao Awang Leikai.

The joint operation, involving the Indian Army, Central Reserve Police Force (CRPF), Manipur Police and Indian Reserve Battalion (IRB), has been launched in the affected areas and adjoining hill regions to track down the attackers and prevent any further escalation.

The incident that triggered the operation occurred late Wednesday night along the Bishnupur–Churachandpur axis, when suspected armed militants opened fire in the Phouljang and Gothol areas.

“On 25 March 2026, at approximately 11:40 PM, suspected armed Kuki militants opened fire in the general area of Phouljang/Gothol, directing their fire towards an Indian Army post,” Manipur Police said in a statement.

“The Indian Army and the Central Reserve Police Force (58th Battalion), deployed in the area, responded swiftly by returning fire towards the source, resulting in an exchange that lasted approximately 30 minutes,” it further added.

A police official said that the forces retaliated promptly, leading to a gunbattle that continued for around half an hour.

Security forces have since intensified vigil in the region, with search operations underway in surrounding areas.

“The situation continues to be closely monitored, and security forces will persist with operations in the surrounding hill areas. Civilians are requested to refrain from spreading rumours and to verify information before sharing,” the police said.

In a separate development, Manipur security forces dismantled six illegally constructed bunkers in the Litan and Mongkat Chepu Upper village areas of Ukhrul district.

“In continuation of the operation by security forces which commenced yesterday, six bunkers illegally constructed were dismantled on Wednesday at Litan and Mongkat Chepu Upper village areas,” a police statement said.

The development comes amid heightened tensions between Kuki and Tangkhul Naga villagers near Litan Sareikhong, where a Kuki woman sustained injuries in firing at Mongkot Chepu earlier this week, while two Tangkhul Naga persons were injured in a separate firing at Sharkaphung in neighbouring Kamjong district.

Both sides have since traded allegations over the attacks, further escalating tensions in the region.

Officials said the bunkers, which were used in recent gunfights between armed groups in the violence-affected Litan area, have largely been rendered ineffective following the operation.

Security forces remain on high alert, with troops strategically deployed to prevent any escalation of violence in the region.

Security forces have intensified search operations and area domination exercises in fringe and vulnerable areas to stabilise the situation and prevent further flare-ups, officials added.

With inputs from agencies",assamtribune.com,https://assamtribune.com/north-east/security-forces-intensify-joint-ops-after-militants-fire-on-army-post-in-manipur-1609872,"03/26/2026, 07:00 AM, +0000 UTC",Security & Strategic Affairs
India marks Pahalgam anniversary with tightened security & warning to terror groups,"Guwahati, April 22: The Indian Army on Tuesday issued a stern warning to the perpetrators of terrorism on the eve of the first anniversary of the Pahalgam attack, asserting the response is decisive when “boundaries of humanity are crossed” as families of the victims said they are still coming to grips with the loss.

As a tribute to those who lost their lives in the attack that took place in the meadows of Baisaran valley, a memorial has been erected in the hill resort of Pahalgam.

Built of black marble, it bears the names of the 26 victims – 25 tourists and local ponywallah Adil Shah – and has been constructed along the banks of the Lidder river.

For the family of N Ramachandran, one of the tourists killed, nothing has changed, and the family is yet to recover from his untimely death.

Ramachandran, 65, on holiday in Kashmir with his wife, daughter, and grandchildren, was gunned down by terrorists in the attack on April 22 that sent shockwaves across the country, prompting India to launch Operation Sindoor, a military response targeting terror launchpads in Pakistan.

Arathi R Menon, before whose eyes her father was killed, said there was nothing more for her to say about the tragedy. “I don’t want to say anything more. A year has gone by, and everything is the same. So, I don’t want to comment on anything about it. Right now, I am not in a state to comment on anything. I am so sorry,” she said.

Ahead of the anniversary of the dastardly act, the Army in a post on X said, “When boundaries of humanity are crossed, the response is decisive. Justice is Served. India Stands United. #SindoorAnniversary #JusticeEndures #NationFirst.”

The post, heavily symbolic, also carried a digital poster bearing a silhouetted image of the map of India with the caption “SOME BOUNDARIES SHOULD NEVER BE CROSSED”.

The ‘O’ in the word ‘CROSSED’ was depicted by a bowl carrying a dash of ‘sindoor’ (vermilion), and a tagline at the bottom printed in crimson hue, read, “INDIA DOES NOT FORGET” with a red line drawn at the bottom.

After launching the decisive military operation, the Indian Army in a post on X on May 7 last year had said, “#PahalgamTerrorAttack Justice is Served. Jai Hind!” along with a digital poster that carried the name ‘OPERATION SINDOOR’. One of the Os in ‘SINDOOR’ was portrayed as a bowl carrying a dash of ‘sindoor’.

During the day, Maharashtra Deputy Chief Minister Eknath Shinde handed over a newly-constructed house to the family of Adil Shah, fulfilling a promise he made last year.

The Shiv Sena organised a function in ponywallah Adil’s native Hapatnar village in which Shinde participated virtually.

Meanwhile, the Jammu and Kashmir administration has deployed additional police and paramilitary personnel in and around Pahalgam, with intensified checking at multiple points and heightened surveillance to ensure a peaceful commemoration on Wednesday.

Senior officials said all necessary arrangements have been put in place for the event, which is expected to be attended by several politicians, civil society members, families of the victims, and local representatives.

PTI",assamtribune.com,https://assamtribune.com/national/india-marks-pahalgam-anniversary-with-tightened-security-warning-to-terror-groups-1610843,"04/21/2026, 07:00 AM, +0000 UTC",Security & Strategic Affairs
"Eastern Army Commander reviews security along India-B’desh border in Mizoram, Tripura","Amid the volatile situation in Bangladesh, Eastern Command Commander Lt Gen R.C. Tiwari, along with General Officer Commanding Lt Gen Abhijit S. Pendharkar, visited the India-Bangladesh border areas in Mizoram and Tripura to review the prevailing security situation and preparedness along the frontier.

A post on the X handle of the Eastern Command of the Indian Army on Friday said: “Lt Gen R.C. Tiwari, Army Cdr EC, along with Senior Military Officers, visited the company operating Base of Assam Rifles and BSF under Spear Corps at Parva in Mizoram, to review the security situation along the Indo-Bangladesh Border.”

“Army Cdr EC lauded the Assam Rifles and BSF troops for their steadfastness, resilience and a high level of operational preparedness,” the post said.

Both Lt Gen Tiwari, Lt Gen Pendharkar, accompanied by senior Army officials, visited southern Tripura’s Belonia and reviewed the situation along the border.

Four Indian northeastern states of Tripura (856 km), Meghalaya (443 km), Mizoram (318 km) and Assam (263 km) share a 1,880-km border with Bangladesh. BSF has been guarding the India-Bangladesh border.

Tripura shares an 856-km-long border with Bangladesh, surrounded on three sides by the neighbouring country, making it highly vulnerable to smuggling and other cross-border crimes.

Download Nagaland Tribune app on Google Play



Tripura Chief Minister Manik Saha earlier on the day (Friday) said that the Indian government is closely monitoring the evolving situation in Bangladesh and is fully prepared to deal with any eventuality.

The Chief Minister said that following the exit of former Bangladesh Prime Minister Sheikh Hasina, a series of disturbing and destructive incidents have been reported in the neighbouring country.

Reacting to the prevailing situation, CM Saha said the Tripura government has been regularly sending detailed reports to the Centre on developments arising from the unrest across the border.

“Dreaded terrorists, criminals and individuals involved in various crimes have been released from Bangladeshi jails,” CM Saha, who also holds the Home portfolio, told the media on the sidelines of a government event.

Stating that India and its armed forces are always prepared to handle any situation, the Chief Minister said the Union Cabinet, headed by Prime Minister Narendra Modi, is fully aware of the developments in Bangladesh and is keeping a close watch on the situation.

“Our drone surveillance systems have made significant advancements. The S-400 mobile long-range surface-to-air missile (SAM) system has already demonstrated its capabilities,” CM Saha said, adding that security arrangements and all necessary measures along the border are robust and well-equipped.",Nagaland Tribune,https://nagalandtribune.in/eastern-army-commander-reviews-security-along-india-bdesh-border-in-mizoram-tripura/,"12/19/2025, 08:00 AM, +0000 UTC",Security & Strategic Affairs
GOC 3 Corps calls on Manipur Governor,"Imphal, July 21: Lieutenant General Girish Kalia, General Officer Commanding (GOC), 3 Corps, and Major General Gaurav Sharma, Inspector General Assam Rifles (South), called on the Governor of Manipur at Raj Bhavan, Imphal, on Tuesday.

During the meeting, the senior Army commanders briefed the Governor on the prevailing security situation in the state, ongoing counter-insurgency operations, and the coordinated efforts being undertaken by the Indian Army and Assam Rifles to maintain peace and stability in Manipur.

The discussions also focused on strengthening civil-military cooperation, enhancing coordination with state authorities, and ensuring effective security arrangements to safeguard public safety and normalcy across the region.

The Governor appreciated the professionalism, dedication, and sustained efforts of the Indian Army and Assam Rifles in maintaining law and order, assisting the civil administration, and fostering confidence among the people.

The meeting reaffirmed the commitment of the security forces and the state administration to work in close coordination for lasting peace, stability, and development in Manipur.",Brighter Kashmir,https://brighterkashmir.com/goc-3-corps-calls-on-manipur-governor,"07/22/2026, 07:00 AM, +0000 UTC",Security & Strategic Affairs
Suspected Kuki militants target army post in Manipur,"

as a Reliable and Trusted News Source Addas a Reliable and Trusted News Source Add Now!

(You can now subscribe to our

(You can now subscribe to our Economic Times WhatsApp channel

Guwahati: Violence continued in Manipur as suspected Kuki militants opened fire near Phouljang and Gothol, targeting an Army post in Phougakchao Awang Leikai. The incident occurred late on Wednesday night. Manipur Police posted on X, ""On March 25, 2026, at approximately 11:40 pm, suspected armed Kuki militants opened fire in the general area of Phouljang/Gothol, directing their fire towards an Indian Army post in Phougakchao Awang Leikai.""The police further said, ""The Indian Army and the Central Reserve Police Force (58th Battalion), deployed in the area, responded swiftly by returning fire towards the source, resulting in an exchange that lasted approximately 30 minutes. From the early hours of March 26, 2026, a combined operation was launched by the Indian Army, CRPF, Manipur Police, and the Indian Reserve Battalion (IRB) in the general area where the firing took place, as well as in the adjoining hill areas. The situation continues to be closely monitored, and security forces will continue operations in the surrounding hill areas. Civilians are requested to refrain from spreading rumours and to verify information before sharing.""",economictimes.com,https://m.economictimes.com/news/defence/suspected-kuki-militants-target-army-post-in-manipur/articleshow/129831981.cms,"03/26/2026, 07:00 AM, +0000 UTC",Security & Strategic Affairs
"Joint operations by security forces in Manipur; 13 militants arrested, huge caches of arms-ammunition seized","IMPHAL: During the period of March 15-21, Indian Army and Assam Rifles formations under Spear Corps, in close conjunction with Manipur Police, conducted a series of precise, intelligence-driven joint operations across Imphal East, Imphal West, Bishnupur, Chandel, Kakching, Thoubal and Tengnoupal Districts. The operations led to the apprehension of 13 cadres from hill and valley-based groups and the recovery of 57 weapons, explosives and other war-like stores.

On March 15, 2026, Assam Rifles, acting on specific intelligence, apprehended five cadres of PREPAK, KCP and KYKL groups near BP 73 along the Indo–Myanmar Border in Tengnoupal District. Later on the same day, four cadres of the PLA were apprehended near BP 88 in Kakching District. On the same day, Assam Rifles in coordination with Manipur Police recovered a pistol, an improvised mortar, eight IEDs, communication equipment and ammunition from Boljang Hill Range, Tengnoupal.

On March 17, 2026, Assam Rifles launched a joint operation with Thoubal Police Commandos which led to the apprehension of one PREPAK (ANE) cadre along with ammunition, a vehicle and a mobile phone from Thoudam Bazar. On the same day, Assam Rifles and Imphal West Police Commandos apprehended one PREPAK (PRO) cadre from Canchipur. Later on the same day, based on credible intelligence, Indian Army conducted a joint operation with Bishnupur Commandos in Thanga in the Valley area and recovered one rifle with magazine, one pistol with a magazine, one hand grenade, one local made bomb, six rounds of pistol, six rounds of rifle, fifteen fired cases of INSAS rifle and two Bullet Proof plates.

On March 18, 2026, Assam Rifles, in a joint operation with Imphal East Police Commandos, apprehended a woman cadre of KCP (PWG) in Kongba Uchekon. A mobile phone and SIM card were recovered. On 19 March, Assam Rifles and Imphal East Commandos apprehended one active cadre of the United People’s Party of Kangleipak in Mantripukhri.

On March 20, Assam Rifles along with Tengnoupal Police recovered one single barrel gun, one pistol with magazine (USA-made), two improvised mortars, 42 rounds of assorted ammunition, 29 IEDs, five hand-made grenades, two grenades, two Chinese grenades, seven stun grenades, five detonators, seven ignitor fuses, two Motorola sets and two magazine pouches between Loisi and Saivom villages.

On the same day, Assam Rifles recovered three pistols with three magazines, one grenade launcher, 12 IEDs and four radio sets at Yangnoubung Village, Chandel District. Later on the same day, in Thalem–Chingkhan Hill Range of Chandel District, nine IEDs, one pistol with a magazine, one 12-bore rifle, two Motorola sets, nine M-16 rounds and seven pistol rounds were recovered. At Tentha Marongband, Thoubal District, two pistols, two bolt-action single-barreled rifles and 13 live rounds were recovered.

On the same day in Lamdeng, Assam Rifles and Imphal West Police Commandos recovered one SLR, one single-barreled gun, one bolt-action rifle, one sniper-type rifle, eleven pistols and 85 live rounds. Later on the same day, four pistols, one 12-bore single-barreled gun, one rifle, one country-made rifle and three INSAS magazines were recovered at Keirao Wangkhem, Imphal East.

Also on same day, Assam Rifles and Thoubal Police Commandos recovered one CMG, three bolt action rifles, two pistols and 14 live rounds at Tentha, Thoubal and three pistols, one grenade, two smoke bombs, 20 rounds of pistol, one binocular, one wireless set with charger and two INSAS LMG magazines at Nongpok Sanjenbam and later Assam Rifles carried out a joint operation at Champai hills, Sagolmang and recovered one Rifle, two 12 bore single barrel short butt, five 12 bore single barrel rifle, three Pistols, ammunition & other War Like Stores.",organiser.org,https://organiser.org/2026/03/23/345408/bharat/joint-operations-by-security-forces-in-manipur-13-militants-arrested-huge-caches-of-arms-ammunition-seized/,"03/23/2026, 07:00 AM, +0000 UTC",Security & Strategic Affairs
"Assam Rifles, Indian Army Recover Huge Arms Cache in Manipur; Six Militants Arrested","During the period of June 21 to June 27, Indian Army and Assam Rifles formations under Spear Corps, in close coordination with Manipur Police and Central Security Forces, conducted a series of intelligence-based joint operations across Kangpokpi, Imphal West, Imphal East, Thoubal and Kakching districts.

The operations led to the apprehension of six cadres belonging to various proscribed outfits and the recovery of arms, ammunition, explosives and other war-like stores.

On June 24 and June 26, Assam Rifles, in joint operations with Manipur Police and a CRPF Battalion, unearthed a major cache of arms, ammunition, and war-like stores from the general areas of Loiching Ridge, Maohing, and North Changoubung in Kangpokpi District. The successful seizures comprised two rifles, one carbine machine gun, one rifle, 42 country-made rifles, multiple pistols, improvised mortars, pumpis, and one under-barrel grenade launcher.

The search columns also recovered a significant quantity of ammunition, explosives, and equipment, including multiple grenades, over 250 rounds of ammunition, and communication equipment. During the same operational window, Assam Rifles and Manipur Police launched massive intelligence-led joint operations across Imphal West, Imphal East, Thoubal, and Kakching districts.

The crackdown resulted in the intercept and apprehension of six active cadres from the proscribed outfits SOREPA, KCP(N), KYKL, and RPF(PLA), including a self-styled Captain. Security forces also executed a major weapon recovery during these targeted operations, seizing one pistol, 97 rounds of mixed ammunition, gunpowder, and an unregistered vehicle.",Pioneer Daily,https://dailypioneer.com/news/slug-lite/security-forces-seize-major-cache-of-arms-in-manipur?year=2026,"07/01/2026, 07:00 AM, +0000 UTC",Security & Strategic Affairs
"Indian Army, Assam Rifles, Manipur Police apprehend senior United Kuki National Army cadre","

as a Reliable and Trusted News Source Addas a Reliable and Trusted News Source Add Now!

(You can now subscribe to our

(You can now subscribe to our Economic Times WhatsApp channel

Guwahati: In a planned and coordinated joint operation by the Indian Army , Assam Rifles and Manipur Police , a high-ranking United Kuki National Army UKNA ) cadre, alleged to be a self-styled Finance Secretary of the organisation, was apprehended from Molnom Village in Churachandpur district of Manipur on 23 July 2026.The cadre is a High Value Target and was involved in large-scale extortion as well as firing incidents being carried out by UKNA in the area. A defence spokesperson said upon confirmation of his presence in Molnom village, the security forces swiftly cordoned off the village and apprehended the individual. The Police identified the individual as S Palal Thadou alias Lalboi Singson, age 45 years. Extortion notes and a mobile phone were recovered from him.This joint operation is a major success for the security forces and will contribute immensely towards peace being restored in the region.",economictimes.com,https://m.economictimes.com/news/defence/indian-army-assam-rifles-manipur-police-apprehend-senior-united-kuki-national-army-cadre/articleshow/132609658.cms,"07/24/2026, 07:00 AM, +0000 UTC",Security & Strategic Affairs
Indian Army Launches 14-Day Tactical Training for CISF at Agartala Airport,"Abhijit Nath, NET Correspondent, Tripura

Agartala, July 27, 2026: The Indian Army has launched a 14-day specialised training programme for CISF personnel deployed at Maharaja Bir Bikram (MBB) Airport, Agartala, under the Military-Civil Fusion initiative to enhance the security of the state’s premier aviation facility.

The joint exercise is designed to strengthen operational coordination between the Indian Army and the Central Industrial Security Force (CISF). During the programme, Army instructors are imparting advanced tactical training to CISF personnel to improve their readiness in tackling emerging security threats and safeguarding critical airport infrastructure.

The training focuses on modern aviation security challenges, including counter-drone operations, enabling personnel to detect, assess and respond effectively to unauthorised or hostile unmanned aerial vehicles operating near the airport. Special emphasis is also being placed on Quick Reaction Team (QRT) drills to enhance response capabilities during emergencies, security breaches and other high-risk situations.

Another key component of the programme is the protection of critical infrastructure and Vital Areas/Vital Points (VA/VP) within the airport. CISF personnel are being trained in advanced surveillance techniques, access control measures and incident response strategies to secure sensitive locations such as runways, terminal buildings, entry gates and other strategic installations.

MBB Airport, the principal civil aviation hub of Tripura and a major gateway to the Northeast, holds strategic importance due to its proximity to the international border. With evolving threats, particularly from low-flying drones, the need for enhanced coordination among security agencies has become increasingly significant.

Officials associated with the programme said the Army’s expertise in combat operations, anti-sabotage measures and counter-drone warfare, combined with the CISF’s specialised role in aviation security, would considerably strengthen the airport’s security architecture. They added that the initiative aims to improve interoperability between the two forces while ensuring each continues to perform its designated responsibilities effectively.

The programme also reflects the Indian Army’s continued emphasis on capacity building and closer cooperation with Central Armed Police Forces (CAPFs). Upon completion of the training, CISF personnel are expected to return to operational duties with enhanced tactical proficiency, improved situational awareness and greater capability to counter evolving security challenges, thereby reinforcing the overall security preparedness of MBB Airport.",Northeast Today,https://northeasttoday.in/northeast/indian-army-launches-14-day-tactical-training-for-cisf-at-agartala-airport/,"07/27/2026, 07:00 AM, +0000 UTC",Security & Strategic Affairs
Indian Army Rejects Reports of Chinese Intrusion on Arunac…,"The Indian Army has denied reports claiming that Chinese troops entered Indian territory and built military camps in Arunachal Pradesh.

In an official statement released on Monday, the Army called these reports ""false and baseless.""

It said that the security situation along the India-China border is strong and under full control. The Army also assured the public that Indian soldiers are fully prepared to protect the country's borders and that there is no reason for concern.

Claims Made by a Local Organisation

The controversy started after a local group called the Nah Welfare Society (NWS) submitted a memorandum to the Deputy Commissioner of Upper Subansiri district in Arunachal Pradesh. The organisation claimed that the Chinese People's Liberation Army (PLA) had slowly increased its presence in the Taksing border area over the past six years.

Main allegations made by the NWS :

Chinese troops have increased their presence in the Taksing border region.

Traditional grazing, farming, and hunting lands have been affected.

Roads, bridges, and military camps have reportedly been built near the border.

Local people fear losing access to their ancestral land and sacred places.

The 35th meeting of the Working Mechanism for Consultation and Coordination (WMCC) on India-China Border Affairs was held in Beijing.

The Indian Army has completely rejected these allegations. The Army said that security forces remain alert at all times and regularly monitor the border. It also assured citizens that India’s borders are being protected effectively and that the situation remains peaceful and under control.",GujaratSamachar English,https://english.gujaratsamachar.com/news/national/indian-army-rejects-reports-of-chinese-intrusion-on-arunachal-border-34028821823,"06/30/2026, 07:00 AM, +0000 UTC",Security & Strategic Affairs
Operation Sindoor Anniversary in Arunachal Pradesh: Awareness drive to depict incredible capabilities of Indian Army,"Itanagar: The Indian Army commemorated the first anniversary of ‘Operation Sindoor’ in Menchuka in Arunachal Pradesh, with enthusiastic participation from students, teachers and members of the local community. The event held at Government Higher Secondary School, was organised to highlight the operational significance of ‘Operation Sindoor’ and to enhance public awareness about the role, capabilities and preparedness of the Indian Army.

A detailed presentation was conducted, covering the broad contours of the operation, its planning, execution and key outcomes. The session provided the audience with a deeper understanding of the Army’s commitment to safeguarding national security and maintaining operational readiness in challenging terrain.

As part of the commemoration, a static display of weapons and equipment was also organised. The display showcased the modern inventory and technological capabilities of the Indian Army, offering the civilian populace a firsthand insight into the equipment used by soldiers in high-altitude and demanding operational environments.

The event also provided an opportunity for meaningful interaction between Army personnel and local residents, further strengthening the bond of trust, cooperation and mutual respect. Such initiatives continue to play an important role in reinforcing civil-military synergy in remote border areas. The commemoration concluded with a renewed resolve towards service, security and nation building, reflecting the Indian Army’s unwavering commitment to safeguarding the sovereignty and territorial integrity of the nation.

Army honours Porters

Spearhead Division of Spearcorps commemorated ‘Labour Day’ at forward locations in Menchuka valley, paying tribute to the dedication, resilience and invaluable contribution of porters who continue to play a vital role in sustaining operations in challenging high-altitude terrain.

As part of the observance, a meaningful interaction and tea gathering was organised with the porters, recognising their hard work and steadfast support in ensuring movement of essential stores, supplies and logistics to remote forward areas. More than 50 porters participated in the gathering, which provided an opportunity for informal interaction, expression of gratitude and strengthening of mutual trust.

The event highlighted the important role played by local porters as an essential link in operational sustenance, particularly in difficult terrain and adverse weather conditions. Their contribution reflects courage, commitment and quiet service in support of the nation’s security framework. The gathering also reinforced the strong bond between the Indian Army and local communities in border areas. Such initiatives under the spirit of Operation Sadbhavana continue to promote respect, cooperation and civil-military camaraderie at the grassroots level.

The commemoration concluded with a message of gratitude and appreciation towards the porters, acknowledging them as a dependable backbone of operational support in the frontier region, said PRO Defence Guwahati Col. Mahendra Rawat.",organiser.org,https://organiser.org/2026/05/02/351521/bharat/operation-sindoor-anniversary-in-arunachal-pradesh-awareness-drive-to-depict-incredible-capabilities-of-indian-army/,"05/02/2026, 07:00 AM, +0000 UTC",Security & Strategic Affairs
Gunfight erupts after militants open fire on Army post in Bishnupur,"A gunfight broke out between security forces and suspected Kuki militants in Bishnupur district late Wednesday night, following an attack on an Indian Army post, police said.

According to a statement issued by Manipur Police, the incident occurred at around 11:40 pm on March 25 in the general area of Phouljang/Gothol. Suspected armed militants reportedly opened fire towards an Indian Army post located at Phougakchao Awang Leikai, triggering an immediate response from security personnel.

The Indian Army, along with personnel of the Central Reserve Police Force (CRPF) 58th Battalion deployed in the area, retaliated by returning fire towards the source. The exchange of fire continued for approximately 30 minutes, the statement said.

No casualties have been reported so far.

Security forces, including the Indian Army, CRPF, Manipur Police and the Indian Reserve Battalion (IRB), launched a joint combing operation from the early hours of Thursday in the area where the incident occurred and adjoining hill regions.

Officials stated that the situation is under close monitoring, with search operations continuing in surrounding areas.

Authorities have also appealed to the public to maintain calm and refrain from spreading unverified information, urging citizens to verify facts before sharing.",Imphal Times,https://www.imphaltimes.com/news/gunfight-erupts-after-militants-open-fire-on-army-post-in-bishnupur/,"03/26/2026, 07:00 AM, +0000 UTC",Security & Strategic Affairs
Did the Indian Army surrender in Manipur?,"A viral video widely shared on social media claims that Indian security forces have “surrendered” in Manipur during ongoing unrest. The footage is being used to allege that the Indian security force personnel laid down their arms in several areas of Manipur and are retreating/withdrawing. Archive here

Screengrab from X post by @Extra_Muan

What does the viral video show?

In the clip, uniformed personnel can be seen moving through a hilly forested area. Social media posts claim this proves that forces deployed in Manipur have surrendered before armed groups amid ongoing tensions

Evidence

We looked for official reports and credible media stories to verify whether Indian security forces had indeed surrendered or withdrawn in Manipur. However, we found no reliable information supporting this claim. If such an incident had actually taken place, it would have been widely reported and made national headlines.

To verify the video, we extracted keyframes from the viral video and conducted reverse image searches using Google Lens. The same visuals were found on Instagram, uploaded by a page named Aguli TV on November 19, 2025. The description of the post clearly stated that the footage was from a major anti-drug operation carried out in Tripura. There was no reference to Manipur, protests or any surrender by security forces. From Aguli TV’s bio on X, we came to understand it is a local news channel covering Tripura extensively.

Screengrab from Aguli TV’s Instagram post showing the same visuals as the viral clip, described as part of an anti-drug operation in Sepahijala district, Tripura.

Details of the Sepahijala Anti-Drug Operation

According to the description shared on Instagram and corroborated by multiple news reports, the operation was led by Superintendent of Police Vijay Deb Barma in Sepahijala district. Nearly 500 personnel from the District Police, Tripura State Rifles (TSR), the CRPF, and the Forest Department participated in the coordinated drive.

Simultaneous raids were conducted across five police station areas– Bishalgarh, Bishramganj, Kalamchoura, Sonamura, and Melaghar. During this single-day operation, over 12 lakh cannabis plants were destroyed as part of a broader initiative to make the district drug-free.

Media Reports Confirm Tripura, not Manipur

Media outlets, including India Today, Northeast Herald, and Tripura Chronicle, reported on November 18, 2025, that cannabis plants worth approximately ₹50 crore were destroyed in Sepahijala district in a major crackdown on illegal cultivation. These reports describe the same multi-agency operation and make no mention of Manipur or any surrender by security forces. Officials stated that the operation was launched based on intelligence inputs and was aimed at dismantling illegal cultivation and smuggling networks.

Screenshot of India Today report detailing the anti-drug operation in Sepahijala district, Tripura.

NewsChecker had previously debunked the same video when it went viral with a similar claim with Urdu captions, falsely linking it to unrest in Manipur and alleging that security forces had surrendered.

Also Read: India vs Pakistan T20 World Cup: Did Salman Ali Agha Snub Suryakumar Yadav’s Handshake At The Toss?

Verdict

The viral claim that Indian security forces surrendered in Manipur is false. The video actually shows a large anti-drug operation conducted in Sepahijala district, Tripura, where over 1.2 million cannabis plants were destroyed by law enforcement agencies.

FAQs

1- Did the Indian Army surrender in Manipur as claimed in the viral video?

No. There is no evidence that Indian security forces surrendered in Manipur. The claim circulating on social media is false.



2- Where was the viral video actually recorded?

The video was recorded in the Sepahijala district of Tripura during a large anti-drug operation.



3- What was happening in the video?

The footage shows security personnel participating in coordinated raids that led to the destruction of over 1.2 million cannabis plants.

Sources



Aguli TV Instagram Post, November 19, 2025

India Today Report, November 18, 2025

Northeast Herald Report, November 18, 2025Tripura Chronicle Report, November 18, 2025",Newschecker,https://www.newschecker.in/fact-check/video-falsely-claims-indian-army-surrender-in-manipur,"02/17/2026, 08:00 AM, +0000 UTC",Security & Strategic Affairs
Joint security operations in Manipur lead to arrest of nine militants,"Imphal, July 13: In a major counter-insurgency success, joint security forces apprehended nine suspected militant cadres and recovered a cache of arms, ammunition, explosives and other war-like stores during a series of intelligence-based operations conducted across Manipur between July 4 and July 11.

The coordinated operations were launched by formations of the Indian Army and Assam Rifles under the Spear Corps, in close coordination with the Manipur Police and the Central Reserve Police Force (CRPF).

According to official sources, the operations were carried out in both the hill and valley districts of Kakching, Imphal East, Churachandpur and Bishnupur, based on specific intelligence inputs regarding the presence and movement of militant elements.

During the week-long operations, security forces successfully apprehended nine suspected cadres belonging to various insurgent outfits. In addition, they recovered live ammunition, explosives and other war-like stores, dealing a significant blow to the operational capabilities of the militant groups active in the region.

Officials said the operations were meticulously planned and executed with seamless coordination among the participating security agencies, reflecting the effectiveness of intelligence sharing and joint operational planning.

The apprehended individuals, along with the recovered arms and other incriminating material, have been handed over to the Manipur Police for further investigation and legal proceedings.

Security agencies said such intelligence-driven operations will continue across the state to dismantle insurgent networks, prevent violence and ensure the safety and security of the people.

The Indian Army reaffirmed its commitment to working closely with the Assam Rifles, Manipur Police, CRPF and other security agencies to maintain peace and stability in the region through sustained counter-insurgency and area domination operations.

The latest operation underscores the continued efforts of the security forces to curb militant activities, recover illegal weapons and strengthen the security environment across Manipur.",Brighter Kashmir,https://brighterkashmir.com/joint-security-operations-in-manipur-lead-to-arrest-of-nine-militants,"07/14/2026, 07:00 AM, +0000 UTC",Security & Strategic Affairs
Watershed moment at IMA as nine women officers join Indian Army ranks,"Dehradun, Jun 13: President Droupadi Murmu, on Saturday, reviewed the passing-out parade of the 158th regular course and the 141st technical graduate course at the IMA, marking the commissioning of the first-ever batch of nine women officer cadets into the Indian Army.

A total of 515 officer cadets were commissioned into the Indian Army following the parade, including nine women officer cadets.

The graduating group also comprised 34 officer cadets from 16 friendly foreign countries, who will join their respective armed forces.

According to officials, the commissioning of the female officer cadets represents a landmark moment for the institution, which has trained generations of male Army officers since its establishment in 1932.

Speaking on the occasion, the President congratulated the cadets for completing one of the country's most rigorous training programmes and said their courage and wisdom would guide them in service.

Expressing happiness at the inclusion of the nine women cadets, she termed it a ""watershed moment"" in the history of the IMA.

She said it was not only a milestone for the defence forces but also an inspiring example of India's march towards women-led development, expressing confidence that more women cadets would join the academy in the future.

She also said that in an era of rapidly changing security challenges, technological advances, and complex global environments, the Indian Army must remain adaptive and future-ready. She urged the young officers to be lifelong learners, courageous decision-makers, and ethical leaders.

Murmu said that as Army officers, the cadets will be responsible for leading, guiding, and caring for their soldiers. They must lead by example, inspire confidence, and encourage teamwork and dedication.

By balancing operational effectiveness with the well-being of their personnel, they will build trust and strengthen the fighting capability of their units.

She concluded that they are expected to lead from the front, care for their soldiers, and uphold the finest traditions of the armed forces.

Several cadets were also honoured for outstanding performance during the ceremony. Academy Cadet Adjutant Vishal Kumar was awarded the sword of honour and the gold medal for standing first in the regular course.

The ceremony was attended by Uttarakhand Governor Lieutenant General Gurmit Singh (retd), Chief Minister Pushkar Singh Dhami, Army Training Command GOC-in-C Lieutenant General Devendra Sharma, Indian Military Academy (IMA) Commandant Lieutenant General Nagendra Singh, senior military officers and families of the cadets.

PTI",assamtribune.com,https://assamtribune.com/national/watershed-moment-at-ima-as-nine-women-officers-join-indian-army-ranks-1612697,"06/13/2026, 07:00 AM, +0000 UTC",Security & Strategic Affairs
"""PM prioritises fake image over country's security"": Rahul Gandhi, Kharge question alleged increased Chinese activity in Arunachal","New Delhi [India], August 14 (ANI): Congress MP Rahul Gandhi on Friday raised concern over reports that China has stopped Indian Army patrols at several places in Arunachal Pradesh and questioned the Centre's response.

Congress MP said the reported development was 'extremely alarming' and questioned the silence of Defence Minister Rajnath Singh, Union Home Minister Amit Shah and Prime Minister Narendra Modi.

He alleged that instead of stopping China, the Modi government was putting pressure on the media to suppress the news.

In a post on X, the Congress MP said, 'China has stopped our army from patrolling in several places in Arunachal Pradesh - this is extremely alarming. But even more alarming is the silence emanating from Rajnath Singh ji, Amit Shah ji, and Narendra Modi ji. Instead of stopping China, the Modi government is putting pressure on the media to suppress this news.'

https://x.com/RahulGandhi/status/2088140962015101426

Gandhi also referred to Prime Minister Modi's statement after the Galwan clash, alleging that the statement that China had not taken any Indian territory had caused damage to the country.

He further alleged that the government was continuing efforts to protect the Prime Minister's image instead of focusing on the country's security.

'The country still remembers that statement by the Prime Minister after Galwan, in which he caused immense damage to India by saying that China has not taken even an inch of our land. Even today, the same operation to save his image continues - and a Prime Minister who prioritises his fake image over the country's security is extremely dangerous for the nation,' the post read

Further, Congress president Mallikarjun Kharge also raised concerns over reports of increased Chinese activity in Arunachal Pradesh and questioned the Centre over alleged changes in Indian Army patrolling and access to areas along the border.

Kharge asked whether the People's Liberation Army (PLA) had expanded its presence near Taksing and whether India had lost regular access to Shera-5, a designated Patrolling Point.

'After Galwan, now Arunachal Pradesh? Disturbing reports suggest that China is attempting to push further into areas in Arunachal Pradesh, an inalienable part of our nation. This demands immediate answers from the Modi Govt. Has the PLA expanded its presence near Taksing and has India lost regular access to Shera-5, a designated Patrolling Point? Why is Indian patrolling reportedly limited during winter in this sensitive sector while the PLA maintains a year round presence? Why are traditional grazing and hunting grounds becoming inaccessible to local communities?' Kharge wrote in a post on X.

https://x.com/kharge/status/2088148148657275035

He also questioned why Indian patrolling was reportedly limited during winter in the sensitive sector while the PLA maintained a year-round presence, and asked whether traditional grazing and hunting grounds had become inaccessible to local communities.

He also criticised the Centre over the 2020 Galwan clash and alleged that Prime Minister Narendra Modi had given China a 'clean chit'.

'Has the pre-May 2020 status quo ante in Eastern Ladakh been fully restored? The BJP is culpable in hiding facts about situation on the ground and taking Parliament into confidence whether India retains full access to all areas and Patrolling Points it accessed prior to May 2020.Let us not forget that after 20 of our brave soldiers made the supreme sacrifice in Galwan in 2020, none less than PM Modi gave China a 'CLEAN CHIT', emboldening their transgressions! That record inspires no confidence. The Prime Minister, Defence Minister and Home Minister must answer the nation. We have complete faith in the courage and capability of the Indian Armed Forces. India stands firmly behind our soldiers and united against any Chinese aggression,' the post read. (ANI)",indiagazette.com,https://www.indiagazette.com/news/279241034/pm-prioritises-fake-image-over-country-security-rahul-gandhi-kharge-question-alleged-increased-chinese-activity-in-arunachal,"08/14/2026, 07:00 AM, +0000 UTC",Security & Strategic Affairs
Indian Army swiftly neutralises UXOs following standoff attack in Assam,"Live Events



as a Reliable and Trusted News Source Addas a Reliable and Trusted News Source Add Now!

(You can now subscribe to our

(You can now subscribe to our Economic Times WhatsApp channel

Jagun, Tinsukia, In the early hours of Sunday, a standoff attack by ULFA(I) was reported at approximately 0200 hours near an Assam Police Commando camp at Jagun, Tinsukia district, Assam. The incident left behind unexploded ordnance, including RPG and UBGL rounds, posing a serious threat to the local population.According to a release, responding promptly, Red Shield Sappers, in coordination with Assam Rifles, mobilised a Bomb Disposal team to the site. The area was swiftly cordoned off, and all safety protocols were meticulously enforced to ensure full control of the situation.The unexploded ordnance was subsequently neutralised in a controlled manner at a secure location away from civilian habitation, eliminating any risk to life and property. The operation was carried out with a high degree of professionalism, precision and adherence to established procedures, a release said.The swift and coordinated response ensured the safety of the local populace and prevented any collateral damage. The Indian Army remains committed to maintaining peace, security and stability in the region and continues to remain vigilant against emerging threats, a release added.Meanwhile, during a visit to Haflong on Sunday to support candidate Rupali Langthasa, Assam Chief Minister Himanta Biswa Sarma condemned the recent ""unfortunate"" incident in Tinsukia, noting that a joint Army-Police operation is underway to catch the perpetrators.He also stated that the peace and development achieved in the Dima Hasao region under BJP rule.At least four Assam police personnel were injured following an attack carried out by suspected militants of the United Liberation Front of Assam (I) in the State's Tinsukia district, officials saidRegarding the incident in Tinsukia, Assam CM said, ""This is highly condemnable. The Army and the Police have launched a counter-insurgency operation. I think those who have done this will certainly be nabbed.""",economictimes.com,https://m.economictimes.com/news/defence/indian-army-swiftly-neutralises-uxos-following-standoff-attack-in-assam/articleshow/129742838.cms,"03/23/2026, 07:00 AM, +0000 UTC",Security & Strategic Affairs
Two Assam Rifles bravehearts martyred in Manipur,"Imphal , July 7: The Indian Army on Monday paid rich tributes to two personnel of the Assam Rifles who laid down their lives in the line of duty during an operational deployment in Manipur.

Warrant Officer Balwant Singh and Havildar Chandra Mohan Singh made the supreme sacrifice while performing their duties in the violence-affected northeastern state. The circumstances surrounding the operation have not yet been officially disclosed.

Expressing profound grief over the loss, Lieutenant General V.M.B. Krishnan, General Officer Commanding-in-Chief of the Eastern Command, along with all ranks, conveyed heartfelt condolences to the bereaved families.

In a statement, the Eastern Command said the Indian Army salutes the courage, dedication and selfless service of the two brave soldiers, who upheld the highest traditions of the armed forces in the discharge of their duties.

""The Indian Army stands firmly with the bereaved families during this hour of grief,"" the statement said, reaffirming its unwavering support to the next of kin of the fallen personnel.

The Assam Rifles, India's oldest paramilitary force operating under the operational control of the Indian Army, has been at the forefront of counter-insurgency and internal security operations in the Northeast, particularly in Manipur, where security forces continue to undertake operations to restore peace and stability.

The sacrifice of Warrant Officer Balwant Singh and Havildar Chandra Mohan Singh has once again underscored the immense risks faced by security personnel deployed in challenging operational environments to safeguard the nation's security and protect civilian lives.",Brighter Kashmir,https://brighterkashmir.com/news/two-assam-rifles-bravehearts-martyred-in-manipur-89295.html,"07/08/2026, 07:00 AM, +0000 UTC",Security & Strategic Affairs
Arunachal: Indian Army Builds Homestay in Border Village Taksing,"TAKSING- As part of border area development initiatives, the Indian Army has constructed a double-storey homestay at the remote border village of Taksing in Upper Subansiri district of Arunachal Pradesh under Operation Sadbhavna. The facility has been dedicated to the local community under the Vibrant Village Programme, officials said.

The project was executed by the Spearhead Division of Spear Corps with the objective of strengthening community welfare, generating sustainable livelihood opportunities and promoting border tourism in the region. Located close to the international border, Taksing is among the most remote villages of the state and holds strategic significance.

Also Read- Longding Registers 827 Tourist Arrivals in November

According to officials, the newly constructed homestay is expected to provide a stable source of income for local residents by encouraging tourism and improving hospitality infrastructure in the area. The initiative is also aimed at creating economic opportunities while enhancing connectivity between border communities and the rest of the country.

Local villagers have welcomed the initiative and expressed appreciation for the Indian Army’s continued efforts towards inclusive development and civil-military cooperation in border regions. Residents said the homestay would help attract visitors and create employment opportunities for youth and households in the village.

Also Read- IMD Forecasts Snowfall in Arunachal’s Higher Reaches

Officials said the project reflects the broader vision of the Vibrant Village Programme, which focuses on improving living conditions, infrastructure and economic prospects in border villages to prevent migration and strengthen local communities.

The initiative aligns with the guiding principle of “Seema Suraksha ke Saath Sabka Vikas & Sabka Vishwas,” underlining the Indian Army’s role not only in safeguarding national security but also in contributing to the socio-economic development of people living in frontier areas",Arunachal24,https://arunachal24.in/arunachal-indian-army-builds-homestay-in-border-village-taksing/,"12/30/2025, 08:00 AM, +0000 UTC",Security & Strategic Affairs
COAS reviews Assam readiness,"Dinjan , July 29: Chief of Army Staff (COAS) General Dhiraj Seth on Wednesday visited Dinjan in Assam and reviewed the operational preparedness of the Indian Army’s Dao Division and Spearhead Division.

During his visit, the Army chief was briefed on the formations’ operational capabilities, deployment readiness and ongoing initiatives aimed at enhancing combat effectiveness. He also witnessed the latest technology absorption measures and indigenous innovations being integrated by the units.

Commending the formations for their efforts towards transformation, General Seth appreciated their focus on becoming a technology-driven, agile and future-ready force capable of responding effectively to emerging security challenges.

Interacting with troops, the COAS exhorted personnel to maintain a high level of alertness, operational flexibility and professionalism. He emphasised the importance of continuous innovation, modernisation and preparedness to safeguard national security interests while contributing towards peace and stability in the region.

During the ongoing visit, General Seth also reviewed the Indian Army’s ongoing humanitarian assistance and flood relief operations in Assam, where several areas have been affected by rising waters and natural calamities.

The Army chief directed formation commanders to extend all possible support to civil authorities and ensure timely assistance reaches flood-affected communities. He appreciated the efforts of Army personnel engaged in rescue, relief and support operations during the challenging situation.

The visit reaffirmed the Indian Army’s commitment towards maintaining operational readiness while standing with citizens during emergencies and natural disasters. The Army continues to combine its defence responsibilities with humanitarian efforts, strengthening its role as a reliable force for both national security and public service.",Brighter Kashmir,https://brighterkashmir.com/coas-reviews-assam-readiness,"07/30/2026, 07:00 AM, +0000 UTC",Security & Strategic Affairs
Indian Army Neutralises Unexploded Bombs Following ULFA(I) Attack on Assam Police Camp,"POPULAR TAGS FOLLOW US ON:

This material may not be published, broadcast, rewritten, or redistributed, 2026 © G plus. All rights reserved. Copyright © 2026 Insight Brandcom Pvt. Ltd. All rights reserved.",Guwahati Plus,https://www.guwahatiplus.com/assam/indian-army-neutralises-unexploded-bombs-following-ulfai-attack-on-assam-police-camp,"03/23/2026, 07:00 AM, +0000 UTC",Security & Strategic Affairs
"Arunachal: Army, Assam Rifles Conduct Heli Exercise in Changlang","CHANGLANG- The Indian Army and the Assam Rifles on Friday successfully validated their helicopter insertion capabilities in the remote Vijaynagar Salient of Arunachal Pradesh’s Changlang district, officials said, underlining enhanced operational preparedness in a strategically sensitive border region.

According to defence spokesman Lieutenant Colonel Mahendra Rawat, the activity was conducted as part of a joint exercise between the Indian Army and the Assam Rifles. The exercise involved a swift heli-borne insertion of troops into the Vijaynagar Salient, an area known for its challenging terrain and proximity to the international boundary.

The drill was aimed at validating rapid troop induction capabilities and improving operational orientation in remote and difficult conditions. Lt Col Rawat said the carefully planned exercise demonstrated the ability of the forces to quickly deploy acclimatised troops into a simulated operational area, reflecting preparedness to respond to emerging security challenges.

Also Read- Mashaal Rally Held in Itanagar Against Illegal Immigration

Emphasis during the exercise was placed on speed, coordination and precision to ensure seamless execution under realistic conditions. The troops involved displayed a high level of professionalism, adaptability and combat readiness, the defence spokesman added.

Officials said the joint drill significantly enhanced operational reach and reinforced inter-force synergy, highlighting robust coordination and mutual understanding between the Indian Army and the Assam Rifles. Such exercises, Lt Col Rawat noted, play an important role in refining standard operating procedures, improving interoperability and strengthening collective response mechanisms in strategically sensitive regions.

Also Read- DPCCT Gurukuls Annual Meet 2025–26 Held in Itanagar

Changlang district, located in the southeastern corner of Arunachal Pradesh, is characterised by rugged hills and dense forests and shares an international boundary with Myanmar, making it an important area from a security perspective.

In a separate development, the Indian Army also facilitated Christmas celebrations in the remote hills of Mechuka in Shi-Yomi district on Thursday under Operation Sadbhavna. Teachers from St Francis de Sales (SFS) College, Aalo participated in the programme, which focused on cultural exchange and community bonding.

The celebrations included interactions at the Menchuka market, prayers and hymns at the local church, and visits to nearby Gompas, reflecting the region’s cultural diversity and coexistence of different faiths. The initiative, officials said, highlighted the Army’s people-centric engagement in frontier areas and its role in promoting harmony, trust and national integration beyond security responsibilities.",Arunachal24,https://arunachal24.in/arunachal-army-assam-rifles-conduct-heli-exercise-in-changlang/,"12/27/2025, 08:00 AM, +0000 UTC",Security & Strategic Affairs
Army pays tribute to havildar killed in Nagaland,"New Delhi, July 14: The Indian Army on Tuesday paid rich tributes to Havildar Mohd Iqbal of the Assam Rifles, who made the supreme sacrifice in the line of duty during an operational deployment in Nagaland.

Expressing profound grief over the soldier's demise, Lieutenant General V.M.B. Krishnan, General Officer Commanding-in-Chief, Eastern Command, along with all ranks of the Eastern Command, conveyed heartfelt condolences to the bereaved family and honoured the soldier's courage, dedication and selfless service to the nation.

In a message shared by the Eastern Command, the Army said, ""Lt Gen VMB Krishnan, Army Commander Eastern Command, and all ranks express deepest condolences on the demise of Havildar Mohd Iqbal, Assam Rifles, who gallantly made the supreme sacrifice in the line of duty in Nagaland. The Indian Army stands firmly with the bereaved family.""

The Army described Havildar Mohd Iqbal as a brave and committed soldier who displayed exemplary courage and devotion while performing his operational responsibilities. His sacrifice, it said, reflects the unwavering commitment of the Assam Rifles in safeguarding national security and maintaining peace in the North-East.

While the Army did not immediately disclose further operational details surrounding the incident, it reiterated its unwavering support to the soldier's family during this difficult time.

The Assam Rifles, India's oldest paramilitary force operating under the operational control of the Indian Army, has played a vital role in counter-insurgency operations, border guarding and maintaining peace and stability in the North-Eastern region.

The sacrifice of Havildar Mohd Iqbal has been widely mourned within the armed forces, with tributes pouring in for the fallen soldier, whose courage and dedication will continue to inspire generations of servicemen.",Brighter Kashmir,https://brighterkashmir.com/army-pays-tribute-to-havildar-killed-in-nagaland,"07/15/2026, 07:00 AM, +0000 UTC",Security & Strategic Affairs
"Army, ITBP, Assam Rifles hold joint artillery drill in Tamulpur","Guwahati, Mar 2: The Indian Army conducted a joint artillery firing exercise in collaboration with other security agencies in Assam's Tamulpur district.

The Spearhead Gunners conducted the exercise along with the Indo-Tibetan Border Police (ITBP), Assam Rifles and Army Aviation at Darranga in Tamulpur on Sunday, an official statement said on Monday.

The exercise showcased integrated employment of advanced surveillance resources, reconnaissance and surveillance flights and coordinated operations with Mortar Fire Controllers of Infantry, ITBP and Assam Rifles.

""It focused on enhancing real-time battle-field awareness, precision target acquisition and swift engagement capabilities in challenging terrain conditions,"" the statement said.

Surveillance assets and recce flights played a pivotal role in target detection and fire correction, with helicopters of Army Aviation also engaged in the exercise.

The joint training significantly enhanced operational preparedness and collective capability to respond effectively to emerging security challenges, the statement said.

The exercise also validated robust framework for integrated surveillance, firepower employment and mutual confidence amongst the Indian Army and paramilitary forces, the statement added.

PTI",assamtribune.com,https://assamtribune.com/assam/army-itbp-assam-rifles-hold-joint-artillery-drill-in-tamulpur-1609007,"03/02/2026, 08:00 AM, +0000 UTC",Security & Strategic Affairs
"Indian Army officials visit Tripura, review security along Indo-Bangladesh border","Senior officials of the Indian Army, Assam Rifles and the Border Security Force (BSF) on December 19, reviewed the security situation along the Indo-Bangladesh international border in Tripura’s South District amid heightened tensions in neighbouring Bangladesh.



The officials visited the border areas under Belonia sub-division to assess ground-level preparedness along the sensitive frontier. Tripura shares an 856-km-long international border with Bangladesh, a substantial stretch of which remains unfenced.



According to the Eastern Command of the Indian Army, Lt General RC Tiwari, General Officer Commanding-in-Chief of the Eastern Command, accompanied by senior military officers, visited the Border Outpost at Belonia to take stock of operational readiness.



During the visit, Lt Gen Tiwari interacted with troops deployed in forward areas and reviewed security arrangements. He commended personnel of the Indian Army, Assam Rifles and BSF for maintaining a high level of professionalism and preparedness.



In an official statement, the Eastern Command said the Army Commander lauded all ranks for their dedication and vigilance in safeguarding the nation’s borders.



The visit gains significance in the wake of recent remarks by Bangladesh’s National Citizen Party leader Hasnat Abdullah, who reportedly made statements about isolating India’s northeastern region, often referred to as the Seven Sisters, and offering shelter to separatist groups allegedly seeking to destabilise Bangladesh.",India Today NE,https://www.indiatodayne.in/tripura/story/indo-bangladesh-border-security-review-tripura-lt-gen-rc-tiwari-1319492-2025-12-19,"12/19/2025, 08:00 AM, +0000 UTC",Security & Strategic Affairs
"41 arms seized, 12 militants held in Manipur","Imphal, July 20: Security forces have recovered 41 weapons, explosives and other war-like stores while apprehending 12 insurgent cadres during a series of intelligence-based joint operations conducted across Manipur between July 12 and 18, officials said.

The operations were launched by the Indian Army and Assam Rifles under the Spear Corps, in close coordination with the Manipur Police, Central Reserve Police Force (CRPF), Indian Reserve Battalion (IRB) and other Central Armed Police Forces.

The coordinated raids were carried out across both hill and valley districts, including Kakching, Tengnoupal, Imphal East, Imphal West, Churachandpur, Jiribam, Thoubal, Chandel and Kangpokpi, based on specific intelligence inputs regarding the movement of armed militants and the presence of illegal weapon caches.

During the week-long operations, security forces apprehended 12 active cadres linked to various insurgent outfits. The arrested individuals are being questioned to gather further intelligence about militant networks, logistics and arms supply routes operating in the region.

Officials said the joint teams also recovered a substantial cache of 41 weapons, along with explosives, ammunition and other war-like stores believed to have been concealed for use in militant activities. The seized arms have been handed over to the police for further investigation and forensic examination.

Security officials described the operations as part of the ongoing effort to restore peace and stability in Manipur by dismantling insurgent infrastructure, recovering illegally held weapons and preventing violence.

They said intelligence-based operations will continue across vulnerable areas to curb militant activities and ensure the safety of civilians.

The latest success reflects the close coordination among the Army, Assam Rifles, state police and Central security forces in maintaining law and order and strengthening the security grid across the violence-affected state.",Brighter Kashmir,https://brighterkashmir.com/41-arms-seized-12-militants-held-in-manipur,"07/21/2026, 07:00 AM, +0000 UTC",Security & Strategic Affairs
Lt Gen Girish Kalia Reviews Security and Drone Capabilities Across Manipur,"Lieutenant General Girish Kalia, General Officer Commanding of the Spear Corps, visited forward areas and key military garrisons across Manipur to assess the prevailing security situation, operational preparedness, and ongoing capability enhancement initiatives.

During the visit, the Corps Commander carried out an aerial reconnaissance of areas affected by recent clashes and reviewed the overall security dynamics. He visited forward Army locations at Kangvai, Sendra, Litan, and YKPI, where he interacted with commanders and troops, commending them for their professionalism, vigilance, and steadfast commitment to maintaining peace and stability.

Accompanied by the Inspector General Assam Rifles (South) and other senior officers, Lt Gen Kalia also visited Somsai and Kakching Garrisons. He reviewed counter-insurgency operations, coordination among security agencies, and measures being implemented to enhance operational effectiveness in sensitive regions.

A key highlight of the visit was his interaction with troops at the Red Shield Drone Lab in Leimakhong Military Station and the Drone Training Laboratory at Kakching. The Corps Commander witnessed indigenous innovations in drone assembly, repair, and specialised drone warfare training, aimed at improving surveillance and operational capability in challenging terrain.

Lt Gen Kalia appreciated the troops for their technical expertise, innovative approach, and forward-looking mindset in adopting modern warfare technologies. The visit reaffirmed the Indian Army’s focus on integrating cutting-edge capabilities with ground operations to ensure sustained security and operational dominance in the region.",SSBCrack,https://www.ssbcrack.com/2026/05/lt-gen-girish-kalia-reviews-security-and-drone-capabilities-across-manipur.html,"05/08/2026, 07:00 AM, +0000 UTC",Security & Strategic Affairs
The Nagaland and Mizoram counterinsurgency campaigns and the battalion commanders who rewired doctrine,"A battlefield of patrols that quietly became the Indian Army’s most durable school of small unit war

Representative image

Indian counterinsurgency in Nagaland, Mizoram evolved via field improvisation.

Commanders prioritised patrols, intelligence, and restraint over set offensives.

Mizoram's 1986 peace accord is a rare example of lasting insurgency resolution. Did our AI summary help?

Market Mastery Webinar by Vishal Malkan Find the weak links in your portfolio by Vishal Malkan Register for FREE Webinar Register for FREE

In India’s northeast, counterinsurgency did not arrive as a neat doctrine handed down from Army Headquarters. It was assembled on the ground, often by battalion and company commanders who had to make daily decisions in terrain that punished heavy footprints and rewarded patient presence. Long before the phrase “sub conventional operations” became formal language, Nagaland and Mizoram forced a practical reinvention of how Indian units searched, held, spoke, listened, negotiated, and used force.

The result was a distinctive Indian counterinsurgency style: less about set piece offensives, more about living inside a conflict’s rhythms, one patrol at a time.

This was a battlefield of patrols, where tactical routines shaped strategy. In Nagaland, the early decades of the Naga insurgency demanded dispersed posts, long foot movement, intelligence from local networks, and a constant balancing act between coercion and legitimacy. Academic work on the Naga movement underlines how state response mixed military operations with political bargaining over many years, creating pressures on field commanders to think beyond pure kinetic outcomes.

Mizoram sharpened the lesson. The Mizo insurgency that erupted after the mid-1960s pushed security forces into a campaign that combined hard military tasks with administrative reconstruction and a contested effort to separate insurgents from civilian support. Scholarship on Mizoram describes how population control measures, civic action, and governance became inseparable from operations, regardless of whether the terminology sounded humanitarian or managerial at the time.

What battalion commanders changed first

The most consequential innovation was not a weapon system or a new formation. It was command mindset. Battalion commanders in these campaigns learned, often the hard way, that success depended on three linked disciplines: persistent patrolling, credible intelligence, and restraint that still protected the force.

Patrolling was not simply movement. It was a political act. A patrol that bullied villagers could produce tactical quiet for a day and strategic trouble for months. A patrol that was predictable could be ambushed. A patrol that gathered information patiently, returned regularly, and treated local intermediaries as sources rather than suspects could change the information balance over time.

Mizoram’s counterinsurgency experience is frequently cited in Indian military writing as a case where small unit routines and civil engagement, not sweeping offensives, steadily narrowed insurgent space.

Intelligence, in turn, had to be local, layered, and humble. In the northeast, insurgent groups often knew the ground better than incoming troops, and they exploited kinship ties, village routes, and informal economies. That forced battalions to build human intelligence carefully, integrate it with police and paramilitary inputs, and avoid the common trap of mistaking fear-induced silence for cooperation. Research on Nagaland’s long insurgency highlights the complexity of loyalties and the endurance of armed politics, conditions that made “information dominance” less a burst achievement and more an incremental grind.

Restraint became operational rather than moral rhetoric. Commanders had to preserve legitimacy while facing lethal threats. That demanded better fire discipline, clearer detention practices, and tighter control over coercive measures, because abuses were not merely ethically costly, they were tactically counterproductive in a population-centric fight. Mizoram’s record is often discussed precisely because the campaign’s coercive aspects and its later political settlement are both part of the same historical ledger, forcing uncomfortable but necessary assessments of how force and politics interacted.

Mizoram’s hardest doctrine lesson: Separating the insurgent from the civilian

One of the most debated operational features of the Mizoram campaign was the grouping of villages. It was designed to cut insurgent access to food, shelter, and intelligence by reorganising settlement patterns and tightening state control. Academic accounts describe it as a decisive tool in isolating insurgents, while also documenting the profound social cost and the long shadow it cast over civil-military relations. For battalion commanders, it created a doctrinal dilemma that still matters: when population control is used, the unit must simultaneously prevent insurgent influence and prevent state action from becoming the insurgent’s best recruiting poster.

Out of that dilemma emerged a pragmatic field doctrine: if the state disrupts civilian life for security reasons, it must also deliver visible governance quickly, or the vacuum becomes politically toxic. That meant battalions were pushed into roles that looked like administration: facilitating medical camps, securing road work, supporting schooling access, protecting markets, and enabling basic services. Indian analyses of Mizoram’s campaign repeatedly return to this blend, arguing that tactical success and civic restoration were functionally linked, not sequential phases.

Nagaland’s slower campaign and the discipline of endurance

If Mizoram taught compression, Nagaland taught duration. Naga insurgency politics did not resolve quickly, and multiple factions, ceasefires, and negotiations created a landscape where the use of force could never be separated from the signalling effect it had on talks. That pushed battalion commanders to master “endurance operations”: holding ground without escalating unnecessarily, continuing domination patrols without exhausting troops, and managing morale in a conflict where the endpoint was rarely visible from the platoon post.

The long arc matters today because Nagaland remains tied to an unresolved political process in public discourse. Coverage through 2025 continued to track negotiations with insurgent formations and recurring debates about the legal framing of security operations, underscoring that northeast counterinsurgency is still not purely “history,” even when violence levels fluctuate.

How these campaigns flowed into formal doctrine

By the 2000s, the Indian Army increasingly formalised lessons from multiple theatres into doctrinal writing around sub conventional operations. Analysts and retired officers have noted that northeast experience, including the stress on intelligence-led small unit action and the integration of civil measures, shaped how the Army framed counterinsurgency training and concepts later applied elsewhere. The northeast was not the only influence, but it was foundational in proving that the battalion, not the division, often becomes the decisive doctrinal laboratory in internal conflict.

This is also why the “battalion commanders rewired doctrine” framing is not rhetorical. In conventional war, doctrine often precedes battle. In Nagaland and Mizoram, battle preceded doctrine. Commanders improvised under pressure, discovered what reduced violence or improved intelligence flows, and then embedded those practices into unit culture. Over time, those unit practices became institutional habits through rotations, training notes, and career pipelines, until they were finally recognisable as an Indian way of counterinsurgency.

The political endgame and the meaning of “success”

Mizoram’s settlement remains the clearest marker of what “success” can look like: a peace accord that ended an insurgency and brought former rebels into constitutional politics. The Mizo Accord, signed on June 30, 1986 between the Government of India and the Mizo National Front, is routinely cited as a rare example of a durable insurgency settlement in the region.

That political outcome does not erase the campaign’s coercive chapters, and serious writing on Mizoram insists that both must be held together to understand the full doctrinal inheritance. But it does clarify an enduring point for soldiers: tactical dominance is not the end state. The end state is a political order that civilians accept as workable, which is why battalion commanders in these theatres were forced to treat governance, legitimacy, and force posture as parts of one system.

Why it still matters in 2026 planning

The northeast campaigns are frequently invoked in current debates about security law, troop posture, and the management of long-running internal conflicts. Reporting and policy discussion through 2025 continued to treat the Armed Forces Special Powers Act and ceasefire management as live issues in parts of the region, which is a reminder that doctrine is not only about the past, it is about how the state chooses to operate in the present.

For the Army, the most transferable lesson is not a checklist. It is the recognition that counterinsurgency is a competition for information and legitimacy conducted at the smallest levels.

Nagaland and Mizoram taught that battalion commanders shape doctrine because they shape daily life: how villagers experience the state, how insurgents are denied space, and how force is applied with discrimination rather than anger. In that sense, these campaigns did not just produce a set of tactics. They produced an operating philosophy that still sits underneath modern Indian counterinsurgency practice.",Moneycontrol.com,https://www.moneycontrol.com/defence/the-nagaland-and-mizoram-counterinsurgency-campaigns-and-the-battalion-commanders-who-rewired-doctrine-article-13755291.html,"01/03/2026, 08:00 AM, +0000 UTC",Security & Strategic Affairs
Army Chief meets Manipur Governor,"Imphal, July 28: Chief of the Army Staff (COAS), General Dhiraj Seth, on Monday called on Manipur Governor Ajay Kumar Bhalla at Raj Bhavan in Imphal to review the prevailing security situation and discuss measures aimed at strengthening peace, stability and coordination in the violence-affected northeastern state.

The Army Chief was accompanied by the General Officer Commanding-in-Chief (GOC-in-C), Eastern Command, the General Officer Commanding (GOC), 3 Corps, and the Inspector General, Assam Rifles (South), reflecting the importance of the high-level security review.

During the meeting, the senior military leadership briefed the Governor on the overall security environment, ongoing counter-insurgency operations, border management, and the role of the Army and Assam Rifles in maintaining law and order across sensitive areas of the state.

The discussions also focused on enhancing coordination between the civil administration and security forces to ensure peace, facilitate normalcy, and support ongoing efforts for rehabilitation and confidence-building among affected communities.

Governor Ajay Kumar Bhalla appreciated the professionalism and commitment of the Army and Assam Rifles in safeguarding public security and maintaining stability in Manipur despite challenging circumstances. He stressed the need for continued cooperation among all stakeholders to restore lasting peace and create an environment conducive to development.

General Dhiraj Seth reiterated the Indian Army's commitment to supporting the civil administration in maintaining peace and ensuring the safety of the people. He assured the Governor that the Army would continue to work closely with other security agencies to address emerging security challenges while promoting confidence among local communities.

The visit comes at a time when security forces continue to remain on high alert in Manipur, with sustained efforts underway to prevent violence, maintain public order, and strengthen peace initiatives across the state. Officials said such high-level interactions are vital for reviewing the security framework and ensuring effective coordination between the armed forces and the state administration",Brighter Kashmir,https://brighterkashmir.com/news/army-chief-meets-manipur-governor-90156.html,"07/29/2026, 07:00 AM, +0000 UTC",Security & Strategic Affairs
Army engages youth through media internship programme,"As part of a pilot Media Internship Programme initiated by the Indian Army, a group of selected students visited Headquarters Inspector General Assam Rifles (North) [HQ IGAR (N)] during their 10-day course at Rangapahar Military Station.

The internship aims to provide young students with first-hand exposure to the Army’s multifaceted role in national security, nation-building, and fostering peace and development in the North East. Interns are gaining insights into operational and administrative aspects of the Army while creating content such as articles, posters, videos, and short films, contributing to information warfare and narrative-building efforts.

At HQ IGAR (N), the students interacted with PRO Defence Kohima, who briefed them on media management, followed by an interaction with the Inspector General, Assam Rifles (North). The session offered valuable perspectives on Nagaland’s security dynamics, the Army’s role in maintaining peace and stability, and its contributions to community development.

The interns also visited a local unit to observe the routine functioning of an Assam Rifles battalion, and toured historic landmarks in Kohima, including the War Cemetery and Eco Park, gaining appreciation of the region’s heritage and the sacrifices of the Second World War.

Highlighting the significance of the initiative, the Inspector General underscored the importance of constructive youth engagement and encouraged interns to share their experiences widely to promote authentic and balanced narratives about the Armed Forces and the region.",Nagaland Post,https://nagalandpost.com/army-engages-youth-through-media-internship-programme/,"04/27/2026, 07:00 AM, +0000 UTC",Security & Strategic Affairs
Malom To Manorama: Inside AFSPA’s Gendered War On Women Of Northeast India,"feminisminindia.com

QUIC.cloud Bot Protection: Verifying that you are not a robot...

To continue, please complete the security check below to verify you are human.",Feminism in India,https://feminisminindia.com/2025/12/17/malom-to-manorama-inside-afspas-gendered-war-on-women-of-northeast-india/,"12/17/2025, 08:00 AM, +0000 UTC",Security & Strategic Affairs
"Indian Army, Assam Rifles Nab 7 Militants, Seize Arms in Manipur Crackdown","In a massive blow to insurgent outfits operating in the region, the Indian Army and Assam Rifles, in close coordination with Manipur Police, apprehended seven active cadres and recovered a significant cache of arms, ammunition, and explosives during a week-long intensive crackdown across the State.

The intelligence-driven operations, conducted between 1 February and 7 February 2026, spanned the districts of Imphal West, Imphal East, Thoubal, Tengnoupal, Bishnupur, and Pherzawl.

According to a statement from the Spear Corps, the joint teams seized 18 weapons and a large quantity of “war-like stores.”

The operations commenced on 1 February, when a joint team of Assam Rifles and Thoubal Police apprehended an active cadre of the SOREPA group in Mayang Imphal.

The momentum continued the following day with the discovery of a concealed hideout near Tonglhang village.

The recovery included an AK-47 rifle, two pistols, two single-barrel rifles, and 18 Improvised Explosive Devices (IEDs).

The IEDs were destroyed in situ by expert teams following established safety protocols.

On the same day, two active cadres of the People’s Liberation Army (PLA) were nabbed from Kakwa and Lambal areas.

Further successes followed on 3 February in the Loktak Lake region, where security forces recovered a country-made carbine, rifle grenades, and lathode bombs.

Simultaneously, in Tengnoupal district, Assam Rifles troops foiled a daring ambush attempt near the India-Myanmar border at T’Minou.

After repelling fire from across the border, troops recovered an AK-56 and an M4 rifle with telescopic sights.

The final phase of the crackdown saw the arrest of cadres from the UNLF (Koireng) and PREPAK during targeted raids in Singjamei and Senjam Khunou.

Officials stated that these coordinated strikes have effectively disrupted the logistical and tactical networks of several valley and hill-based militant groups.",Pioneer Daily,https://dailypioneer.com/news/security-forces-nab-7-insurgents-seize-arms-in-manipur,"02/10/2026, 08:00 AM, +0000 UTC",Security & Strategic Affairs
Army–ITBP conduct joint exercise in Arunachal,"Itanagar, May 23: Spearhead Division under Spear Corps conducted a Table Top Exercise with the Indo-Tibetan Border Police (ITBP) to review operational preparedness along the northern borders in Arunachal Pradesh.

The exercise focused on strengthening coordination between the Indian Army and ITBP in border management, rapid response mechanisms, and joint operational planning in high-altitude and sensitive frontier areas.

Senior officers from both organisations participated in detailed discussions on evolving security challenges, communication protocols, intelligence sharing, and coordinated deployment strategies to ensure effective response in contingencies.

The drill reinforced seamless Army–ITBP synergy, with emphasis on improving interoperability, real-time information exchange, and integrated decision-making in border regions.

Officials said such joint exercises are crucial for maintaining high levels of readiness and ensuring that both forces operate in close coordination to safeguard the country’s northern borders under challenging terrain and weather conditions.

The exercise concluded with reaffirmation of continued cooperation between the Indian Army and ITBP to enhance operational effectiveness and border security.",Brighter Kashmir,https://brighterkashmir.com/armyitbp-conduct-joint-exercise-in-arunachal,"05/24/2026, 07:00 AM, +0000 UTC",Security & Strategic Affairs
India eyes fourth Army base in Mizoram to strengthen security of Siliguri Corridor,"The recent death of Lashkar-e-Taiba commander Musa, also known as Asif Fauji, has led security agencies to refocus their efforts on foreign terrorists operating...",The CSR Journal,https://thecsrjournal.in/india-fourth-army-base-mizoram-security-siliguri-corridor,"12/23/2025, 08:00 AM, +0000 UTC",Security & Strategic Affairs
"Manipur steady, steps on to shield Northeast from Myanmar spillover: Army Chief","New Delhi, Jan 13: General Upendra Dwivedi, Chief of Army Staff (COAS), addressing the annual press conference of the Indian Army on Tuesday, said that the Northeast situation, especially in Manipur, saw an improvement due to the neutral, transparent and decisive actions by security forces.

He said that in response to the turbulence in neighbouring nation, Myanmar, the security forces are working to shield the northeastern region from the spillover effects.

Addressing the press, the Army chief said, ""As regards the Northeast, neutral, transparent and decisive action by security forces, along with many proactive government initiatives, has led to a marked improvement in the situation in Manipur during 2025.""

""Peaceful conduct of the Durand Cup, resumption of cultural festivals and renewal of suspension of operations, that is, SoO, with Kuki insurgent groups in September 2025, have been key markers of stability,"" he mentioned.

Gen Dwivedi further said that efforts have been made by the Indian Army, along with the Assam Rifles and the Ministry of Home Affairs, to safeguard the northeastern front from the dire circumstances currently existing in Myanmar.

""In response to turbulence in Myanmar, a comprehensive multi-agency security grid comprising Assam Rifles, Army, and Home Ministry is working towards insulating the Northeast from spillover effects. With the successful conduct of phase two elections in Myanmar, we should be able to engage each other more effectively now,"" he said.

Additionally, he noted that the situation along the northern and northwestern border remains ""stable"" and ""under firm control"", but stressed the need for ""constant vigil"".

He also said that Jammu and Kashmir (J&K) has witnessed a significant positive change in 2025, adding that the ""theme of terrorism to tourism is gradually taking shape"" in the union territory.

He further said that in the past year, the security forces eliminated 31 terrorists, of which 65% were of Pakistani origin, including the perpetrators of the Pahalgam terror attack.

IANS",assamtribune.com,https://assamtribune.com/north-east/manipur-steady-steps-on-to-shield-northeast-from-myanmar-spillover-army-chief-1604359,"01/13/2026, 08:00 AM, +0000 UTC",Security & Strategic Affairs
IOC Flags Off Xtreme Weather Diesel for Army's Eastern Command,"Indian Oil Corporation (IOC) dispatches its specialized Xtreme Weather Grade diesel to the Indian Army's Eastern Command, enhancing operations in extreme cold and high-altitude regions like Sikkim and Arunachal Pradesh.

Key Points IOC has supplied its Xtreme Weather Grade (XWG) diesel to the Indian Army's Eastern Command.

The specialized fuel ensures reliable operation of military vehicles in extreme cold and high-altitude regions.

This dispatch expands XWG diesel availability to Sikkim and Arunachal Pradesh, beyond the northern frontier.

The move strengthens the Army's operational readiness and supports indigenous energy solutions.

New Delhi, Sep 26 (PTI) Indian Oil Corporation Ltd (IOC) has flagged off the maiden rake of its Xtreme Weather Grade high-speed diesel for the Indian Army's Eastern Command, expanding supplies of the specialised fuel beyond the northern frontier, the company said on Saturday.Xtreme Weather Grade (XWG) high-speed diesel, launched in July 2026 by the Chief of Army Staff, has been developed to meet the Army's requirements in extreme cold and high-altitude conditions.The fuel is designed to offer enhanced low-temperature performance and reliable operation of military vehicles and equipment in challenging terrain.Fuel performance at low temperatures is critical for military operations in high-altitude regions, where conventional diesel can face problems related to cold-weather operability. Specialised grades such as XWG diesel are designed to address these requirements and improve the reliability of vehicles and equipment deployed in extreme climatic conditions.The rake was flagged off from IOC's Panipat Marketing Complex by Lt Gen Mukesh Chadha, Director General Supplies & Transport and Senior Colonel Commandant at IHQ of the Ministry of Defence (Army), the company said in a statement.The move makes IOC the first public sector oil company to position XWG diesel in the eastern region, enabling a dedicated supply chain for the Army's requirements in Sikkim and Arunachal Pradesh.With the latest dispatch, IOC's XWG diesel supply footprint now covers both the northern and eastern frontiers.""XWG is a potential game changer for operational preparedness and readiness in high-altitude and extreme-weather areas,"" said Lt Gen Mukesh Chadha.He highlighted that for the first time, this specialised fuel is being extended beyond Ladakh to support operations in Sikkim and Arunachal Pradesh.He emphasised the need for a predictable, scalable and responsive supply chain, with the right fuel at the right place and time. He also acknowledged IOC's partnership in transforming XWG Diesel from an operational requirement into an operational reality in the Eastern side.K John Prasad, Country Head (Institutional Business), IOC, said, ""The Indian Army operates in some of the most demanding terrains and climatic conditions, where dependable fuel performance is critical to operational mobility. Extending XWG HSD supplies to the Eastern Command strengthens our ability to support the Army across another strategically important geography"".""In line with its core corporate value of Nation-First, IOC remains committed to developing indigenous, fit-for-purpose energy solutions for our Armed Forces and contributing to the vision of Aatmanirbhar Bharat.""The development builds on IOC's earlier efforts to develop specialised fuels for the armed forces, including Winter Grade Diesel in 2019, and All Weather Grade HSD and Low Sulphur Low Aromatic Superior Kerosene Oil in 2022.IOC said the latest dispatch further strengthens its long-standing partnership with the Army by combining indigenous product development with its nationwide fuel distribution network to support military operations in remote and strategically important locations.",Rediff MoneyWiz,https://money.rediff.com/news/market/ioc-flags-off-xtreme-weather-diesel-for-army-s-eastern-command/55063320260926,"09/26/2026, 09:55 AM, +0000 UTC",Regional News & Incident Reports
"Fact Check: Indian Army did not shoot two women or burn houses in Manipur, claim is false","A claim is circulating on social media that the Indian Army shot two women and set their houses on fire in Manipur. The post also claims that the alleged attack was carried out on the orders of Lieutenant General V. M. Bhuvana Krishnan, Commander of the Eastern Command.

However, the claim has been found to be false and misleading.

A detailed investigation shows that, the viral post has mixed up two separate incidents that took place in Manipur on September 15.

What does the viral claim say?

The viral post alleges that the Indian Army killed two women and burnt their homes in Manipur.

It also claims that the alleged action was ordered by the Eastern Command commander and that it led to a serious deterioration of the situation in the state.

🚨On the orders of Indian Army @easterncomd Commander Lieutenant General V. M. Bhuvana Krishnan, Unfortunately the Army shot two women in #Manipur and set their homes on fire. 🚨Following this incident, the situation in Manipur has deteriorated severely today.@manipur_police pic.twitter.com/Rs7o4AwipI — Anushi Tiwari Indian 🇮🇳 (@indiantiwari01) September 16, 2026

The claim was shared on social media along with visuals from the incidents.

What actually happened?

Reports cited in the fact-check show that two separate incidents took place in different districts of Manipur.

In the first incident, two Kuki women were shot dead by unidentified armed attackers at Leisangphai village in Tamenglong district on September 15, 2026.

Later that night, suspected militants attacked Chawangkining Naga village in Kangpokpi district, according to reports.

Security forces deployed in the area exchanged fire with the attackers.

During the incident, two houses on the outskirts of the village were set on fire.

The two incidents were separate, but the viral post linked them together and claimed that the Indian Army was responsible.

What do reports say about the house fires?

A report published by The Times of India said suspected militants attacked Chawangkining Naga village at around 10:30 pm on September 15.

CRPF personnel in the area returned fire. The exchange of fire reportedly continued for nearly six hours, until around 4:30 am.

An official quoted in the report said the security forces prevented the attackers from entering the village. However, two wooden houses on the outskirts of the village were burnt.

A report by The Hindu also said suspected militants attacked the village and exchanged fire with security forces before at least two houses were set on fire.

What did the facts say?

Various fact-checkers also carried out a reverse image search of visuals used in the viral post.

The same visuals were found on the YouTube channel Ukhrul Times. The accompanying information linked the visuals to the September 15 incident at Chawangkining Naga village.

The investigation found no credible report confirming that the Indian Army had shot the two women or ordered the burning of the houses.

There was also no credible evidence linking the incidents to Lieutenant General V. M. Bhuvana Krishnan or the Eastern Command.

Two incidents were linked together

The main issue with the viral claim is that it combines two separate incidents.

Incident 1: Two Kuki women were shot dead at Leisangphai village in Tamenglong district.

Incident 2: Suspected militants attacked Chawangkining Naga village in Kangpokpi district. Security forces exchanged fire with the attackers, while two houses were burnt.

There is no credible evidence in the reports cited by the fact-check that these incidents were carried out by the Indian Army.

Claim: Indian Army soldiers shot two women and burnt their houses in Manipur on the orders of the Eastern Command commander.

Fact Check: False and misleading.

The viral post links two separate incidents and wrongly attributes them to the Indian Army. Available reports instead describe unidentified attackers killing two women in one incident and suspected militants attacking a village in another incident where two houses were burnt during the violence.",organiser.org,https://organiser.org/2026/09/20/381653/bharat/fact-check-indian-army-did-not-shoot-two-women-or-burn-houses-in-manipur-claim-is-false/,"09/20/2026, 07:00 AM, +0000 UTC",Regional News & Incident Reports
"Manipur: 2 militants killed, 2 injured in joint operations by Army-Assam Rifles","Two UKNA militants were killed and two others injured in a gunfight with a joint team of the Indian Army and Assam Rifles in Manipur's Churachandpur district, officials said.

Acting on intelligence inputs, the security forces launched an operation at Phaibong village in the Henglep subdivision on the night of August 29, they said.

The forces established surveillance over a UKNA camp and commenced tactical closing-in at 5 am on September 2, they said.

The UKNA cadres opened ""indiscriminate firing"" around 5.30 a.m., prompting the troops to retaliate with controlled fire, they added.

""Intel confirms 2 UKNA cadres neutralised and 2 injured,"" the Assam Rifles said in a social media post on Saturday (September 5, 2026) night.

The United Kuki National Army (UKNA) is not a signatory to the Suspension of Operations (SoO) pact signed between the Centre, Manipur government and several Kuki and Zomi armed outfits.

The Assam Rifles said a subsequent search of the camp led to the recovery of two MA rifles, one AK-56 rifle, one lathode gun, seven lathod grenades, 15 AK magazines, 371 AK-56 rounds, 601 MA rifle rounds, 172 SLR rounds, 15 combat uniforms and seven ammunition pouches.

The operation is continuing in the surrounding jungles, it said.",The Hindu,https://www.thehindu.com/news/national/manipur/manipur-militants-killed-injured-in-joint-ops-by-army-assam-rifles/article71434782.ece,"09/06/2026, 07:00 AM, +0000 UTC",Regional News & Incident Reports
Indian Army launches ‘Operation Jal Rahat’ to support Assam govt in flood rescue operations,"In Assam, the Indian Army has launched ‘Operation Jal Rahat’ to support the government in large-scale rescue and relief operations as worsening floods continue to inundate several parts of eastern Assam.

The flood situation has worsened as incessant rain continues across the state, affecting thousands of people in several districts of Upper Assam. Several rivers in Upper Assam are reported to be flowing above the danger level. The Indian Army, National Disaster Response Force (NDRF) and State Disaster Response Force (SDRF) have been deployed for rescue operations in the worst flood-affected districts of Sivasagar, Charaideo and Jorhat.

State Minister Bimal Borah today reviewed the flood situation in Sivasagar and Charaideo districts. He held discussions with the Deputy Commissioners of the two districts to assess the ongoing rescue and relief operations.

In a social media post, the Minister said that rescue operations are in full swing in the affected areas. In Sivasagar district alone, 510 people have been rescued so far by teams of the SDRF and Fire and Emergency Services. Additional rescue boats have been deployed, while Army helicopters have been pressed into service to evacuate people stranded in inaccessible flood-hit locations.

According to the Assam State Disaster Management Authority, floods had affected eight districts – Dhemaji, Dibrugarh, Charaideo, Tinsukia, Lakhimpur, Sivasagar, Udalguri and Jorhat till yesterday evening. A total of 22 revenue circles and 298 villages remained affected, impacting more than 57 thousand people. Over 3,874 hectares of crop land have been inundated.",News On AIR,https://newsonair.gov.in/assam-floods-rescue-operations-continue-amid-rising-water-levels/,"07/20/2026, 07:00 AM, +0000 UTC",Regional News & Incident Reports
Indian Army joins flood rescue operations in Assam; landslide kills one in Arunachal Pradesh,"Indian Army joins flood rescue operations in Assam; landslide kills one in Arunachal Pradesh

National Disaster Response Force personnel also joined the rescue efforts.",Deccan Herald,https://www.deccanherald.com/india/arunachal-pradesh/indian-army-joins-flood-rescue-operations-in-assam-landslide-kills-one-in-arunachal-pradesh-4056390,"06/29/2026, 07:00 AM, +0000 UTC",Regional News & Incident Reports
Chinese troops block Indian Army patrol along LAC in Arunachal Pradesh - INDIA - GENERAL,"India China border (representational image)

ITANAGAR: Reports claimed that an Indian Army patrol was blocked by Chinese troops along the Line of Actual Control (LAC) in Arunachal Pradesh. The incident took place in the Taksing area of Upper Subansiri district. According to media reports, patrol teams from India and China came face to face in a disputed area towards the end of July.

Unconfirmed reports also suggest an increased presence of China's People's Liberation Army (PLA) near grazing grounds traditionally accessed by local Indian herders in Taksing. The Indian Army has not yet issued any official confirmation regarding the incident.",Kerala Kaumudi,https://keralakaumudi.com/en/india/general/chinese-troops-block-indian-army-patrol-along-lac-in-arunachal-pradesh-1791005,"08/12/2026, 07:00 AM, +0000 UTC",Regional News & Incident Reports
Airtel Expands Mobile Connectivity Across Arunachal Pradesh Army Stations,"Bharti Airtel (Airtel), one of India’s leading telecommunications service providers, announced the successful completion of the first phase of a strategic initiative in partnership with 4 Corps of Indian Army headquartered at Tezpur to strengthen mobile connectivity across remote regions in Arunachal Pradesh.

With this milestone deployment, Airtel has become the first and only service provider to deliver reliable mobile connectivity in the mountainous, high-altitude, and difficult-to-access region. This will enable both military and civil personnel residing in these remote locations to stay seamlessly connected with their families.

As part of the initiative, Airtel deployed network infrastructure across 30 Army stations located in challenging mountainous terrain. The deployment significantly enhances voice and data connectivity in areas where access has historically remained limited due to geographical and infrastructure constraints.

This achievement was made possible through the strong collaboration between Airtel and the Indian Army. The Army extended extensive logistical support throughout the project, including assistance for fiber deployment and power infrastructure. In several locations where road access was not possible, the Indian Army provided the necessary assistance and logistics support to move Airtel Technical teams and telecommunication equipment deep into the mountains.

The successful completion of Phase 1 has now paved the way for the next chapter. Encouraged by the impact of the project, the Indian Army and Airtel have agreed to undertake Phase 2, under which network sites will be built across 15 additional locations in Arunachal Pradesh

Airtel’s continued expansion into such challenging environments reflects its commitment to bridging the digital divide and powering India’s digital transformation.",The Fast Mode,https://www.thefastmode.com/technology-solutions/49103-airtel-expands-mobile-connectivity-across-arunachal-pradesh-army-stations,"06/18/2026, 02:17 AM, +0000 UTC",Regional News & Incident Reports
"Flood situation grim in Assam, Army deployed for rescue operations","“In Sivasagar, 510 people have been safely rescued so far by SDRF and Fire & Emergency Services. Rescue efforts continue with additional boats and Army helicopters deployed to reach inaccessible areas,” the CMO said in a social media post.

CM Himanta Biswa Sarma said four of his cabinet colleagues are on the ground and monitoring the rescue and relief operations.

Guwahati, Jul 20 (PTI) The Indian Army has been deployed to evacuate people stranded in several districts of Upper Assam due to floods, with the condition deteriorating amid incessant rain across many parts of the state, the chief minister’s office said on Monday.

In Charaideo, NDRF, SDRF and Indian Army teams have been deployed across the worst-hit areas, while relief measures are underway to ensure the safety and well-being of affected residents, it added.

On Sunday night, Sarma had said the state government requested the Army and Air Force to be on standby to assist the local administration in evacuating flood victims from several districts affected by the deluge.

“Flood-fighting work is continuing across vulnerable stretches in Jorhat, Charaideo and Sivasagar. Sand-filled bags are being laid along the Dikhow embankment, geobags are being used to reinforce the Disang riverbank and flood-fighting work is underway at the Jhanji embankment in Norakonwar Bailung Gaon,” the CMO said.

It said the Jhanji River is on a receding trend with the water level falling by 0.04 metres since the morning reading.

“Flood-fighting work is underway along the right bank of the Jhanji embankment at Norakonwar Bailung Gaon under Hatighuli Gaon Panchayat, under the Sivasagar Water Resources Division, to reinforce the vulnerable stretch,” the CMO said.

Sarma said unprecedented rainfall over the last few days has aggravated the flood situation in Sivasagar and neighbouring districts.

“We remain committed to offer all sorts of assistance to the affected… Rescue efforts are underway and are being monitored by our ministerial team that has been entrusted to be on the ground to ensure swift relief efforts,” he added.

Sarma had said on Sunday that he directed his ministerial colleagues Ajanta Neog, Bimal Borah, Keshab Mahanta and Susanta Borgohain to immediately reach the affected areas to supervise relief efforts and ensure that every affected family receives timely assistance.

Industries, Commerce and Public Enterprises Minister Borah said that he reached Sivasagar early this morning to review the flood situation with the district commissioners of Sivasagar and Charaideo, wherein rescue operations are in full swing.

“I visited Serekapora in Sivasagar district to review the prevailing flood situation and assess the ongoing relief and rescue efforts on the ground,” he added.

Borah said the Assam government is mobilising all available resources to ensure timely rescue, relief, rehabilitation and essential services.

“We stand firmly with our people and will do everything possible to overcome this challenge together,” he added.

Water Resources Minister Borgohain said that due to the flood situation in Lonporiya and nearby villages under Bokota-Lakuwa mandal of Demow constituency, the administration is carrying out rescue operations for the affected people.

“Rescue operations will continue in other nearby flood-affected villages, and all necessary measures have been taken to ensure the safety of the affected families,” he added.

Revenue and Disaster Management Minister Mahanta said that to assess the latest flood situation in Upper Assam and monitor the ongoing rescue and relief operation on the ground, he visited Jorhat and Sivasagar this morning.

“Took stock of the prevailing situation at Teok & interacted with flood-hit local public,” he said in a post on X.

According to the daily flood report of the Assam State Disaster Management Authority (ASDMA), one person has lost his life in Sivasagar due to the deluge. With the latest death, the total number of fatalities in this year’s flood has increased to five.

ASDMA further said that more than 57,100 people have been affected by the floods in Charaideo, Dhemaji, Dibrugarh, Jorhat, Sivasagar, Tinsukia and Udalguri districts. PTI TR TR ACD

This report is auto-generated from PTI news service. ThePrint holds no responsibility for its content.",ThePrint,https://theprint.in/india/flood-situation-grim-in-assam-army-deployed-for-rescue-operations/2991072/,"07/20/2026, 07:00 AM, +0000 UTC",Regional News & Incident Reports
China blocked Indian Army patrols in Arunachal: Rahul Gandhi cites info from PM's office,"Congress MP Rahul Gandhi on Thursday claimed that China had prevented Indian troops from patrolling certain areas in Arunachal Pradesh, alleging that he was receiving information directly from Prime Minister Narendra Modi's office.

The claim came days after government and defence sources rejected reports of fresh Chinese encroachment in Arunachal Pradesh as unsubstantiated. The Indian Army had called reports of Chinese camps and recent encroachment in the Taksing area ""incorrect and without any basis"", while Arunachal Pradesh Chief Minister Pema Khandu said the Army was patrolling and safeguarding the state's territory.

Read Full Story

Speaking at the Rachnatmak Congress National Convention, Rahul Gandhi claimed there was an ""internal revolt"" within the government over the China border issue and alleged that China had blocked Indian troops from patrolling areas where they had traditionally carried out patrols.

""I receive information directly from Modi ji's office these days; there is a full-blown revolt going on inside. In our patrolling areas -- specifically in Arunachal -- China blocked us from patrolling. They essentially said, 'Look, all that is fine -- it is indeed your land -- but you cannot patrol here',"" he said.

Rahul Gandhi did not provide specific details about the location or timing of the alleged incident. His comments came amid renewed reports and political claims concerning Chinese activity around Taksing in Upper Subansiri district.

The People's Party of Arunachal (PPA) had earlier said its fact-finding committee found reports of Chinese intrusions in the Taksing area ""inexplicable yet irrefutable"". The claims, however, have been rebuffed by government and Army authorities.

Rahul Gandhi also accused PM Modi, Defence Minister Rajnath Singh and Home Minister Amit Shah of being ""completely deflated"" over the border situation and alleged that the government was trying to prevent the media from reporting the issue.

""They are calling up all the media editors, telling them, 'Don't publish this in your newspapers; suppress the story',"" he claimed.

He alleged that the government's approach was causing ""direct harm to the country"" and had ""wrecked"" India's foreign policy.

""So, internally, they have destroyed the country; they have wrecked our foreign policy. And they did all of this solely to finance their political structure, to secure funds from Adani ji,"" he claimed.

RAHUL GANDHI REFERS TO GALWAN STANDOFF

The Leader of Opposition also referred to the 2020 Galwan Valley clash and criticised PM Modi's statement after the confrontation that no Indian territory had been lost.

""After the Galwan incident, the Prime Minister held a meeting -- a Zoom call. He stated that China hadn't taken a single inch of Indian territory. The Army said that our land had been taken,"" he said.

Rahul Gandhi claimed the statement weakened India's negotiating position with China.

""Chinese negotiators asked our negotiators, 'What nonsense are you talking about? Your own Prime Minister said no land was lost',"" he said.

advertisement

The 2020 Galwan clash killed 20 Indian soldiers and four Chinese troops, according to official figures. India and China subsequently held prolonged military and diplomatic talks, eventually reaching a disengagement agreement in 2024.

WHAT ARUNACHAL GOVT AND ARMY SAID

The controversy began in June after the Nah Welfare Society, a local community organisation in Taksing, alleged that Chinese forces had expanded their presence near the border and occupied areas traditionally used by local communities.

It alleged that Chinese forces had built roads, bridges and military camps around Oying, Paniar, Marpan, Portrang Lake and Tingdingtang, and claimed Chinese activity had increased over the past 10 to 15 years.

The Indian Army rejected reports of fresh Chinese encroachment and camp construction, calling them ""incorrect and without any basis"". Arunachal Pradesh Home Minister Mama Natung also dismissed the allegations in July as ""lies and social media rumours"", saying Indian troops were protecting the border round the clock.

China has long claimed Arunachal Pradesh as part of what it calls ""Zangnan"" or southern Tibet. India rejects the claim and maintains that Arunachal Pradesh is an integral and inalienable part of the country.

advertisement

CONGRESS SEEKS PM'S STATEMENT ON CHINA BORDER ISSUE

The Congress said it was ""deeply alarmed and gravely concerned"" by reports that China had denied India access to historically used patrolling points across the Line of Actual Control in Taksing.

It said the issue had been flagged by indigenous communities in June and alleged that the situation had been compounded by China building 628 Xiaokang or ""well-off villages"" at India's borders, citing remarks by Deputy Chief of the Army Staff Lieutenant General Rajiv Ghai in March.

The party warned that failure to stand up to China would have ""serious long-term strategic consequences in Asia"" and damage India's global credibility. ""The Prime Minister must prioritise India's national security over the pursuit of personal political capital and performative diplomacy,"" it said.

The Congress demanded that PM Modi immediately address the nation and raise the border issue with Chinese President Xi Jinping, who is expected to visit India next month. It also sought a multi-party delegation to assess the situation on the ground.

- Ends

Published By: Prateek Chakraborty Published On: Aug 13, 2026 20:03 IST",indiatoday.in,https://www.indiatoday.in/india/story/china-arunachal-patrols-rahul-gandhi-says-pmo-info-shows-indian-army-was-blocked-2970591-2026-08-13,"08/13/2026, 07:00 AM, +0000 UTC",Regional News & Incident Reports
Army Chief Reviews Peace Initiatives in Manipur,"New Delhi: Indian Army Chief General Dhiraj Seth reviewed the security situation in the north-east during a two-day visit to formations under the Eastern Theatre.

During the visit on July 28 and 29, he assessed the prevailing security situation, operational preparedness and ongoing initiatives aimed at promoting peace, stability and development in the region. He was also briefed on ongoing flood relief operations.

In Manipur, the Army Chief reviewed the security situation and operational preparedness of the Inspector General Assam Rifles (South), Inspector General Assam Rifles (East) and the Red Shield Division. He examined coordinated efforts of the Indian Army and Assam Rifles to maintain stability in the state. He also reviewed nation-building and community outreach initiatives undertaken by the formations and interacted with troops, commending their professionalism and commitment under challenging conditions.

He attended the opening ceremony of the Imphal leg of the 135th Indian Oil Durand Cup at Khuman Lampak Main Stadium. The event was attended by Manipur Governor Ajay Kumar Bhalla, Chief Minister Yumnam K. Singh and other senior civil and military officials.

The visit concluded with a review of Dao Division and Spearhead Division, where he was briefed on the operational environment, preparedness and flood relief measures. He urged all ranks to continue supporting the civil administration.

“The visit underscored the Indian Army’s commitment to maintaining operational readiness, promoting peace, stability and aid to the civil authorities across the North East,” the Army said.",Deccan Chronicle,https://www.deccanchronicle.com/nation/army-chief-reviews-peace-initiatives-in-manipur-1974983,"07/29/2026, 07:00 AM, +0000 UTC",Regional News & Incident Reports
"Assam flood toll rises to 10, Indian Army rescues over 200","Jorhat, July 21: As Upper Assam reels under one of its worst flood crises in recent years, the Indian Army has rescued more than 200 stranded civilians under Operation Jal Rahat, while the death toll in the current wave of floods has climbed to 10 and over 3.65 lakh people have been affected across 16 districts of the State.

According to the Assam Disaster Management Authority (ASDMA), 45 revenue circles across 16 districts have been affected, with Sivasagar, Charaideo, Jorhat and Golaghat emerging as the worst-hit districts. More than 10,362 hectares of crop area remain submerged.

In response to the crisis, the Indian Army intensified relief efforts under Operation Jal Rahat.

On the requisition of the civil administration, four Flood Relief Columns of the Red Shield Division under the Spear Corps were deployed on July 20 in the flood-hit districts of Sivasagar, Charaideo and Jorhat.

The Army columns are operating in Nazira and Amguri in Sivasagar district, Sonari in Charaideo district, and several affected areas of Jorhat district. Supported by troops from formations under the Spear Corps, the teams are equipped with rescue boats, medical personnel, engineering resources and relief supplies.

Army personnel have evacuated stranded residents, including families trapped in inundated localities, and are providing emergency medical assistance and relief materials to affected communities.

To enhance situational awareness and optimise rescue operations, helicopter reconnaissance sorties and drone surveillance are being conducted over flood-hit areas.

Army engineer detachments have also been deployed to assist in restoring connectivity in locations where roads and infrastructure have been damaged by floodwaters.

The operations are being carried out in coordination with district administrations, the National Disaster Response Force (NDRF), the State Disaster Response Force (SDRF) and other civil agencies. Additional resources have been kept on standby for immediate deployment as the situation evolves.

Meanwhile, the flood-related death toll rose to 10 on Monday, with four deaths reported from Jorhat district and one from Karbi Anglong.

The ASDMA bulletin stated that several major rivers continued to flow above danger levels. The Brahmaputra was flowing above the danger mark at Neamatighat, while the Burhi Dihing at Khowang, Dikhow at Sivasagar, Disang at Nanglamuraghat and Dhansiri at Numaligarh also remained above red-mark levels.

The worsening flood situation has severely impacted railway operations in eastern Assam. Train services were short-terminated at Mariani, Furkating, Selenghat and Namtiali after floodwaters disrupted rail connectivity through Simaluguri.

According to the Northeast Frontier Railway (NFR), severe flooding has inundated the Simaluguri station yard, railway tracks, railway colony and adjoining areas, while water has overtopped railway tracks in the Simaluguri section. Train movement between the Simaluguri–Namtiali and Simaluguri–Selenghat sections has been suspended until further notice.

Several long-distance trains, including the Rajdhani Express services to and from Dibrugarh and Tinsukia, have been diverted via the Rangiya–Rangapara–Dibrugarh route. A number of passenger services have also been cancelled or short-originated.

At least six NDRF teams have been deployed in Sivasagar and Charaideo districts, while two teams are carrying out rescue operations in Jorhat. Additional SDRF teams from other districts have been mobilised to Charaideo, Sivasagar, Jorhat and Golaghat.

Many parts of the State recorded exceptionally heavy rainfall over the past 24 hours, including Mirza (170 mm), Guwahati (140 mm), Bokakhat and Golaghat (130 mm each), Mariani (120 mm), Numaligarh and Gossaigaon (110 mm each), and Jorhat (100 mm). Sonari had recorded 190 mm rainfall on Sunday. While widespread rainfall persisted across Upper Assam over the last three days, weather officials indicated that rainfall activity is likely to decrease across most parts of Assam from Tuesday onward.",assamtribune.com,https://assamtribune.com/assam-flood-toll-rises-to-10-indian-army-rescues-over-200,"07/20/2026, 07:00 AM, +0000 UTC",Regional News & Incident Reports
"Indian Army Rescues 27 People in Assam Floods in Dhemaji, Joins NDRF in Relief Operations","In a swift and coordinated humanitarian effort, the Indian Army has stepped in to mitigate the crisis arising out of the worsening flood situation in Assam. Troops of the Spear Head Division, operating under the Spear Corps, actively joined hands with the National Disaster Response Force (NDRF) and the civil administration to launch extensive rescue operations in the deluge-hit Arun Chapori area of Dhemaji district.

The region has been reeling under severe inundation triggered by incessant rainfall and rapidly rising water levels.

Responding immediately to the escalating crisis, Army personnel mobilised resources to support the ongoing local relief efforts.

Despite braving treacherous weather conditions and highly challenging terrain, the joint rescue teams successfully located and evacuated 27 stranded civilians from heavily flooded pockets, moving them to safer, designated relief locations.

“The operation showcased a high level of preparedness, discipline, and dedication by the Indian Army in extending timely assistance to the civil populace during natural calamities,” an official release stated. Working shoulder to shoulder with civilian authorities, the troops ensured that the affected citizens received immediate relief and were extricated from danger zones in an efficient manner.",Pioneer Daily,https://dailypioneer.com/news/slug-lite/indian-army-spearheads-assam-flood-rescue-operations?year=2026,"07/01/2026, 07:00 AM, +0000 UTC",Regional News & Incident Reports
"Sikkim driver assault allegation sparks probe, army says matter under verification","An alleged incident involving personnel of the Indian Army and local taxi drivers in the Zero Point–Shivmandir area of North Sikkim has prompted calls for an investigation, with the army stating that the matter is being examined in coordination with local authorities.

In an official response, the Indian army said that a report regarding an incident involving an Army convoy and a few taxi drivers in the area had come to light. The army stated that the matter is being looked into in coordination with the local police and civil administration and that further details would be shared after due verification.

The development follows allegations that a Chalak Guruji, a local driver, was physically assaulted by Army personnel at Lachung Zero Point earlier in the day. The incident has reportedly been widely circulated on social media, drawing public attention and concern.

The State-Level Chalak Wing of the Sikkim Krantikari Morcha (SKM) and the Sarathi Welfare Board strongly condemned the alleged assault and called for a fair and transparent inquiry into the matter.

In a joint statement, the organisations said such incidents could create fear and insecurity among members of the public. They highlighted the contribution of Sikkim's drivers, referred to as ""Sarathi"", who play an important role in assisting residents and visitors in reaching their destinations safely.

While expressing concern over the incident, the organisations reiterated their respect for the Indian Army, describing it as an institution known for its discipline, professionalism and service to the nation.

The SKM Chalak Wing and the Sarathi Welfare Board said they have full faith in the law-and-order system and urged the concerned civil authorities and Army officials to conduct an immediate, impartial and transparent investigation. They also sought appropriate action to ensure justice and accountability.

According to the organisations, State Chalak Coordinator Dichen Bhutia has reached the location and is reviewing the situation in coordination with Station House Officer Tilak Chettri and other concerned officials.

The organisations expressed hope that prompt action by the authorities would help address the matter, maintain public confidence and prevent the recurrence of similar incidents in the future.

No further details regarding the circumstances leading to the reported altercation were immediately available. The investigation is currently underway.",India Today NE,https://www.indiatodayne.in/sikkim/story/sikkim-driver-assault-allegation-sparks-probe-army-says-matter-under-verification-1405542-2026-06-09,"06/09/2026, 07:00 AM, +0000 UTC",Regional News & Incident Reports
China Accused of Encroaching on Indian Territory in Arunachal Pradesh,"New Delhi. According to the fact-finding team of regional political party leaders allied with the Indian Prime Minister Narendra Modi's government, China has encroached on Indian territory and prevented the Indian army from reaching some important patrol points in Arunachal Pradesh.

The report of this fact-collecting team has caused political uproar in New Delhi. Opposition parties have criticized Modi for remaining silent on the alleged Chinese encroachment in various border areas in recent years.

New Dispute in Upper Subansiri

According to newly collected facts, it relates to the remote and rugged hilly district of Upper Subansiri in Arunachal Pradesh. This report, which comes at a time when efforts are being made to improve relations between rivals India and China, who fought a war in 1962, could once again create tension in the relations between the two countries.

This development comes at a time when both New Delhi and Beijing are under pressure due to US President Donald Trump's trade war. Also, this dispute has come to light just a few weeks before Chinese President Xi Jinping is expected to visit India for the BRICS summit to be held on September 12-13.

India and China share a border of 3,488 kilometers. This border extends through Jammu and Kashmir, Ladakh, Sikkim, and Arunachal Pradesh in India's north and east. A large part of the border is disputed. The two countries do not even have a common understanding of the demarcation of the Line of Actual Control (LAC).

What did the fact-finding team discover?

Following the initial report of Chinese encroachment, the People's Party of Arunachal Pradesh (PPA) sent a four-member fact-finding team to the remote area, said party vice-president Kaling Jerang.

The PPA is part of the North East Democratic Alliance, a regional coalition led by the Bharatiya Janata Party. The BJP government is also in power in Arunachal Pradesh.

According to the team's findings after an on-site visit, due to bad weather, Indian security forces cannot patrol the Taksing area of the state from April to October. During this period, there is a risk of devastating floods, monsoon and pre-monsoon heavy rains, and landslides caused by them.

However, according to the report, the Chinese army remains active in the border area throughout this period. This raises questions about the preparedness of the Indian army to defend the border in case of a potential Chinese invasion.

Jerang's report mentions that local residents informed that the Indian army had abandoned the Shera-5 border patrol point after a clash with the Chinese People's Liberation Army (PLA) in 2023.

Jerang said local residents are angry about losing their ancestral hunting grounds. According to him, 'The on-site reports about these intrusions are irrefutable.'

He said, 'These encroachments are not new or sudden, but have been gradually expanding over the years. However, the BJP governments in both New Delhi and the state have turned a blind eye to the problems of the border population.'

Last month, the local tribal organization 88Nah Welfare Society (NWS)88 also wrote to government officials claiming that Chinese encroachment has",Ratopati,https://english.ratopati.com/story/75133/is-china-encroaching-on-indian-territory-in-arunachal-pradesh,"08/18/2026, 12:53 AM, +0000 UTC",Regional News & Incident Reports
"After ambushes, CRPF tells forces in Manipur to use armoured vehicles, avoid sudden deployment","In the wake of two ambushes on Assam Rifles personnel in Manipur and Nagaland, the Central Reserve Police Force (CRPF) units deployed in Manipur have been instructed to use only armoured vehicles for movement and to avoid sudden or unplanned deployments, a senior government official said on Thursday (July 16, 2026).

In June, the CRPF inducted two battalions of the Commando Battalion for Resolute Action (CoBRA), a specialised unit raised for anti-Maoist operations, in the northeastern State to step up operations against armed groups, dismantling of bunkers, and recovery of weapons.

At least 100 armoured vehicles have been sent to Manipur in the past two months, the official said.

The CRPF is the largest Central security force deployed in Manipur, with 200 companies comprising around 20,000 personnel. In addition to the CRPF, the State has around 100 Border Security Force companies, comprising approximately 10,000 personnel, and about 26,000 personnel from the Assam Rifles and the Indian Army deployed across the region.

The CoBRA battalions have been given pre-induction training in crowd management as the State often witnesses obstruction by locals, especially women, during security-related operations.

“We have advised the personnel to avoid any sudden movement for administrative or operational reasons. They have also been asked to take action against armed miscreants, anyone found with a gun is to be arrested or fired upon, if they do not surrender,” said the official.

As the ethnic conflict between the Kuki and Meitei people in Manipur has now expanded to tensions between Kukis and the Naga people, plans are afoot to deploy the CoBRA battalions in the hill districts of Churachandpur, Kangpokpi, and Ukhrul, another government official said. While Churachandpur and Kangpokpi are Kuki-Zo-dominated districts, Ukhrul is a Naga-majority area.

It was at Litan in Ukhrul on February 7 that tensions between the two communities escalated, said the official.

After President’s Rule was revoked in Manipur on February 4, Chief Minister Yumnam Khemchand Singh, representing the Meitei community, and two Deputy Chief Ministers – Nemcha Kipgen and Losii Dikho from the Kuki-Zo and the Naga community respectively – were sworn-in. Ms. Kipgen’s appointment was protested by members of her community who opposed her decision to join the government till justice was delivered to their people.

“The Kuki groups in Ukhrul announced a shutdown after Ms. Kipgen took oath and put up pickets to enforce the blockade. On February 7, at one such picket, some Kuki men flashed a torchlight in the face of a Naga youth who was passing by. Since all the men were drunk, it led to a brawl, which has now turned into severe tensions between the communities, involving killings, abductions and blockade of highways to cut off supplies of essentials and food to Kuki areas,” said the official.

The ethnic violence, which erupted on May 3, 2023, has claimed the lives of 300 people so far. Hundreds were killed in the wake of the Kuki-Naga clashes in the 1990s.",The Hindu,https://www.thehindu.com/news/national/after-ambushes-crpf-tells-forces-in-manipur-to-use-armoured-vehicles-avoid-sudden-deployment/article71231213.ece,"07/17/2026, 07:00 AM, +0000 UTC",Regional News & Incident Reports
"Joint Operations in Assam Lead to Arrest of ULFA(I) Member, OGWs and Drug Dealers","In Assam, security forces have apprehended one ULFA (I) cadre, ten Over Ground Workers (OGWs), and four drug dealers with links to anti-national elements during a series of joint operations conducted in April 2026.

The Indian Army’s Red Shield Gunners, under the aegis of Spear Corps, in coordination with Assam Police, carried out these operations in the Upper Assam districts of Tinsukia, Charaideo, and Sivasagar. Narcotics were also recovered during the operations. A press release issued by the Indian Army said the coordinated efforts highlight the effectiveness of joint operations in countering anti-national activities and disrupting support networks in the region.

It added that sustained and synergised action by the Indian Army and Assam Police continues to play a crucial role in curbing the recruitment of local youth into anti-national groups and in strengthening the social fabric across Upper Assam.",News On AIR,https://newsonair.gov.in/joint-operations-in-assam-lead-to-arrest-of-ulfai-member-ogws-and-drug-dealers/,"05/28/2026, 08:40 PM, +0000 UTC",Regional News & Incident Reports
Indian Army contingent heads to Thailand for joint drill MAITREE-XV,"New Delhi, Aug 17: An Indian Army contingent left for Thailand on Monday, where it will participate in 15th edition of India-Thailand Joint Military Exercise MAITREE-XV, slated to be held from August 18 to 31 at Vibhavadi Rangsit Camp in Surat Thani.

The bilateral military exercise is aimed at strengthening defence cooperation between India and Thailand and enhancing the ability of the two armies to conduct joint operations in challenging environments.

The Indian Army and Royal Thai Army contingents participating in the exercise will comprise 85 personnel each. The Indian contingent will be represented primarily by troops from the 9 Gorkha Rifles, while the Royal Thai Army contingent will comprise personnel from the 3rd Battalion, 25th Infantry Brigade, 5th Division.

The exercise will focus on company-level joint training for operations in jungle and semi-urban terrain. The training is designed to enhance the combined capabilities of the two forces in conducting joint counter-insurgency and counter-terrorist operations in jungle and semi-urban environments under Chapter VII of the United Nations Charter.

The exercise will include a range of training activities, including field exercises, combat discussions, lectures and demonstrations. The two contingents will also participate in a culminating validation exercise to assess the operational capabilities developed during the training.

As part of the exercise, soldiers from both countries will exchange operational experiences and share best practices. The contingents will also showcase contemporary equipment and technologies used during joint operations, providing an opportunity for both armies to gain a better understanding of each other's operational procedures and capabilities.

The previous edition of Exercise MAITREE was conducted at the Foreign Training Node in Umroi, Meghalaya, in September 2025.

Instituted in 2006, Exercise MAITREE has emerged as an important platform for India and Thailand to strengthen military cooperation and enhance interoperability between their armed forces. The exercise provides personnel from both armies with an opportunity to train together, exchange operational knowledge and develop a deeper understanding of each other's procedures.

The latest edition is expected to further enhance mutual understanding, interoperability and camaraderie between the Indian Army and Royal Thai Army, while contributing to the longstanding defence and strategic relationship between India and Thailand.

Through regular bilateral military engagements such as MAITREE, the two countries continue to deepen defence cooperation and strengthen their ability to work together in joint operational scenarios.

--IANS



",assamtribune.com,https://assamtribune.com/international/indian-army-contingent-heads-to-thailand-for-joint-drill-maitree-xv-1615714,"08/17/2026, 07:00 AM, +0000 UTC",Regional News & Incident Reports
"19 militants held, arms seized in joint ops","Imphal, Aug 4: Security forces have arrested 19 anti-national elements and recovered 10 weapons, explosives and war-like stores during a series of intelligence-based joint operations conducted across Manipur and Upper Assam over the past 10 days.

The coordinated operations were carried out from July 24 to August 2, 2026, by formations of the Indian Army and Assam Rifles under Spear Corps, in close coordination with the Manipur Police and Central Armed Police Forces.

The operations covered multiple sensitive districts, including Ukhrul, Imphal East, Kakching, Tengnoupal, Chandel and Thoubal in Manipur, besides areas in Upper Assam.

According to officials, the joint operations were launched on the basis of specific intelligence inputs to dismantle militant networks, prevent anti-national activities and enhance security in the region.

During the operations, security forces apprehended 19 suspected militants belonging to different insurgent groups. They also recovered 10 weapons, explosives and other war-like stores from various locations.

Officials said the recovered arms and ammunition have been seized for further investigation, while the arrested individuals have been handed over to the concerned police authorities for legal action.

The Army said the intelligence-driven operations reflect the close coordination among the Indian Army, Assam Rifles, Manipur Police and Central security forces in maintaining peace, disrupting insurgent activities and strengthening the security grid in the Northeast.",Brighter Kashmir,https://brighterkashmir.com/19-militants-held-arms-seized-in-joint-ops,"08/05/2026, 07:00 AM, +0000 UTC",Regional News & Incident Reports
"One UKNA militant killed, seven held in major Manipur security operations","One UKNA militant killed, seven held in major Manipur security operations

Security forces in Manipur arrested seven people, including three militants, recovered a large cache of arms and ammunition, destroyed 39 illegal bunkers, and killed a UKNA militant during operations in Churachandpur. Crackdowns and security measures continue across the state

By IANS Published Date - 18 June 2026, 03:42 PM

Imphal: Security forces in Manipur have arrested seven people, including three cadres of different militant outfits, recovered a large cache of arms and ammunition, and destroyed 39 illegally-constructed bunkers in multiple districts, officials said on Thursday and added that one UKNA militant was killed in a joint security operation.

A Defence spokesman said that a cadre of the United Kuki National Army (UKNA) was killed and a cache of arms and ammunition was recovered during a joint operation conducted by the Indian Army and Assam Rifles in Churachandpur district.

A police official said that three hardcore militants belonging to the Kangleipak Communist Party (KCP) and the Socialist Revolutionary Party of Kangleipak (SOREPA) were arrested from Imphal West and Bishnupur districts.

The arrested extremists were allegedly involved in several violent incidents and numerous criminal activities across the state.

The official said that security forces recovered, among other items, a large cache of arms and ammunition during intensive search operations conducted at multiple locations under the jurisdiction of Kangpokpi district.

The recovered weapons included 11 single-barrel breech-loading (SBBL) 12-bore guns, 294 live rounds of 12-bore ammunition, two packages of gunpowder, 34 empty 12-bore cartridge cases, and six bulletproof vests.

Four individuals were also detained during the operation for further verification. Security forces additionally destroyed 39 illegally-constructed bunkers, outposts and strategic campsites discovered in Kangpokpi and Churachandpur districts.

Meanwhile, the Defence spokesman said that in a major setback to insurgent activities in Manipur, a coordinated operation by the Indian Army and Assam Rifles successfully dismantled active insurgent infrastructure in a remote area of Churachandpur district on June 16.

The operation was launched in the Henglep Sub-Division of Churachandpur district following specific Intelligence inputs regarding the movement of UKNA cadres.

Despite challenging terrain and adverse weather conditions, the troops carried out the operation with precision.

A gunfight broke out when the security personnel approached the insurgents’ hideout. The intense exchange of fire resulted in the neutralisation of one UKNA militant, while the remaining insurgents managed to flee the area.

Subsequent combing operations led to the destruction of fortified bunkers and the recovery of a sizeable cache of arms, ammunition and other warlike stores. By dismantling insurgent infrastructure, the security forces reinforced their commitment to restoring peace and normalcy in the state, the spokesman said.

The security forces, comprising both central and state agencies, continue extensive crackdowns against militants, with search operations and area domination exercises underway in fringe, mixed-population and vulnerable areas across Manipur.

A total of 116 nakas and checkpoints have been established across both valley and hill districts to curb the movement of anti-social and inimical elements, as well as suspicious vehicles.

Security forces have also been providing escorts to vehicles, including trucks carrying essential commodities, along the Imphal-Jiribam National Highway (NH-37).

Strict security arrangements and convoy protection measures remain in place along sensitive stretches of the highway to ensure the safe movement of vehicles.

Manipur Police have urged the public not to believe rumours and to remain cautious of fake videos and misleading content circulating on social media platforms.",Telangana Today,https://telanganatoday.com/one-ukna-militant-killed-seven-held-in-major-manipur-security-operations,"06/18/2026, 07:00 AM, +0000 UTC",Regional News & Incident Reports
Security Forces Intensify Search Operation in Manipur: DGP Lauded For Personally Supervising Ops,"Guwahati: In the wake of simmering tension, security forces on Thursday said that they have intensified search operations in at least four villages, where incidents of violence were reported recently, in Manipur's Kangpokpi district and recovered a cache of arms and ammunition.

Informing that more than 35 bunkers set up illegally by villagers were also destroyed, security sources said that a cadre of the United Kuki National Army (UKNA) was killed and a cache of arms and ammunition was recovered during a joint operation conducted by the Indian Army and Assam Rifles in Churachandpur district.

Asserting that villagers have been asked to maintain a distance from armed, security sources said that three hardcore militants belonging to the Kangleipak Communist Party (KCP) and the Socialist Revolutionary Party of Kangleipak (SOREPA) were arrested from Imphal West and Bishnupur districts.

The arrested militants were allegedly involved in several violent incidents and numerous criminal activities across the state. Four individuals were also detained during the operation for further verification.

Security sources said that security forces recovered, among other items, a large cache of arms and ammunition during intensive search operations conducted at multiple locations under the jurisdiction of Kangpokpi district.

Informing that security forces are carrying out coordinated operations to contain the movement of armed rebels in hills as well as valley, security sources said that a total of 116 nakas and checkpoints have been established across both valley and hill districts to curb the movement of anti-social and inimical elements, as well as suspicious vehicles.

Security forces have also been providing escorts to vehicles, including trucks carrying essential commodities, along the Imphal-Jiribam National Highway (NH-37).

Meanwhile, in a social media post former chief minister N Biren Singh lauded the efforts of newly appointed DGP Mukesh Singh who is personally supervising the operations of the security forces in trouble-torn areas.

Former chief minister said, “It is particularly encouraging to see that, after a long gap, the DGP himself is personally supervising the combing operations against anti-social elements today. I truly appreciate his hands-on approach and commitment."" He also expressed confidence that with ""the determined efforts of Mukesh Singh and the security forces, peace and normalcy will be restored in Manipur at the earliest"". He also urged all sections of society to stand united and extend full support to the security forces.",Deccan Chronicle,https://www.deccanchronicle.com/news/current-affairs/security-forces-intensify-search-operation-in-manipur-dgp-lauded-for-personally-supervising-ops-1964490,"06/18/2026, 07:00 AM, +0000 UTC",Regional News & Incident Reports
"Six Vacant Houses Torched at Kanto Sabal; Three Detained, Local MLA Alleges Negligence by Indian Army","Tension prevailed in the Kanto Sabal area on Saturday after six vacant houses, abandoned since the outbreak of the ethnic conflict on May 3, 2023, were allegedly set ablaze following a protest rally by members of the Kuki-Zo community against the ongoing economic blockade.

Kuki-Zo groups organised a rally on Saturday in protest against the blockade imposed by Naga organisations and later supported by Meitei groups, demanding justice for the six Naga civilians who were abducted on May 13 and whose mutilated bodies were recovered on June 10.

Security forces intervened, fired several rounds of tear gas, and stopped the Kuki-Zo protesters from marching towards Kanto Sabal. During the confrontation, several Kuki-Zo protesters were injured. Those with serious injuries were taken to Leimakhong Military Hospital, while those with minor injuries returned home. According to reports, some protesters, angered by the actions of the security forces, allegedly set fire to six abandoned Meitei houses while returning from the protest.

Upon receiving information that the six houses had been set ablaze, local residents of Kanto Sabal, including women, attempted to rush to the spot. However, the security forces used tear gas and mock bombs to disperse the crowd, resulting in injuries to several people. Local residents and civil society organisations condemned the alleged failure of the Army to prevent the arson and demanded accountability.

Senior police officials, including the Superintendents of Police of Imphal West and Kangpokpi districts, jointly inspected the affected area, launched search operations, and detained three persons allegedly involved in the arson.

Sekmai MLA Heikham Dingo Singh, while speaking to the media, alleged that the incident was caused by the negligence of the Indian Army, as the area where the incident took place is located near the Leimakhong Army Garrison. Dingo informed that three persons allegedly involved in the arson had been arrested.

Manipur Police confirmed that joint teams of the Manipur Police, CRPF, RAF, and the Army conducted operations following the incident and arrested Kammang Lhouvum (65), son of late Vompao Lhouvum, Chief of Hengjang Village and Chairman of the Leimakhong Area Protection Committee (LAPC), and Pagin Hangshing (30), son of Lunpao Hangshing, a resident of Khunkho Kuki Village. Police stated that efforts are underway to arrest other individuals allegedly involved in the incident.",The Hills Journal,https://www.thehillsjournal.com/six-vacant-houses-torched-at-kanto-sabal-three-detained-local-mla-alleges-negligence-by-indian-army/,"07/11/2026, 07:00 AM, +0000 UTC",Regional News & Incident Reports
"Assam flood: State govt requests Army, Air Force to be ready for rescue operations","GUWAHATI, Jul 19 : Assam Chief Minister Himanta Biswa Sarma on Sunday said his government has requested the Army and the Air Force to be on standby to assist the state administration in evacuating flood victims from several districts affected by the deluge.

In a post on X, Sarma said he has instructed four of his cabinet colleagues to rush to Upper Assam to oversee rescue and relief efforts in three districts hit by the recent wave of floods.

""As the flood situation in Sivasagar, Charaideo and Jorhat continues to worsen, Govt of Assam has requested the Indian Army and the Indian Air Force to be on standby to support evacuation and rescue operations, if required,"" the chief minister said.

Advertisement

Sarma said he has directed his ministerial colleagues Ajanta Neog, Bimal Borah, Keshab Mahanta and Susanta Borgohain to immediately reach the flood-hit areas to supervise relief efforts and ensure that every affected family receives timely assistance.

""The safety and well-being of our people is our highest priority. I am monitoring the situation round the clock, and we will take every necessary step to protect lives and provide all possible relief,"" the CM said. (PTI)",Daily Excelsior,https://www.dailyexcelsior.com/assam-flood-state-govt-requests-army-air-force-to-be-ready-for-rescue-operations/,"07/20/2026, 07:00 AM, +0000 UTC",Regional News & Incident Reports
"Army rescues 27 from flood-hit Dhemaji as 45,500 reel across 5 Assam districts","Guwahati, June 30: The Indian Army rescued 27 stranded civilians from flood-ravaged Arun Chapori village in Assam's Dhemaji district on Monday as relentless rainfall and rising water levels continued to worsen the flood situation across the state.

The rescue operation was carried out by troops of the Indian Army's Spear Head Division under the Spear Corps in coordination with the National Disaster Response Force (NDRF) and the district administration as part of a humanitarian assistance and disaster relief (HADR) mission.

According to the Army, personnel were swiftly mobilised after villagers were left stranded following the inundation of several areas caused by incessant rainfall and a sudden surge in water levels.

Following the rescue, Army teams also facilitated immediate relief for the affected residents.

Highlighting the Army's role during natural disasters, officials said humanitarian assistance and disaster relief operations remain an integral part of its responsibilities, complementing its primary role of safeguarding the nation's borders.





""Service knows no boundaries; humanity remains our highest duty,"" the Army said, reaffirming its commitment to assisting people during times of crisis.

The rescue comes as Assam grapples with a fresh wave of floods triggered by heavy rainfall across the state and neighbouring Arunachal Pradesh.

According to the Assam State Disaster Management Authority (ASDMA), more than 45,500 people have been affected across the districts of Chirang, Dhemaji, Dibrugarh, Lakhimpur and Nalbari.

Dhemaji remains the worst-hit district, with more than 41,000 people affected, followed by Dibrugarh with nearly 4,000 and Chirang with around 800 people reeling under floodwaters.

The ASDMA's daily flood report also said one person was swept away by strong currents in Jonai subdivision of Dhemaji district on Monday.

Authorities are currently operating 12 relief camps and relief distribution centres in two districts, sheltering 655 displaced people.

During the past 24 hours, the administration distributed 519.8 quintals of rice, 93.52 quintals of dal, 28.2 quintals of salt and 2,815.57 litres of mustard oil among flood-affected families.

The flood situation has submerged 257 villages and damaged 4,278.52 hectares of crop land across the state. Floodwaters have also damaged embankments, roads, bridges and other infrastructure in several districts.

The ASDMA said the Disang River was flowing above the danger mark at Nanglamuraghat, while more than 76,161 domestic animals and poultry have also been affected by the widespread flooding.

With inputs from agencies",assamtribune.com,https://assamtribune.com/assam/army-rescues-27-from-flood-hit-dhemaji-as-45500-reel-across-5-assam-districts-1613664,"06/29/2026, 07:00 AM, +0000 UTC",Regional News & Incident Reports
"Over 38 people from Kuki, Naga communities 'detained, held hostage' by various groups, says Manipur HM","GUWAHATI: At least 38 people were detained by different groups in Manipur following the killings of three Kuki church leaders in the state’s Kangpokpi district on Wednesday.

""More than 38 people were taken into custody by different groups. People belong to both the Kuki and the Naga communities,” Manipur’s home minister Govindas Konthoujam told media persons.

He also stated that the state government was holding discussions with civil society organisations and political leaders to ensure their safe release.

The Naga organisation ‘United Naga Council’ (UNC) issued an ultimatum on Thursday, demanding the release of all the “hostages.”

According to the ultimatum addressed to Chief Minister Yumnam Khemchand Singh, 18 Naga civilians, including women and a two-year-old baby, were held hostage by Kuki militant groups at Leilon Vaiphei village, while two Naga priests were detained at Supermeina village.",The New Indian Express,https://www.newindianexpress.com/india/2026/May/14/over-38-people-from-kuki-naga-communities-detained-held-hostage-by-various-groups-says-manipur-hm,"05/14/2026, 07:00 AM, +0000 UTC",Regional News & Incident Reports
Indian Army’s K9 warriors shine at exercise PRAGATI 2026 in Meghalaya,"Indian Army’s K9 warriors shine at exercise PRAGATI 2026 in Meghalaya

The Indian Army’s canine units showcased specialised battlefield skills during multinational Exercise PRAGATI 2026 in Meghalaya. Dogs trained in explosive detection, tracking and assault operations participated alongside troops from 12 countries, highlighting operational versatility, indigenous breeds and integration with emerging military technologies like robotic dogs

By PTI Published Date - 26 May 2026, 05:16 PM

Photo: X

Shillong: Amid high-intensity tactical drills and multinational military training during Exercise PRAGATI 2026 in Meghalaya, the Indian Army’s highly trained canine warriors emerged as a distinctive force multiplier, showcasing their specialised skills alongside armed forces personnel from 12 friendly nations.

Defence spokesman Lt Col Mahendra Rawat said that the army dogs trained alongside troops from friendly foreign countries, showcasing their role in modern military operations and enhancing interoperability in a multinational environment.

From IED (Improvised Explosive Devices) detection and tracking to intervention operations, the K9 teams demonstrated how trained military dogs remain an invaluable asset in high-risk operational scenarios, he said.

According to the official, the display included ‘Alan’, a Belgian ‘Malinois’ assault dog; ‘Victor’, a Rampur Hound tracker dog; and ‘Deo’, a Labrador explosive detection dog. Each showcased a specialised skill set, reflecting the versatility, discipline and mission readiness of Indian Army K9 teams.

Lt Col Rawat said that a key highlight was the participation of India’s indigenous breed, the ‘Rampur Hound’, represented by ‘Victor’. Known for climatic adaptability, resilience and disease resistance, indigenous breeds are increasingly being integrated into operational roles, strengthening the Indian Army’s move towards self-reliance under Atmanirbhar Bharat.

The K9 warriors also demonstrated their operational relevance across varied terrains, from deserts to glaciers, underlining their adaptability and effectiveness in diverse conditions.

Whether detecting explosives, tracking hostile movement or supporting intervention teams, these dogs bring speed, instinct, courage and loyalty to the battlefield, the spokesman pointed out.

He said that the exercise also featured robotic dogs, highlighting the evolving interface between trained animals and emerging technology in future military operations.

Together, the robotic platforms and K9 warriors presented a compelling picture of tradition and technology working in tandem to enhance operational effectiveness. At Exercise PRAGATI 2026, the K9 warriors stood out as silent force multipliers, embodying courage, loyalty and readiness, Lt Col Rawat said.

Meanwhile, the multilateral military exercise, PRAGATI 2026, involving armed forces personnel from 12 friendly nations, commenced on May 20 at the Umroi Military Station in Meghalaya.

The two-week-long exercise — PRAGATI 2026 — has brought together participants from Bhutan, Cambodia, Indonesia, Laos, Malaysia, Maldives, Myanmar, Nepal, the Philippines, Seychelles, Sri Lanka and Vietnam to strengthen regional cooperation, interoperability and strategic coordination among the participating countries.",Telangana Today,https://telanganatoday.com/indian-armys-k9-warriors-shine-at-exercise-pragati-2026-in-meghalaya,"05/26/2026, 07:00 AM, +0000 UTC",Regional News & Incident Reports
Assam Floods: Indian Army rescues more than 700 stranded people,"Guwahati, July 22 (IANS) The Indian Army has intensified flood relief and rescue operations across the worst-affected districts of Upper Assam, rescuing more than 700 stranded people and providing medical assistance and essential supplies to hundreds of flood-hit residents, officials said on Wednesday.

According to an official statement, troops of the Army's Red Shield Division under the Spear Corps have been carrying out round-the-clock humanitarian assistance and disaster relief operations in the flood-ravaged districts of Sivasagar, Charaideo and Jorhat, where incessant rainfall and overflowing rivers have inundated vast areas.

The Army said rescue teams have evacuated over 700 people trapped by rising floodwaters, while more than 150 residents have been provided medical assistance through field teams deployed in the affected areas.

Relief operations are being conducted despite challenging weather conditions, with soldiers navigating submerged villages and waterlogged terrain to reach marooned families, officials added.

The Army has also distributed emergency ration packets, safe drinking water and other essential relief materials to affected residents, ensuring immediate support for those stranded by the floods.

To strengthen rescue efforts, Army Aviation helicopters are undertaking aerial reconnaissance missions to identify people stranded in inaccessible locations and assess the extent of flooding.

The aerial surveys are helping rescue teams prioritise operations in areas cut off by floodwaters.

Officials stated that the Army Engineers have also been deployed to assist in restoring connectivity to isolated villages by improving access routes and supporting civil authorities in relief operations.

The Army said it is working in close coordination with the civil administration and other disaster response agencies to ensure timely evacuation of affected people and uninterrupted delivery of humanitarian assistance.

The relief operations come as Assam continues to battle one of its worst flood spells this year.

According to the latest official update, more than 7.27 lakh people have been affected across 25 districts, while the floods have claimed 31 lives.

Relief camps, rescue teams and distribution centres remain operational across the worst-hit regions.

Reaffirming its commitment to humanitarian service, the Indian Army said its personnel would continue rescue and relief operations under the guiding principle of 'Seva Paramo Dharma', ensuring assistance reaches every family affected by the disaster until normalcy is restored.

--IANS

tdr/rad",thehawk.in,https://www.thehawk.in/news/india/assam-floods-indian-army-rescues-more-than-700-stranded-people,"07/22/2026, 07:00 AM, +0000 UTC",Regional News & Incident Reports
COAS reviews Assam readiness,"Dinjan , July 29: Chief of Army Staff (COAS) General Dhiraj Seth on Wednesday visited Dinjan in Assam and reviewed the operational preparedness of the Indian Army’s Dao Division and Spearhead Division.

During his visit, the Army chief was briefed on the formations’ operational capabilities, deployment readiness and ongoing initiatives aimed at enhancing combat effectiveness. He also witnessed the latest technology absorption measures and indigenous innovations being integrated by the units.

Commending the formations for their efforts towards transformation, General Seth appreciated their focus on becoming a technology-driven, agile and future-ready force capable of responding effectively to emerging security challenges.

Interacting with troops, the COAS exhorted personnel to maintain a high level of alertness, operational flexibility and professionalism. He emphasised the importance of continuous innovation, modernisation and preparedness to safeguard national security interests while contributing towards peace and stability in the region.

During the ongoing visit, General Seth also reviewed the Indian Army’s ongoing humanitarian assistance and flood relief operations in Assam, where several areas have been affected by rising waters and natural calamities.

The Army chief directed formation commanders to extend all possible support to civil authorities and ensure timely assistance reaches flood-affected communities. He appreciated the efforts of Army personnel engaged in rescue, relief and support operations during the challenging situation.

The visit reaffirmed the Indian Army’s commitment towards maintaining operational readiness while standing with citizens during emergencies and natural disasters. The Army continues to combine its defence responsibilities with humanitarian efforts, strengthening its role as a reliable force for both national security and public service.",Brighter Kashmir,https://brighterkashmir.com/coas-reviews-assam-readiness,"07/30/2026, 07:00 AM, +0000 UTC",Regional News & Incident Reports
India-China Troops Reportedly Clash in Arunachal's Upper Subansiri Region,"Fresh reports of a confrontation between Indian Army and Chinese People's Liberation Army (PLA) soldiers have emerged from the Taksing Circle in Arunachal Pradesh's Upper Subansiri district. Visual evidence, including photos and videos, circulating widely on social media platforms, suggests a skirmish took place between the two sides.

According to these circulating reports, the incident is believed to have occurred on July 26, 2026, though some accounts indicate that tensions and clashes might have commenced a day earlier, on July 25. The specific details regarding the nature and extent of the confrontation remain unconfirmed by official sources, but the visual content has sparked significant discussion.

This reported escalation comes amidst ongoing concerns regarding border activities in the sensitive region. There have been previous allegations of Chinese construction activities, including the building of roads and military bunkers, in areas adjacent to Taksing, such as Maza, Galemu, Potrang Lake, Tama Chuchu, Galen Sinyik, and Shreechu Valley. These reported incursions have consistently been a point of contention between India and China along the Line of Actual Control (LAC).

The latest purported clash, if officially confirmed, underscores the persistent volatility along the disputed Indo-Tibetan border. Such incidents highlight the need for continued vigilance and diplomatic engagement to maintain peace and stability in the strategically vital northeastern frontier.",Prag News,https://pragnews.com/en/india-china-troops-reportedly-clash-in-arunachals-upper-subansiri-region,"08/06/2026, 07:00 AM, +0000 UTC",Regional News & Incident Reports
Pragati 2026: Meghalaya hosts 13 nations for landmark military exercise,"Umroi (Meghalaya), May 30: Armies from 13 countries came together at Meghalaya's Umroi for the maiden multilateral military exercise, Pragati 2026, which concluded on Saturday with a focus on counter-insurgency operations, interoperability and fostering mutual trust among nations in the Indian Ocean region.

More than 400 soldiers, including around 20 women personnel, from Bhutan, Cambodia, Indonesia, Laos, Malaysia, Maldives, Myanmar, Nepal, Philippines, Seychelles, Sri Lanka, Vietnam and India participated in the two-week exercise.

The troops carried out a range of drills, including helicopter slithering operations, IED detection along operational routes and rock-face descents, officials said.

""Pragati was a mega exercise in the serene environment of Umroi in Meghalaya. We conducted various specialised drills and procedures, including rock craft, special heliborne operations, tactical situations,"" said Brigadier Mayur Shekatkar, the chief coordinator for the programme.

Director of the exercise, Col. Sandeep Poonia, said Pragati stands for 'Partnership of Regional Armies for Growth and Transformation in the Indian Ocean Region'.

""The aim is to create synergy, interoperability, and enhance mutual trust among the friendly foreign nations. The last two weeks we trained together, during which focus was on counter-insurgency operations based in semi-mountainous and jungle terrain,"" he said.

The routine also enabled them to experience the calmness of Yoga, he added.

Detailed discussions on how to incorporate niche technologies and the effect of these on the tactics, techniques and procedures (TTPs) were held during the two-week-long programme.

Col. Sandeep Poonia said, ""Detailed discussions were held on how to incorporate the latest and niche technology, and what the effect of these on our operations in the TTPs (tactics, technology and procedures.""

The exercise also provided an opportunity for sharing key best practices in the engineering field.

As part of the exercise, we have trained in tactical environments wherein key engineering tasks were done, and best practices were shared. For instance, counter IED drills were undertaken in a simulated combat environment,"" Major Susmita S Variar, engineering representative in the exercise, said.

Lt. Col. Sangay Jantsho of the Royal Bhutan Army said, ""We thank the Indian Army for organising this exercise, which has been a successful one. It has been an opportunity for us to interact with troops of other nations, learn and share our experience and expertise in counter-insurgency.""

He said it was a valuable exposure to operating alongside different countries.

Lt. Col. Louis Agathine harped on the historical ties between his country Seychelles and India, and said such exercises will enhance friendship across the Indian Ocean region.

""We are happy to exchange ideas, and we will put into practice what we learned,"" he said.

Echoing their thoughts, Staff Sergeant Mary Simongo of the Philippines said, ""We express our sincere thanks to the Indian Army for this exercise. We gained valuable knowledge and ideas, which we will take home.""

PTI",assamtribune.com,https://assamtribune.com/north-east/pragati-2026-meghalaya-hosts-13-nations-for-landmark-military-exercise-1612167,"05/29/2026, 07:00 AM, +0000 UTC",Regional News & Incident Reports
Army Intensifies Assam flood relief,"Guwahati, July 28: The Indian Army has intensified its humanitarian assistance under Operation Jal Rahat, with Red Shield Gunners of the Spear Corps continuing extensive rescue and relief operations in the flood-hit districts of Sivasagar and Charaideo in Assam.

Working in close coordination with the civil administration and local non-governmental organisations (NGOs), Army personnel have remained on the ground, rescuing stranded residents and ensuring that essential relief materials reach affected families in inaccessible areas.

Despite challenging conditions caused by widespread flooding, troops have been carrying out round-the-clock operations to provide timely assistance to communities severely impacted by rising waters.

According to the Army, relief efforts have so far resulted in the distribution of more than 19 tonnes of food grains, 2,400 food packets, 26,000 biscuit packets, 13,900 bottles of drinking water, 29,000 litres of potable water, and 4,400 hygiene kits to flood-affected families.

The relief material is aimed at addressing immediate needs, including food security, safe drinking water and sanitation, while helping prevent the outbreak of water-borne diseases in the affected regions.

Operation Jal Rahat reflects the Indian Army's continued commitment to supporting civil authorities during natural disasters. Alongside rescue operations, troops are assisting in restoring normalcy by reaching remote villages, providing humanitarian aid and ensuring that vulnerable communities receive timely support.

The Army reaffirmed its resolve to continue relief operations for as long as required, standing shoulder to shoulder with the people of Assam during the ongoing flood crisis and contributing to relief, recovery and rehabilitation efforts across the affected districts.",Brighter Kashmir,https://brighterkashmir.com/army-intensifies-assam-flood-relief,"07/29/2026, 07:00 AM, +0000 UTC",Regional News & Incident Reports
Airtel deploys network infrastructure across 30 Army stations in Arunachal Pradesh,"Add MobiGyaan as a preferred source on Google

Airtel has announced the successful completion of the first phase of a strategic connectivity initiative undertaken in partnership with the 4 Corps of the Indian Army, headquartered in Tezpur. The project aims to expand mobile network coverage across some of the most remote, mountainous, and difficult-to-access regions of Arunachal Pradesh.

With the completion of the initial rollout, Airtel has established mobile connectivity across several high-altitude and border regions where telecommunications infrastructure has traditionally been limited due to challenging terrain and logistical constraints. The deployment is expected to benefit both Indian Army personnel stationed in these areas as well as local communities residing in remote border villages.

Balaji R, CEO – North East and Assam, Bharti Airtel, said, “This initiative reflects Airtel’s continued commitment to extending connectivity to some of the country’s most difficult terrains. The rollout required extensive coordination between Airtel teams and local support units to overcome immense terrain and weather-related challenges.

Our teams operated under demanding high-altitude conditions and adverse weather to ensure timely and secure network activation. We are deeply grateful to the Indian Army for their unparalleled logistical support, which made it possible to bring digital connectivity to these frontier regions.”

Airtel Expands Connectivity in Challenging Terrain

As part of the first phase, Airtel deployed network infrastructure across 30 Army stations located in mountainous regions of Arunachal Pradesh. The project required extensive coordination between Airtel and the Indian Army due to the absence of conventional transportation routes and the difficult operating conditions prevalent across many deployment sites.

To facilitate the rollout, the Indian Army provided critical logistical support, including:

Transportation of Airtel engineers and technical teams to remote locations

Movement of specialized telecommunications equipment into mountainous areas

Assistance with fiber-optic cable deployment

Support for power infrastructure installation and commissioning

The collaboration enabled network deployment in locations that have historically remained underserved because of geographical barriers and limited accessibility.

Benefits for Soldiers and Local Communities

The newly established infrastructure is designed to provide reliable mobile voice and data services across these remote regions. Improved connectivity is expected to support communication requirements for Army personnel while also helping local residents gain access to digital services, online education, communication platforms, and emergency connectivity.

The initiative aligns with broader efforts to improve telecommunications access in border and rural regions while supporting socio-economic development and digital inclusion.

Phase 2 Expansion Planned

Following the successful completion of the first phase, Airtel and the Indian Army have agreed to move forward with Phase 2 of the project.

Under the next stage of deployment, Airtel plans to extend mobile network infrastructure to 15 additional locations across Arunachal Pradesh, further expanding coverage in some of the state’s most isolated and strategically important areas.

The continued collaboration aims to reduce connectivity gaps and improve telecommunications access across remote border regions where reliable mobile services remain limited.",MobiGyaan,https://www.mobigyaan.com/airtel-30-army-stations-arunachal-pradesh,"06/17/2026, 07:00 AM, +0000 UTC",Regional News & Incident Reports
"41 arms seized, 12 militants held in Manipur","Imphal, July 20: Security forces have recovered 41 weapons, explosives and other war-like stores while apprehending 12 insurgent cadres during a series of intelligence-based joint operations conducted across Manipur between July 12 and 18, officials said.

The operations were launched by the Indian Army and Assam Rifles under the Spear Corps, in close coordination with the Manipur Police, Central Reserve Police Force (CRPF), Indian Reserve Battalion (IRB) and other Central Armed Police Forces.

The coordinated raids were carried out across both hill and valley districts, including Kakching, Tengnoupal, Imphal East, Imphal West, Churachandpur, Jiribam, Thoubal, Chandel and Kangpokpi, based on specific intelligence inputs regarding the movement of armed militants and the presence of illegal weapon caches.

During the week-long operations, security forces apprehended 12 active cadres linked to various insurgent outfits. The arrested individuals are being questioned to gather further intelligence about militant networks, logistics and arms supply routes operating in the region.

Officials said the joint teams also recovered a substantial cache of 41 weapons, along with explosives, ammunition and other war-like stores believed to have been concealed for use in militant activities. The seized arms have been handed over to the police for further investigation and forensic examination.

Security officials described the operations as part of the ongoing effort to restore peace and stability in Manipur by dismantling insurgent infrastructure, recovering illegally held weapons and preventing violence.

They said intelligence-based operations will continue across vulnerable areas to curb militant activities and ensure the safety of civilians.

The latest success reflects the close coordination among the Army, Assam Rifles, state police and Central security forces in maintaining law and order and strengthening the security grid across the violence-affected state.",Brighter Kashmir,https://brighterkashmir.com/41-arms-seized-12-militants-held-in-manipur,"07/21/2026, 07:00 AM, +0000 UTC",Regional News & Incident Reports
"Indian Army, Assam Police Nab ULFA(I) Cadre and OGWs in Upper Assam Operations","In a series of intelligence-based joint operations conducted in the month of April 2026, the Indian Army’s Red Shield Gunners, under the aegis of Spear Corps, in coordination with Assam Police, achieved significant success in Upper Assam districts of Tinsukia, Charaideo and Sivasagar.

The operations, based on precise TECHINT and HUMINT inputs, led to the apprehension of one ULFA(I) cadre, ten Over Ground Workers (OGWs) and four drug dealers with established links to anti-national elements. Additionally, narcotics were also recovered during the operations.

These coordinated efforts highlight the effectiveness of joint operations in countering anti-national activities and disrupting support networks in the region.",Pioneer Daily,https://dailypioneer.com/news/army-state-police-conduct-successful-joint-operations-in-upper-assam,"04/30/2026, 07:00 AM, +0000 UTC",Regional News & Incident Reports
Army officer files counter FIR in Sikkim driver assault case,"A counter FIR filed by an Army officer has brought another account of the June 9 incident involving Army personnel and local taxi drivers in North Sikkim, which had drawn public attention after a video circulated on social media allegedly showing a civilian driver being assaulted.

The case was registered at Lachung Police Station following the incident in the Zero Point–Shiv Mandir area. The video had led to calls from various organisations and members of the public for an investigation into the alleged assault.

On the night of June 10, Captain Suraj Somnath Bhagat lodged a separate complaint alleging that an Army convoy travelling from Thangu towards Lachung was obstructed at Zero Point by a vehicle parked on the road.

According to the FIR, Army personnel asked the driver to move the vehicle, following which an argument allegedly broke out. The complaint alleges that the driver and several others obstructed Army personnel and physically assaulted them while they were carrying out official duties.

The FIR further alleges that a group of individuals surrounded the Army officer, pushed him and attempted to stop the convoy from proceeding. It also states that one individual allegedly encouraged others to block the convoy. An attempt to take away the officer's mobile phone while he was recording the incident has also been alleged.

The complaint additionally mentions an alleged assault on another Army personnel near Shiv Mandir.

Police have registered the case under provisions of the Bharatiya Nyaya Sanhita related to assault and obstruction of public servants. The complainant and two other Army personnel were medically examined at Chungthang Primary Health Centre as part of the investigation.

The counter FIR comes days after allegations emerged that a local driver was allegedly assaulted by Army personnel at Lachung Zero Point. Videos purportedly linked to the incident were widely shared on social media.

The State-Level Chalak Wing of the Sikkim Krantikari Morcha and the Sarathi Welfare Board had sought a fair and transparent inquiry into the matter. The organisations said they were concerned by the allegations while maintaining their respect for the Indian Army.",India Today NE,https://www.indiatodayne.in/sikkim/story/army-officer-files-counter-fir-in-sikkim-driver-assault-case-1406587-2026-06-11,"06/11/2026, 07:00 AM, +0000 UTC",Regional News & Incident Reports
"Assam Rifles, Indian Army Recover Huge Arms Cache in Manipur; Six Militants Arrested","During the period of June 21 to June 27, Indian Army and Assam Rifles formations under Spear Corps, in close coordination with Manipur Police and Central Security Forces, conducted a series of intelligence-based joint operations across Kangpokpi, Imphal West, Imphal East, Thoubal and Kakching districts.

The operations led to the apprehension of six cadres belonging to various proscribed outfits and the recovery of arms, ammunition, explosives and other war-like stores.

On June 24 and June 26, Assam Rifles, in joint operations with Manipur Police and a CRPF Battalion, unearthed a major cache of arms, ammunition, and war-like stores from the general areas of Loiching Ridge, Maohing, and North Changoubung in Kangpokpi District. The successful seizures comprised two rifles, one carbine machine gun, one rifle, 42 country-made rifles, multiple pistols, improvised mortars, pumpis, and one under-barrel grenade launcher.

The search columns also recovered a significant quantity of ammunition, explosives, and equipment, including multiple grenades, over 250 rounds of ammunition, and communication equipment. During the same operational window, Assam Rifles and Manipur Police launched massive intelligence-led joint operations across Imphal West, Imphal East, Thoubal, and Kakching districts.

The crackdown resulted in the intercept and apprehension of six active cadres from the proscribed outfits SOREPA, KCP(N), KYKL, and RPF(PLA), including a self-styled Captain. Security forces also executed a major weapon recovery during these targeted operations, seizing one pistol, 97 rounds of mixed ammunition, gunpowder, and an unregistered vehicle.",Pioneer Daily,https://dailypioneer.com/news/slug-lite/security-forces-seize-major-cache-of-arms-in-manipur?year=2026,"07/01/2026, 07:00 AM, +0000 UTC",Regional News & Incident Reports
Airtel partners with Indian Army to extend mobile coverage across Arunachal Pradesh,"Airtel has announced the successful completion of the first phase of a strategic initiative to enhance mobile connectivity across remote regions in Arunachal Pradesh. The project was executed in partnership with the 4 Corps of the Indian Army, which is headquartered in Tezpur.

With this deployment, Airtel has established mobile connectivity in several mountainous, high-altitude, and historically difficult-to-access sectors of the state. The infrastructure upgrade is designed to provide reliable voice and data services for both military personnel and local civilian populations residing in these remote border areas.

Infrastructure Deployment and Challenges

During the initial phase of the initiative, Airtel deployed network infrastructure across 30 Army stations situated in challenging terrain. Telecommunications expansion in these regions has historically been restricted by severe geographical and logistical constraints.

The project relied heavily on joint collaboration between the service provider and the Indian Army. To overcome the lack of conventional road access in multiple locations, the Indian Army provided logistical assistance, which included:

Transporting Airtel technical teams and specialized telecommunication equipment deep into mountainous zones.

Assisting with fiber-optic cable deployment.

Supporting the establishment of necessary power infrastructure.

Future Expansion: Phase 2

Following the completion of the first phase, Airtel and the Indian Army have agreed to initiate Phase 2 of the project. This next stage will extend the network infrastructure to 15 additional locations across Arunachal Pradesh, continuing the efforts to reduce connectivity gaps in the region’s most isolated environments.

Regarding this, Balaji R, CEO – North East and Assam, Bharti Airtel, said:

This initiative reflects Airtel’s continued commitment to extending connectivity to some of the country’s most difficult terrains. The rollout required extensive coordination between Airtel teams and local support units to overcome immense terrain and weather-related challenges. Our teams operated under demanding high-altitude conditions and adverse weather to ensure timely and secure network activation. We are deeply grateful to the Indian Army for their unparalleled logistical support, which made it possible to bring digital connectivity to these frontier regions.",FoneArena.com,https://www.fonearena.com/blog/485236/airtel-mobile-network-arunachal-pradesh-indian-army.html,"06/17/2026, 07:00 AM, +0000 UTC",Regional News & Incident Reports
"Army reaches 3,265 flood victims in Assam","Guwahati, Aug 4: Troops of the Indian Army and Assam Rifles under Spear Corps and Eastern Command continued large-scale humanitarian relief operations in flood-hit Sonari of Charaideo district, Assam, as part of the ongoing Operation Jal Rahat.

During the relief mission, security forces provided essential assistance to more than 3,265 flood-affected residents, supplying food, safe drinking water, clothing and other relief materials to families affected by the floods.

Officials said the relief effort included the distribution of 386 clothing items, besides food packets, potable water and other essential supplies to support people facing hardships due to inundation.

The Army said the operation is aimed at ensuring timely assistance reaches vulnerable communities while complementing the efforts of the civil administration in flood-affected areas.

The humanitarian mission underscores the Indian Army's continued commitment to standing with citizens during natural disasters and providing immediate relief to those in need through coordinated rescue and relief operations.",Brighter Kashmir,https://brighterkashmir.com/army-reaches-3265-flood-victims-in-assam,"08/05/2026, 07:00 AM, +0000 UTC",Regional News & Incident Reports
Dogs of War: K9 units of Indian Army conduct heliborne insertion drill in Manipur,"K9 dog slithering at Leimakhong milistray station (Photo: Defence PRO Kohima)

Kohima: Military working dogs and their handlers from the Red Shield Division of the Indian Army carried out a slithering exercise at the Leimakhong Military Station in Manipur on Friday. The K9s trained for rapid heliborne insertion in operationally demanding conditions.

Five K9 teams participated in the exercise, which focused on aerial deployment techniques, operational coordination and combat readiness – skills that are increasingly critical in counter-insurgency environments such as Manipur, where the army has maintained a significant presence for decades under the Armed Forces Special Powers Act.

Slithering, a technique in which personnel descend from a hovering helicopter on a rope, presents particular challenges when working with trained dogs.

Read also: Meet Captain Harshita Raghav – the officer leading the Indian Army’s animal warriors

Handlers must manage the animal's composure and coordination while executing the manoeuvre under simulated operational pressure, a task that demands extensive conditioning of both the dog and its handler.

The K9 units of the Indian Army are deployed across a range of missions, including search and rescue operations, explosive detection, disaster management response and the tracking and neutralization of militants in jungle and urban terrain.

In the northeast, where dense forest cover and difficult topography complicate ground operations, dog teams provide a distinct tactical advantage in locating hidden insurgents or improvised explosive devices.

The Red Shield Division, formally the 57 Mountain Division, is headquartered at Leimakhong and is one of the primary formations responsible for counter-insurgency operations in Manipur.

The station has long served as a hub for specialized training activities given its proximity to active operational zones.

“The exercise reflects a broader effort by the army to integrate its K9 assets more tightly with air assets, improving the speed and flexibility with which dog teams can be inserted into remote or inaccessible areas,” an Indian Army official said.

“Such integration is particularly relevant in Manipur's hill districts, where road access is limited and air mobility often determines operational outcomes.”

All About K9 Units of the Indian Army

The Indian Army's K9 units form a specialized corps of military working dogs and their handlers, trained for a wide range of operational and support roles.

Dogs are deployed for explosive detection, tracking of militants, search and rescue operations, disaster management and perimeter security at sensitive installations.

Read also: In a first, Indian Army’s Remount Veterinary Corps deploys 4 newly commissioned women officers in forward posts

The army primarily uses Belgian Malinois, German Shepherds and Labrador Retrievers, each breed selected for specific traits like Malinois for aggression and agility in combat tracking, Labradors for their acute sense of smell in explosive and narcotic detection, and German Shepherds as versatile all-rounders.

K9 units operate across conflict zones including Jammu and Kashmir and the northeast, where they provide a critical tactical edge in jungle warfare and counter-insurgency operations.

The Remount Veterinary Corps (RVC), one of the oldest arms of the Indian Army, is responsible for the training, breeding and care of military dogs.

Each handler and dog undergoes rigorous joint training, often forming bonds that last the dog's entire service life.



",India Sentinels,https://www.indiasentinels.com/army/dogs-of-war-k9-units-of-indian-army-conduct-heli-borne-insertion-drill-in-manipur-7332,"05/08/2026, 07:00 AM, +0000 UTC",Regional News & Incident Reports
GOC 3 Corps calls on Manipur Governor,"Imphal, July 21: Lieutenant General Girish Kalia, General Officer Commanding (GOC), 3 Corps, and Major General Gaurav Sharma, Inspector General Assam Rifles (South), called on the Governor of Manipur at Raj Bhavan, Imphal, on Tuesday.

During the meeting, the senior Army commanders briefed the Governor on the prevailing security situation in the state, ongoing counter-insurgency operations, and the coordinated efforts being undertaken by the Indian Army and Assam Rifles to maintain peace and stability in Manipur.

The discussions also focused on strengthening civil-military cooperation, enhancing coordination with state authorities, and ensuring effective security arrangements to safeguard public safety and normalcy across the region.

The Governor appreciated the professionalism, dedication, and sustained efforts of the Indian Army and Assam Rifles in maintaining law and order, assisting the civil administration, and fostering confidence among the people.

The meeting reaffirmed the commitment of the security forces and the state administration to work in close coordination for lasting peace, stability, and development in Manipur.",Brighter Kashmir,https://brighterkashmir.com/goc-3-corps-calls-on-manipur-governor,"07/22/2026, 07:00 AM, +0000 UTC",Regional News & Incident Reports
Army pays tribute to havildar killed in Nagaland,"New Delhi, July 14: The Indian Army on Tuesday paid rich tributes to Havildar Mohd Iqbal of the Assam Rifles, who made the supreme sacrifice in the line of duty during an operational deployment in Nagaland.

Expressing profound grief over the soldier's demise, Lieutenant General V.M.B. Krishnan, General Officer Commanding-in-Chief, Eastern Command, along with all ranks of the Eastern Command, conveyed heartfelt condolences to the bereaved family and honoured the soldier's courage, dedication and selfless service to the nation.

In a message shared by the Eastern Command, the Army said, ""Lt Gen VMB Krishnan, Army Commander Eastern Command, and all ranks express deepest condolences on the demise of Havildar Mohd Iqbal, Assam Rifles, who gallantly made the supreme sacrifice in the line of duty in Nagaland. The Indian Army stands firmly with the bereaved family.""

The Army described Havildar Mohd Iqbal as a brave and committed soldier who displayed exemplary courage and devotion while performing his operational responsibilities. His sacrifice, it said, reflects the unwavering commitment of the Assam Rifles in safeguarding national security and maintaining peace in the North-East.

While the Army did not immediately disclose further operational details surrounding the incident, it reiterated its unwavering support to the soldier's family during this difficult time.

The Assam Rifles, India's oldest paramilitary force operating under the operational control of the Indian Army, has played a vital role in counter-insurgency operations, border guarding and maintaining peace and stability in the North-Eastern region.

The sacrifice of Havildar Mohd Iqbal has been widely mourned within the armed forces, with tributes pouring in for the fallen soldier, whose courage and dedication will continue to inspire generations of servicemen.",Brighter Kashmir,https://brighterkashmir.com/army-pays-tribute-to-havildar-killed-in-nagaland,"07/15/2026, 07:00 AM, +0000 UTC",Regional News & Incident Reports
"Joint military exercise of 13 nations begins in Meghalaya, focus on counter-terrorism operations","— easterncomd (@easterncomd)

Live Events



as a Reliable and Trusted News Source Addas a Reliable and Trusted News Source Add Now!

(You can now subscribe to our

(You can now subscribe to our Economic Times WhatsApp channel

Guwahati: A joint military exercise comprising defence personnel from 13 countries began in Meghalaya on Wednesday with a focus on counter-terrorism operations , officials said.Defence PRO Lieutenant Colonel Mahender Rawat told PTI that multilateral military exercise PRAGATI 2026 ' commenced at Umroi Military Station with the participation of 12 friendly nations -- Bhutan, Cambodia, Indonesia, Laos, Malaysia, Maldives, Myanmar, Nepal, Philippines, Seychelles, Sri Lanka and Vietnam.""The two-week exercise will focus on counter-terrorism operations in semi-mountainous and jungle terrain. The training programme will include joint planning exercises, tactical-level drills and coordinated operations designed to improve adaptability, endurance and tactical proficiency of participating troops,"" he added.Rawat said the emphasis will be laid on physical fitness, discipline and coordination while operating in challenging conditions.""As part of the exercise, Indian technology and defence companies will showcase indigenous equipment and innovations under the Atmanirbhar Bharat initiative, providing a platform for knowledge exchange and highlighting India's growing capabilities in defence production, innovation and self-reliance,"" he added.The objectives of the exercise include enabling seamless coordination among participating nations in joint operations, identifying common areas of cooperation, sharing expertise and establishing an institutionalised mechanism for exchange of best practices evolved through individual experiences.Strengthening defence ties and camaraderie through joint training and cultural exchange, and evolving common concepts for management and sharing of intelligence in a multinational environment are also part of this elite programme.""PRAGATI, which stands for Partnership of Regional Armies for Growth and Transformation in the Indian Ocean Region, is being conducted in the spirit of equality, friendship and mutual respect,"" the PRO stated.The exercise provides a common platform for participating armies to engage in professional exchange, learn from one another's experiences and build closer military-to-military ties, he added.""Exercise PRAGATI 2026 is expected to further strengthen military-to-military cooperation, deepen professional bonds and contribute towards a shared approach to common security challenges among regional partners,"" Rawat said.The contingents were accorded a warm and traditional welcome by the Indian Army on their arrival. The opening ceremony was attended by senior military officials and dignitaries.Indian Army Major General and Additional Director General of Infantry, Sunil Sheoran, welcomed all contingents and highlighted the importance of collective engagement in addressing contemporary security challenges.He encouraged all participants to engage with openness, mutual respect and a willingness to learn from one another's experiences, while highlighting that the strengths and perspectives brought by each nation would contribute meaningfully towards achieving the collective objectives of the exercise.",economictimes.com,https://m.economictimes.com/news/defence/joint-military-exercise-of-13-nations-begins-in-meghalaya-focus-on-counter-terrorism-operations/articleshow/131220416.cms,"05/20/2026, 07:00 AM, +0000 UTC",Regional News & Incident Reports
"Assam floods: Army's Op Jal Rahat rescues 1,000+; 16,567 remain in relief camps","Guwahati, Jul 30: The Indian Army has rescued more than 1,000 people and distributed over 30,500 food packets under Operation Jal Rahat as flood relief operations continue across Assam, where more than 16,500 displaced people remain in relief camps despite receding waters as of Thursday.

Sharing an update on the ongoing humanitarian mission, the Indian Army said its troops were working ""shoulder-to-shoulder with the civil administration, NDRF, SDRF and local agencies"" to conduct rescue and relief operations, provide medical aid, restore connectivity and reach stranded families in remote areas ""even through innovative use of logistic drones"".

Since the commencement of #OpJalRahat, the #IndianArmy has:



• Rescued 1,000+ civilians



• Provided medical assistance to 200+ people



• Distributed 19 tonnes of grains



• Delivered 30,500+ food packets, 43,000+ litres of water along with fresh vegetables, milk, clothing,… pic.twitter.com/VG5ExgnNiJ — ADG PI - INDIAN ARMY (@adgpi) July 29, 2026

""Standing resolutely with the people of Assam, the Indian Army remains committed to bringing hope, relief and reassurance where it is needed most,"" it said in a social media post.

According to the Army, since the commencement of Operation Jal Rahat, troops have rescued more than 1,000 civilians, provided medical assistance to over 200 people and distributed 19 tonnes of grains.





Army personnel rescue an infant from an inundated house. (Photo:@adgpi/X)

The Army also said it has delivered more than 30,500 food packets and 43,000 litres of drinking water, besides supplying fresh vegetables, milk, clothing, hygiene kits and other essential relief materials to flood-affected communities.

Official data showed that 16,567 people displaced by the recent floods are currently taking shelter in 101 relief camps across the affected districts of the state.

Sivasagar, the worst-hit district, accounts for 14,586 relief camp inmates, reflecting the scale of devastation caused by the mud-filled floods triggered by heavy rainfall in Upper Assam and neighbouring Nagaland.

Jorhat has 1,080 people staying in relief camps, followed by Charaideo with 479 and Golaghat with 422.

Although floodwaters have receded from most parts of the state, the overall situation remains grim.

According to the Assam State Disaster Management Authority (ASDMA), the death toll has risen to 78, while more than three lakh people continue to be affected across several districts.

The floods have also inflicted widespread damage on agriculture and livestock. More than 21,500 hectares of cropland remain submerged, over 11,000 animals have been washed away and another 17,000 livestock have been affected.

Meanwhile, the India Meteorological Department (IMD) has forecast heavy to very heavy rainfall accompanied by thunderstorms at isolated places across Assam and neighbouring Arunachal Pradesh and Nagaland between July 30 and August 1, raising concerns over the possibility of fresh flooding, particularly in districts bordering the neighbouring states.",assamtribune.com,https://assamtribune.com/assam/assam-floods-armys-op-jal-rahat-rescues-1000-16567-remain-in-relief-camps-1614962,"07/30/2026, 07:00 AM, +0000 UTC",Regional News & Incident Reports
Joint security operations in Manipur lead to arrest of nine militants,"Imphal, July 13: In a major counter-insurgency success, joint security forces apprehended nine suspected militant cadres and recovered a cache of arms, ammunition, explosives and other war-like stores during a series of intelligence-based operations conducted across Manipur between July 4 and July 11.

The coordinated operations were launched by formations of the Indian Army and Assam Rifles under the Spear Corps, in close coordination with the Manipur Police and the Central Reserve Police Force (CRPF).

According to official sources, the operations were carried out in both the hill and valley districts of Kakching, Imphal East, Churachandpur and Bishnupur, based on specific intelligence inputs regarding the presence and movement of militant elements.

During the week-long operations, security forces successfully apprehended nine suspected cadres belonging to various insurgent outfits. In addition, they recovered live ammunition, explosives and other war-like stores, dealing a significant blow to the operational capabilities of the militant groups active in the region.

Officials said the operations were meticulously planned and executed with seamless coordination among the participating security agencies, reflecting the effectiveness of intelligence sharing and joint operational planning.

The apprehended individuals, along with the recovered arms and other incriminating material, have been handed over to the Manipur Police for further investigation and legal proceedings.

Security agencies said such intelligence-driven operations will continue across the state to dismantle insurgent networks, prevent violence and ensure the safety and security of the people.

The Indian Army reaffirmed its commitment to working closely with the Assam Rifles, Manipur Police, CRPF and other security agencies to maintain peace and stability in the region through sustained counter-insurgency and area domination operations.

The latest operation underscores the continued efforts of the security forces to curb militant activities, recover illegal weapons and strengthen the security environment across Manipur.",Brighter Kashmir,https://brighterkashmir.com/joint-security-operations-in-manipur-lead-to-arrest-of-nine-militants,"07/14/2026, 07:00 AM, +0000 UTC",Regional News & Incident Reports
"10 cadres held, 41 weapons seized in Manipur","Imphal, Aug 10: Security forces have apprehended 10 cadres and recovered 41 weapons, explosives and other war-like stores during a week-long series of intelligence-based joint operations across several districts of Manipur, officials said.

The operations were conducted from August 2 to 9 by formations of the Indian Army and Assam Rifles under Spear Corps, in coordination with Manipur Police, the Central Reserve Police Force (CRPF) and other Central Armed Police Forces (CAPFs).

The coordinated operations were carried out across both hill and valley districts, including Imphal East, Imphal West, Bishnupur, Churachandpur, Kakching and Kangpokpi.

Among those apprehended was the self-styled SS Army Chief of the United Kuki National Army (UKNA), according to security officials.

The forces recovered a total of 41 items comprising weapons, explosives and other war-like stores during the operations. The seizures are being viewed as a significant step towards disrupting the operational capabilities and networks of armed groups operating in the state.

The operations were based on specific intelligence inputs and involved coordinated action by multiple security agencies across geographically challenging areas.

Officials said the joint approach enabled security forces to conduct targeted operations while maintaining close coordination among the Army, Assam Rifles, state police and central forces.

The apprehension of the cadres and recovery of the weapons and explosive material are expected to contribute to ongoing efforts to strengthen security and prevent armed groups from carrying out disruptive activities.

Security forces have continued intelligence-based operations across vulnerable areas of Manipur amid efforts to maintain peace and stability in the state.

The latest operations underline the importance of inter-agency coordination in tackling armed networks and securing both hill and valley areas. Further investigation is underway to establish the identities, affiliations and activities of those apprehended and to determine the source and intended use of the recovered weapons and explosives.",Brighter Kashmir,https://brighterkashmir.com/10-cadres-held-41-weapons-seized-in-manipur,"08/11/2026, 07:00 AM, +0000 UTC",Regional News & Incident Reports
Assam Battles Severe Floods; Rescue Operations Intensify Across State,"GUWAHATI- The flood situation in Assam has deteriorated sharply over the past 24 hours, with more than 1.7 lakh people now affected across 12 districts, according to the latest bulletin issued by the Assam State Disaster Management Authority (ASDMA).

HINDI TUTION

Continuous monsoon rainfall, coupled with heavy precipitation in the catchment areas of Arunachal Pradesh and Nagaland, has caused major rivers to swell beyond danger levels, triggering widespread flooding across Upper and Eastern Assam. The death toll from the current spell of floods has risen to five.

ASDMA said nearly 580 villages spread across 30 revenue circles remain submerged. The worst-hit districts include Sivasagar, Charaideo, Jorhat, Dibrugarh, Tinsukia, Cachar and Lakhimpur, where thousands of residents have been displaced by rising floodwaters.

Also Read- Tripura DGP Anurag Dhankar Found Dead at Police Headquarters

The floods have also caused extensive damage to agriculture, with more than 10,362 hectares of standing crops destroyed, posing a serious threat to the livelihoods of farming communities.

The overflowing Dorika River breached an embankment, inundating large areas of tea gardens in the Nazira region, while several other rivers, including the Brahmaputra, Buridihing, Dikhow, Disang and Dhansiri, continue to flow above the danger mark.

Transport infrastructure has been severely affected. The Northeast Frontier Railway (NFR) suspended train operations on key sections after floodwaters inundated the Simaluguri railway yard. Rail traffic between Simaluguri–Namtiali and Simaluguri–Selenghat has been suspended, while several long-distance trains from Dibrugarh and Tinsukia have been diverted via the Rangiya–Rangapara route.

Also Read- Latest Updates: ‘Sansad Chalo’ Protest Intensifies in New Delhi

Road connectivity has also been disrupted. Sections of the Jorhat–Sivasagar National Highway near Titabor remain submerged, while landslides in hilly areas have affected road links with neighbouring states. In Guwahati, heavy overnight rainfall triggered flash floods in several localities, resulting in waterlogging and major traffic congestion.

In response to the worsening situation, the Indian Army, Indian Air Force, National Disaster Response Force (NDRF) and State Disaster Response Force (SDRF) have intensified rescue operations under ‘Operation Jal Rahat’. Rescue teams have evacuated hundreds of stranded residents using inflatable boats, while four Indian Air Force helicopters have been kept on standby for emergency evacuations.

Also Read- ‘Purple City’ Initiative Aims to Improve Air Quality and Urban Sustainability in Guwahati

Chief Minister Himanta Biswa Sarma said the state government has adopted a “whole-of-government” approach to the crisis, deploying four cabinet ministers to oversee relief and rescue operations in the affected districts.

Meanwhile, the Central Water Commission (CWC) reported that the Dikhow River in Sivasagar has crossed its Highest Flood Level (HFL). With the India Meteorological Department (IMD) forecasting continued heavy to very heavy rainfall over the next 24 to 48 hours, ASDMA has issued a high-alert advisory, urging residents in low-lying and landslide-prone areas to remain vigilant and avoid unnecessary travel.

Authorities continue to monitor the evolving situation as rescue, relief and rehabilitation efforts remain underway across the flood-affected regions.",NorthEast India24,https://northeastindia24.com/assam-battles-severe-floods-rescue-operations-intensify-across-state/,"07/20/2026, 07:00 AM, +0000 UTC",Regional News & Incident Reports
Two Assam Rifles bravehearts martyred in Manipur,"Imphal , July 7: The Indian Army on Monday paid rich tributes to two personnel of the Assam Rifles who laid down their lives in the line of duty during an operational deployment in Manipur.

Warrant Officer Balwant Singh and Havildar Chandra Mohan Singh made the supreme sacrifice while performing their duties in the violence-affected northeastern state. The circumstances surrounding the operation have not yet been officially disclosed.

Expressing profound grief over the loss, Lieutenant General V.M.B. Krishnan, General Officer Commanding-in-Chief of the Eastern Command, along with all ranks, conveyed heartfelt condolences to the bereaved families.

In a statement, the Eastern Command said the Indian Army salutes the courage, dedication and selfless service of the two brave soldiers, who upheld the highest traditions of the armed forces in the discharge of their duties.

""The Indian Army stands firmly with the bereaved families during this hour of grief,"" the statement said, reaffirming its unwavering support to the next of kin of the fallen personnel.

The Assam Rifles, India's oldest paramilitary force operating under the operational control of the Indian Army, has been at the forefront of counter-insurgency and internal security operations in the Northeast, particularly in Manipur, where security forces continue to undertake operations to restore peace and stability.

The sacrifice of Warrant Officer Balwant Singh and Havildar Chandra Mohan Singh has once again underscored the immense risks faced by security personnel deployed in challenging operational environments to safeguard the nation's security and protect civilian lives.",Brighter Kashmir,https://brighterkashmir.com/news/two-assam-rifles-bravehearts-martyred-in-manipur-89295.html,"07/08/2026, 07:00 AM, +0000 UTC",Regional News & Incident Reports
Airtel Becomes First Telecom Operator to Extend Mobile Network to High-Altitude Army Locations in Arunachal Pradesh,"Bharti Airtel has announced the completion of the first phase of a strategic connectivity initiative undertaken in collaboration with the Indian Army’s 4 Corps headquartered at Tezpur. The project has enabled the deployment of mobile network infrastructure across remote and high-altitude Army locations in Arunachal Pradesh, one of India’s most challenging regions for telecommunications deployment.

BSNL Takes a Different Approach to Fixed Broadband Than Jio and Airtel

Jio, Airtel and Vi Don’t Want Users to Cheapen Out

According to Bharti Airtel, the initiative makes it the first telecom operator to extend mobile connectivity to several high-altitude Army locations in the state. The company said the deployment is aimed at improving communication capabilities in remote areas while helping military personnel and local communities remain connected through mobile services.

As part of Phase 1 of the project, Airtel successfully deployed telecommunications infrastructure across 30 Army stations located in mountainous and difficult-to-access regions of Arunachal Pradesh. The company noted that many of these locations are situated in areas where geographical conditions make infrastructure deployment particularly challenging. The rugged terrain, high altitudes and limited accessibility have historically made network expansion difficult in these regions.

With the completion of the rollout, Airtel said mobile connectivity is now available across these locations, helping improve communication capabilities in areas that previously faced connectivity challenges.

TELECOMTALK INTELLIGENCE Follow the Global Telecom Conversation Get our weekly intelligence briefing covering telecom, AI, devices, data centres and digital infrastructure. in Subscribe on LinkedIn →

Also Read: One Airtel Plan Quietly Combines Data, OTT, Cloud Storage and More

The project forms part of a broader effort to enhance telecommunications access in remote regions and strengthen digital connectivity in strategically important areas of the country.

Indian Army Played a Key Role

Bharti Airtel highlighted the significant support provided by the Indian Army during the execution of the project.

According to the company, the Army played a critical role in facilitating the deployment by assisting with fibre rollout, power infrastructure and logistics support required for network installation activities the collaboration also helped Airtel overcome some of the operational challenges associated with working in difficult terrain.

In several locations where conventional road access was unavailable, Army personnel assisted with the transportation of Airtel’s technical teams and equipment. This support enabled the company to carry out network deployment activities in remote mountain regions that would otherwise have been difficult to access.

The partnership between Airtel and the Indian Army helped ensure that the first phase of the project could be completed successfully despite the challenging operating conditions.

Also Read: Cheapest 5G Plans Compared: Jio vs Airtel vs Vodafone Idea in June 2026

Phase 2 to Cover Additional Locations

Following the successful completion of the first phase, Airtel and the Indian Army have agreed to move forward with the second phase of the initiative under Phase 2, telecommunications infrastructure will be deployed across 15 additional locations in Arunachal Pradesh.

The next phase is expected to further expand connectivity coverage in remote regions of the state and build upon the progress achieved during the initial rollout.

Also Read: BSNL Takes a Different Approach to 5G FWA Than Jio and Airtel

The planned expansion reflects the continued collaboration between the two organisations and their shared objective of improving connectivity in frontier areas.

Airtel Reaffirms Commitment to Remote Connectivity

Commenting on the development, Balaji R, CEO – North East and Assam, Bharti Airtel, said the company remains committed to connecting some of India’s most remote and challenging locations. He noted that Airtel’s teams worked under difficult conditions, including high-altitude environments and challenging weather, to deploy network infrastructure across the designated locations.

Balaji R also acknowledged the support extended by the Indian Army, stating that the collaboration was instrumental in making the project possible. According to Airtel, the successful completion of Phase 1 demonstrates what can be achieved through coordinated efforts between telecommunications providers and government institutions when addressing connectivity requirements in difficult terrain.

Also Read: Airtel Expands 5G Footprint Across Punjab, Haryana, Himachal Pradesh and J&K

With mobile network infrastructure now deployed across 30 Army stations and plans in place to connect 15 additional locations, Airtel said it will continue supporting efforts to expand communications infrastructure in underserved and strategically important regions of the country.

The project represents another step in extending connectivity beyond urban centres and into remote areas where reliable communication services can play an important role for both security personnel and local communities.

If this article saved you time or helped you decide better, consider supporting our work.",TelecomTalk,https://telecomtalk.info/airtel-first-telecom-operator-extend-mobilenetwork-arunachalpradesh/1008729/,"06/17/2026, 07:00 AM, +0000 UTC",Regional News & Incident Reports
Joint operations bust ₹76.12 Cr smuggling network in Northeast,"New Delhi, Aug 2: In a major crackdown on cross-border smuggling and narcotics trafficking, the Indian Army and Assam Rifles, under the Spear Corps, in close coordination with the State Police, conducted a series of intelligence-based joint operations across Assam, Manipur, Mizoram and Tripura throughout July 2026, leading to the apprehension of 43 individuals and the seizure of contraband worth approximately ₹76.12 crore.

According to official details, the operations were carried out between July 1 and July 31, 2026, targeting drug trafficking networks and illegal smuggling activities operating across the four northeastern states.

During the month-long operations, security forces recovered around 3.67 kg of heroin and approximately 14.95 kg of methamphetamine, Yaba and crystal meth, along with nearly 30,000 Yaba tablets, dealing a significant blow to narcotics syndicates operating in the region.

The joint teams also seized a large quantity of other contraband, including 3,500 bottles of codeine-based cough syrup, 7.03 kg of marijuana, 62,484 kg of areca nuts, 2,37,800 foreign cigarette sticks, and approximately 14,575 kg of poppy seeds, all intended for illegal trade.

A total of 43 suspects involved in drug trafficking and smuggling activities were apprehended during the coordinated operations. The recovered narcotics and other contraband, with an estimated market value of ₹76.12 crore, have been handed over to the concerned authorities for further legal proceedings.

Officials said the operations highlight the close coordination between the Indian Army, Assam Rifles and State Police, reflecting a sustained commitment to dismantling organized crime networks, curbing cross-border smuggling and preventing the flow of narcotics into the region.

Security agencies reiterated that intelligence-driven operations against drug traffickers and other criminal networks will continue with renewed intensity to safeguard national security and maintain peace and stability across the Northeast",Brighter Kashmir,https://brighterkashmir.com/joint-operations-bust-7612-cr-smuggling-network-in-northeast,"08/03/2026, 07:00 AM, +0000 UTC",Regional News & Incident Reports
64 arms seized in Manipur Ops by SF,"Imphal, July 6: Security forces recovered 64 weapons, explosives and a large quantity of war-like stores while apprehending three militants during a series of intelligence-based joint operations conducted across six districts of Manipur over the past week.

The operations were carried out between June 29 and July 5 by formations of the Indian Army and Assam Rifles under the Spear Corps, in close coordination with the Manipur Police and the Central Reserve Police Force (CRPF).

According to defence officials, the coordinated operations were launched on the basis of specific intelligence inputs in both the hill and valley districts of Jiribam, Chandel, Kangpokpi, Bishnupur, Thoubal and Kakching.

During the operations, security forces apprehended three active cadres linked to insurgent outfits. The arrested militants have been handed over to the Manipur Police for further investigation and legal action.

Officials said the joint teams also recovered 64 weapons, along with explosives, ammunition and other war-like stores concealed at various locations. The recoveries are being viewed as a major success in ongoing efforts to curb insurgent activities and disrupt militant infrastructure in the violence-hit state.

The seized cache included a mix of sophisticated and country-made firearms, ammunition and explosive material, significantly reducing the operational capability of armed groups active in the region.

The Indian Army said the operations reflect the close synergy between the Army, Assam Rifles, Manipur Police and CRPF in maintaining peace and security across the state. Intelligence-based, coordinated operations have been intensified in recent months to dismantle militant networks, recover illegally held weapons and prevent violence.

Security officials said such operations will continue across sensitive areas of Manipur to ensure a secure environment and strengthen law and order.

The recovered arms, explosives and other war-like stores have been handed over to the police for further investigation, while efforts are underway to identify the insurgent groups linked to the seized weapons and trace their supply network.",Brighter Kashmir,https://brighterkashmir.com/64-arms-seized-in-manipur-ops-by-sf,"07/07/2026, 07:00 AM, +0000 UTC",Regional News & Incident Reports
"Indian Army and Assam Rifles Recover Arms, Nab Militants in Manipur Operations","Indian Army and Assam Rifles formations under Spear Corps, in close conjunction with Manipur Police, conducted a series of precise, intelligence-driven joint operations across Kakching, Chandel and Tengnoupal Districts during the period of April 19 to 25, a press release said.

The operations led to the apprehension of 03 cadres from hill and valley-based groups and the recovery of 06 weapons, explosives and other war-like stores.

On April 19, Assam Rifles launched a joint operation with the Kakching Commando team at Kakching Lamkhai Laipham Loknung.

During the operation an active cadre of the PREPAK (Pro) was apprehended.

On April 20, based on credible intelligence Assam Rifles conducted a coordinated operation in the Tengnoupal District and apprehended a PREPAK (PRO) cadre and a PLA cadre.

On April 21, Assam Rifles conducted a operation in the jungle areas of T Bongmol, Tengnoupal District and recovered one rifle, one carbine, two radio sets and four Improvised Explosive Devices (IEDs).

On April 23, Assam Rifles and Chandel Police carried out a joint operation in the dense marshy forests near Khumkot Village in the Khengjoi Sub Division and recovered four Rifles, four Pompi, seven Bombs, three Grenades with one detonator and five radio sets.",Pioneer Daily,https://dailypioneer.com/news/security-forces-conduct-joint-operation-in-manipur-3-cadres-held-arms-recovered,"04/29/2026, 07:00 AM, +0000 UTC",Regional News & Incident Reports
Army-led joint op destroys 10 illegal bunkers in Manipur's Jalenbung Hills & Thoyee Heights,"Manipur Violence Flares In Bishnupur After Clashes Erupt Over Deadly Blast, Curbs Slapped

In a coordinated counter-insurgency action, security forces led by Indian Army destroyed 10 illegal bunkers and firing positions in Manipur’s Jalenbung Hills and Thoyee Heights, officials said on Thursday. The joint security teams, comprising Indian Army’s Red Shield Division, CAPF and Manipur Police, carried out area domination operations and destroyed multiple hostile structures in the region.As part of ongoing operations along Imphal-Dimapur National Highway-2, the security teams targeted Jalenbung Hills and Thoyee Heights to prevent re-establishment of militant infrastructure, the officials said. Two joint columns conducted simultaneous patrols on either side of the national highway as part of the exercise.At Jalenbung Hills, a security sweep resulted in identification and subsequent destruction of five bunkers that had previously been dismantled but were found to be rebuilt. A similar operation at Thoyee Heights and adjoining Mahadev Hills led to destruction of another five re-built bunkers.Meanwhile, a statement from Manipur police said that search operations and area domination exercises are continuing in fringe and vulnerable areas across multiple districts. Over 110 nakas and checkpoints are currently active across hill and valley districts. Earlier, security forces had destroyed 21 illegal bunkers in Ukhrul district.",The Times of India,https://timesofindia.indiatimes.com/defence/news/army-led-joint-op-destroys-10-illegal-bunkers-in-manipurs-jalenbung-hills-thoyee-heights/articleshow/130342678.cms,"04/18/2026, 07:00 AM, +0000 UTC",Regional News & Incident Reports
Tripura: Assam Rifles and Indian Army Conduct Joint Flood Relief Training in Agartala,"Abhijit Nath, NET Correspondent, Tripura

Agartala, May 20, 2026: Assam Rifles and the Indian Army conducted a two-day Joint Flood Relief Training exercise in Tripura aimed at enhancing coordination and operational preparedness for disaster response during flood situations in the State.

The training was organised to ensure seamless conduct of flood relief operations during natural disasters and focused on strengthening synergy, coordination, readiness and response capabilities between the two forces. Troops from both forces participated jointly in various disaster management drills and practised standard operating procedures related to rescue and relief operations.

During the exercise, personnel of Assam Rifles and the Indian Army utilised common drills, equipment and operational procedures to ensure uniformity in training and execution. The joint training has enhanced interoperability between the forces and ensured that both are adequately prepared to undertake coordinated disaster relief operations whenever required.

The exercise reaffirmed the commitment of the security forces towards providing timely assistance to civil authorities and ensuring the safety and well-being of the people during emergencies.",Northeast Today,https://northeasttoday.in/northeast/tripura-assam-rifles-and-indian-army-conduct-joint-flood-relief-training-in-agartala/,"05/20/2026, 07:00 AM, +0000 UTC",Regional News & Incident Reports
Exercise Pragati: Indian Army To Host 11 Friendly Nations for counter-insurgency drills,"The inaugural Pragati exercise is being viewed as a marker of India’s ambition to position itself as a regional security mentor and training hub, particularly for smaller or developing armed forces seeking exposure to professionalised, democratic militaries. For the Indian Army, the event also serves as a soft‑power showcase, reinforcing partnerships even as New Delhi balances its strategic autonomy with an expanding web of security‑to‑security ties.

(Defence Watch– India’s Defence News centre that places the spotlight on Defence Manufacturing, Defence Technology, Strategy and Military affairs is on Twitter. Follow us here and stay updated.)",defencewatch.in,https://www.defencewatch.in/land/exercise-pragati-indian-army-to-host-11-friendly-nations-for-counter-insurgency-drills,"04/28/2026, 07:00 AM, +0000 UTC",Regional News & Incident Reports
Manipur tensions escalate after Ukhrul killings; NIA steps in,"Manipur tensions escalate after Ukhrul killings; NIA steps in

Two Naga civilians, including a retired Army personnel, were killed in an ambush on vehicles in Manipur’s Ukhrul district, sparking fresh tensions between Kuki and Tangkhul Naga groups. The NSCN-IM condemned the attack, alleging collusion between security forces and Kuki militants under the SoO pact, while the Kuki-Zo Council denied involvement.

By IANS Published Date - 19 April 2026, 07:15 PM

File photo

Imphal: A day after the killing of two persons, including a retired Indian Army personnel, a tense situation continued in Manipur’s Ukhrul district for the second consecutive day on Sunday, even as security forces pressed on with combing operations to apprehend the militants involved.

A police official said that an FIR has been registered at Litan police station against the suspected Kuki militants in connection with the ambush on civilian private and passenger vehicles at Roudei (T.M. Kasom village) in Ukhrul district on Saturday.

Additional security forces were rushed to the incident site immediately after the attack, and joint operations remained underway on Sunday to track down those responsible.

The National Socialist Council of Nagalim (NSCN-IM) on Sunday strongly condemned the killings in the strongest possible terms.

In a statement, the group described the incident as a “flagrant act” by Kuki militants allegedly operating under the Suspension of Operations (SoO) pact with the government.

It said that such aggressive actions not only escalate tensions but also point towards a potential failure of the existing state mechanisms.

The NSCN-IM also warned that the Nagas may be compelled to pursue all available defensive measures to safeguard their land and sovereignty.

“It is no longer a mere claim. Multiple local reports and testimonies confirm alleged collusion between Indian security forces and Kuki armed groups under the SoO pact. This is aimed at undermining the political situation in Nagalim and destabilising neighbouring regions through proxy conflicts disguised as ethnic strife,” the statement added.

According to the police, the two victims, both belonging to the Naga community, were shot dead along the Imphal-Dimapur National Highway (NH-2) in Ukhrul district after unidentified armed assailants opened fire on vehicles heading towards the district.

Officials identified the deceased as Chinaoshang Shokwungnao (45) and Yaruingam Vashum (42).

Police said that more than 10 private and passenger vehicles travelling from Imphal to Ukhrul were ambushed from an adjoining hill range.

During the attack, three passengers sustained serious bullet injuries, two of whom later succumbed.

Armed conflict between Kuki and Tangkhul Naga groups has been ongoing in and around the Litan area of Ukhrul district since February this year.

The Imphal-Dimapur National Highway (NH-2) has frequently been blocked by armed miscreants amid the unrest.

Meanwhile, Manipur Chief Minister Yumnam Khemchand Singh on Saturday announced that the state government has decided to hand over the Ukhrul district shooting case to the National Investigation Agency (NIA) for a thorough and comprehensive probe.

Strongly condemning the incident in a social media post, the Chief Minister said that entrusting the case to the NIA would ensure a detailed investigation.

He also announced an ex-gratia compensation for the families of the two victims.

The Working Committee of the Tangkhul Naga Long (TNL), the apex body of the Tangkhul Naga community, expressed strong outrage over the brutal attack on civilians.

The organisation alleged that the attack was carried out by Kuki cadres currently under the SoO agreement with the government.

However, the Kuki-Zo Council (KZC), representing the Kuki-Zo tribal community, expressed deep concern over media reports linking Kuki militants to the incident.

“We categorically and unequivocally deny any involvement of Kuki-Zo individuals or groups in this unfortunate incident,” the KZC said in a statement.

The council also added that, based on ground-level inputs, the incident appears to be linked to tensions among certain factional groups rather than any Kuki-Zo organisation.",Telangana Today,https://telanganatoday.com/manipur-tensions-escalate-after-ukhrul-killings-nia-steps-in,"04/19/2026, 07:00 AM, +0000 UTC",Regional News & Incident Reports
Retired armyman among two killed in suspected militant ambush in Manipur,"GUWAHATI: Two Tangkhul Naga civilians, including a retired Indian Army soldier, were killed when suspected militants ambushed their vehicles on the Imphal-Ukhrul road in ethnic violence-hit Manipur on Saturday.

The deceased were identified as Chinaoshang Shokwungnao (45), who served the Indian Army, and Yaruingam Vashum (42). Both were Ukhrul natives.

The incident occurred at around 2.35 pm near Yaolen Kuki village, about 4 km from Litan toward Ukhrul town. It came a day after Chief Minister Yumnam Khemchand Singh had visited various villages in the district to try and remove the trust deficit between Kuki and Tangkhul Naga communities.

Noting intermittent violence between both sides in the Litan areas, the state government recently started providing security escorts to civilian vehicles between Mahadev and an area beyond Litan.

According to police, unidentified militants opened fire on a convoy of vehicles travelling from Imphal towards Ukhrul. Officials suspected that the attack was carried out by snipers from a long distance.

The Working Committee of Tangkhul Naga Long alleged that “Kuki SoO” (Suspension of Operations) rebels were involved in the attack.

""…Ever since the conflict between Tangkhul Nagas and Kukis started in early February, Kuki militants have been openly attacking civilians in Litan, Laho, Sinakeithei, Sikibung and Thawai,” the Tangkhul Naga organisation alleged in a statement.

The statement said women, children and ailing persons were among the passengers of the vehicles which came under the attack after traversing through Mahadev and Litan with security escorts.",The New Indian Express,https://www.newindianexpress.com/india/2026/Apr/18/retired-armyman-among-two-killed-in-suspected-militant-ambush-in-manipur,"04/18/2026, 07:00 AM, +0000 UTC",Regional News & Incident Reports
Operation HimSetu Rescue Mission in North Sikkim,"Background of the Operation

Operation HimSetu Rescue Mission in North Sikkim: The Indian Army launched Operation HimSetu in April 2026 to rescue stranded individuals in North Sikkim. The crisis emerged after massive landslides and heavy snowfall disrupted connectivity near the India-China border.

The operation was conducted under the Trishakti Corps, which functions under the Eastern Command. The mission demonstrated rapid response capability in one of India’s most difficult terrains.

Static GK fact: The Eastern Command of the Indian Army is headquartered in Kolkata.

Trigger Behind the Crisis

The disaster was caused by a combination of relentless snowfall and landslides in the high-altitude region. A newly constructed bridge near Tarum Chu collapsed, cutting off access to Lachen.

The bridge had been inaugurated in February 2026, highlighting infrastructure vulnerability in extreme Himalayan conditions. Road connectivity was severely damaged, isolating hundreds of civilians.

Static GK Tip: Sikkim shares international borders with China, Nepal, and Bhutan, making it strategically significant.

Scale of Rescue Operation

The Army successfully evacuated 1,321 tourists and 84 local residents, totaling over 1,400 individuals. The entire evacuation was completed within 48 hours, despite harsh weather conditions.

Rescue teams worked continuously, prioritizing medical emergencies and ensuring safe movement of stranded people. The mission was executed without any casualties, reflecting high operational efficiency.

On-Ground Response Measures

The Army implemented immediate infrastructure solutions to restore movement in the region. A temporary footbridge was constructed to allow safe crossing over damaged sections.

Multiple Army vehicles were deployed to transport evacuees, while civilian vehicles were carefully moved across difficult terrain. Reception centres were also established to provide food, shelter, and medical assistance.

Coordination with Agencies

The operation involved close coordination with the Border Roads Organisation (BRO) and local administration. Simultaneous efforts were made for snow clearance, road restoration, and connectivity repair.

Such inter-agency coordination ensured faster response and minimized delays in evacuation. It also highlighted the importance of civil-military cooperation in disaster management.

Static GK fact: The BRO was established in 1960 to develop and maintain road networks in border areas.

Strategic Importance

Operations like HimSetu highlight the Indian Army’s preparedness in border regions with extreme climatic challenges. The rescue reinforces India’s capability to protect civilians even in remote areas.

It also underlines the importance of resilient infrastructure in Himalayan regions prone to natural disasters. The mission sets a benchmark for future high-altitude rescue operations.

Static Usthadian Current Affairs Table

Operation HimSetu Rescue Mission in North Sikkim:",usthadian.com,https://www.usthadian.com/operation-himsetu-rescue-mission-in-north-sikkim/,"04/13/2026, 07:00 AM, +0000 UTC",Regional News & Incident Reports
Operation Him Setu: Trishakti Corps lead rescue operations in high-altitude North Sikkim,,theweek.in,https://www.theweek.in/news/defence/2026/04/09/operation-him-setu-trishakti-corps-lead-rescue-operations-in-high-altitude-north-sikkim.html,"04/09/2026, 07:00 AM, +0000 UTC",Regional News & Incident Reports
"Indian Army, Assam Rifles nab 17 militants, recover arms and IEDs in Manipur operations","In a major counter-insurgency push, joint operations by the Indian Army and Assam Rifles under Spear Corps, in coordination with Manipur Police, led to the apprehension of 17 cadres and recovery of a cache of arms, ammunition, and explosives across multiple districts of Manipur between March 22 and 28.

The intelligence-based operations were carried out across Imphal East, Imphal West, Bishnupur, Chandel, Kangpokpi, Churachandpur, and Tengnoupal districts, targeting both hill- and valley-based insurgent groups.

On March 22, joint teams apprehended cadres of KYKL and PREPAK (PRO) in Bishnupur and Imphal West districts, while a major operation along the Indo-Myanmar border in Tengnoupal led to the arrest of 10 cadres linked to PREPAK (RA). Additional recoveries included mobile phones and SIM cards.

Subsequent operations on March 23 led to the arrest of cadres affiliated with KCP Apunba and Kangleipak Communist Party (Nongdrenkhomba) in Imphal East district.

On March 25, security forces recovered a significant cache of weapons in Kangpokpi district, including a carbine, pistols, rifles, improvised mortars, and ammunition. Another operation on March 26 in Churachandpur yielded rifles, bombs, an IED, grenades, and other war-like stores.

Operations intensified on March 27 and 28 in Tengnoupal and Chandel districts, resulting in the arrest of cadres linked to PLA, KYKL, and KCP, along with the recovery of pistols, rifles, 15 IEDs, and communication equipment.

Officials said the coordinated operations highlight sustained efforts by security forces to curb insurgent activities and maintain stability in the region. Further investigations are underway.",India Today NE,https://www.indiatodayne.in/manipur/story/indian-army-assam-rifles-nab-17-militants-recover-arms-and-ieds-in-manipur-operations-1367807-2026-03-30,"03/30/2026, 07:00 AM, +0000 UTC",Regional News & Incident Reports
"Joint Operations In Manipur: 17 Militants Apprehended, Arms And Explosives Recovered","ETV Bharat / bharat

Joint Operations In Manipur: 17 Militants Apprehended, Arms And Explosives Recovered

Tezpur: A series of intelligence-based joint operations carried out by the Indian Army and Assam Rifles formations under Spear Corps, in coordination with Manipur Police, resulted in the apprehension of 17 cadres and recovery of a large cache of arms, ammunition and explosives between March 22 and March 28, 2026, according to a Guwahati-based Defence spokesperson.

The coordinated operations were conducted across multiple districts, including Imphal East, Imphal West, Bishnupur, Chandel, Kangpokpi, Churachandpur and Tengnoupal. On March 22, a joint team of Assam Rifles and Bishnupur Police Commandos apprehended an active cadre of Kanglei Yawol Kanna Lup (KYKL) from Nambol Sabal Leikai in Bishnupur district.

On the same day, another operation in Imphal West led to the arrest of a cadre belonging to the People's Revolutionary Party of Kangleipak-Progressive (PREPAK-PRO), from whom a mobile phone and SIM card were recovered. Additionally, along the Indo–Myanmar border in Tengnoupal district, 10 cadres of PREPAK-Red Army (RA) were apprehended.

On March 23, the Indian Army conducted an operation in Chana village under Lamlai Police Station in Imphal East district, leading to the arrest of a Kangleipak Communist Party (KCP) Apunba cadre. A mobile phone and SIM card were seized. In a parallel operation at Sawombung, one active member of the Kangleipak Communist Party (Nongdrenkhomba) was apprehended.

On March 25, a major recovery was made in Kangpokpi district, where security forces seized one carbine with a magazine, two pistols, four pistol magazines, multiple single-barrel rifles, two improvised mortars and a significant quantity of ammunition. On March 26, acting on specific intelligence, a joint operation in Loilamkot, Churachandpur district led to the recovery of two rifles, three bombs, one Improvised explosive device (IED), two pompies, three grenades and ammunition.",ETV Bharat,https://www.etvbharat.com/en/bharat/joint-operations-in-manipur-17-militants-apprehended-arms-and-explosives-recovered-enn26033006762,"03/30/2026, 07:00 AM, +0000 UTC",Regional News & Incident Reports
"Indian Army and Assam Rifles Nab 17 Insurgent Cadres, Seize Arms in Manipur Operations","In a massive crackdown on insurgent activities, the Indian Army and Assam Rifles, operating under the Spear Corps, in coordination with the Manipur Police, apprehended 17 cadres from various proscribed groups and recovered a significant cache of arms and explosives during a week-long series of operations across the State.

The intelligence-driven operations, conducted between March 22 and March 28, spanned the districts of Imphal East, Imphal West, Bishnupur, Chandel, Kangpokpi, Churachandpur, and Tengnoupal.

The week began with the apprehension of a KYKL cadre in Nambol Sabal Leikai by the Assam Rifles and Bishnupur Police Commandos on March 22. Simultaneously, a PREPAK (PRO) member was nabbed in the Singjamei area of Imphal West. The most significant haul occurred along the Indo-Myanmar Border in Tengnoupal, where the Assam Rifles intercepted 10 PREPAK (RA) cadres.

On March 23, security forces apprehended a KCP Apunba cadre in Chana village and a Kangleipak Communist Party (Nongdrenkhomba) member in the Sawombung area. Later in the week, on March 27, a PLA cadre and two others belonging to the KYKL and KCP were apprehended near Border Pillars 73 and 74 in the Chalson area.

Beyond the arrests, the joint teams made substantial recoveries of “war-like stores” intended for disruptive activities. On March 25, security forces recovered a carbine, two pistols, four magazines, five single-barreled rifles, and two improvised mortars from the area between Tingkhai Khullen and Nepali Khutti in the Kangpokpi District.

The momentum continued on March 26 in Churachandpur, where operations in Loilamkot yielded two single-barrel rifles, three bombs, an Improvised Explosive Device (IED), two 'pompies', and three grenades. In a final swoop on March 28 at Yangoubung Village in Chandel District, the joint team seized six pistols with magazines, a single-barrel rifle, 15 IEDs, and two radio sets.

The apprehended individuals and the recovered items have been handed over to the concerned police stations for further legal proceedings. Security remains tightened across the sensitive districts to thwart any further attempts by the valley and hill-based groups to disturb the peace.",Pioneer Daily,https://dailypioneer.com/news/17-insurgents-nabbed-arms-and-explosives-seized-in-manipur,"04/01/2026, 07:00 AM, +0000 UTC",Regional News & Incident Reports
"Around 3,000 Tourists Get Stranded In Sikkim Amidst Heavy Snowfall","ETV Bharat / bharat

Around 3,000 Tourists Get Stranded In Sikkim Amidst Heavy Snowfall

Siliguri: Large parts of Sikkim stand enveloped in a white cover of snow. Heavy snowfall in the last two days has led to around 3000 tourists and 550 vehicles getting stranded at various places. The Indian Army and the Sikkim administration are carrying out rescue operations to bring them to safety.

Sources disclosed that on Monday, over 150 vehicles loaded with tourists got stranded on the way back from Changu Lake. Another 150 vehicles got stranded while returning from the Nathu La pass. There were a total of 800 tourists in these 300 vehicles.

The roads became slippery and impassable. This led to the Indian Army and the Sikkim administration launching rescue and relief operations. The Border Roads Organisation (BRO) also swung into action to provide relief to those stranded.

While the weather is dry and warm in the plains, several places in the hills, including Darjeeling and Kalimpong in West Bengal, have received heavy rain and hail in the last two days. In Sikkim, there has been snowfall in several places, including Zero Point, 15 Mile, Changu Lake, Nathu La and Yumthang in the eastern and northern parts of the state. Tourists who had rushed to enjoy the snow soon witnessed the uglier side of the harsh winter conditions as 2736 of them were stranded.

Launching an operation, the Trishakti Corps of the Indian Army started the work of removing the snow from the road. This was followed by the stranded vehicles gradually moving to their destination. Sources added that 46 of the stranded tourists were rescued and brought back to the Army base camp, where they were provided with first aid, warm clothes and food.

With the snowfall continuing on Tuesday, the 300 tourist-laden vehicles got stuck again at 15 miles. There were over 2000 tourists stuck at various places. The communication system became non-functional due to heavy snowfall. The snowfall made the road slippery, forcing all the vehicles to stop, and this created a severe traffic jam.

This led to the Army launching another operation. The work of removing the snow from the road with the special snow cutter was undertaken, and around 1500 tourists were brought to the 15-mile Army base camp. They were provided with overnight accommodation and food.

Some vehicles started moving to Gangtok by the afternoon. When the weather improved on Wednesday morning, more tourists started moving to the state capital.

Colonel Gaurav Rathore of Trishakti Corps said, ""Sikkim has been experiencing heavy snowfall for the past two days. This has left many tourists and more than 500 vehicles stranded on Monday and Tuesday. However, the army personnel have been able to clear the snow and return the stranded vehicles to their destinations.”

He added, ""More than a hundred tourists are safe at the Army base camp. Arrangements have been made for their return on Wednesday. There is no reason to worry. The Army personnel are always alert for such situations.""

Meanwhile, the Sikkim administration has asked tourists to avoid visiting tourist centres that are prone to bad weather for the time being.",ETV Bharat,https://www.etvbharat.com/en/bharat/around-3000-tourists-get-stranded-in-sikkim-amidst-heavy-snowfall-enn26022503797,"02/25/2026, 08:00 AM, +0000 UTC",Regional News & Incident Reports
Indian Army’s Gajraj Corps develops high-altitude monorail in Arunachal Pradesh,"In a significant demonstration of innovation in extreme terrain, the Indian Army’s Gajraj Corps has developed an in-house High Altitude Monorail System to support operations at 16,000 feet in the Kameng Himalayas of Arunachal Pradesh.

Operating in one of the most rugged and weather-affected high-altitude zones, forward posts in the region often face disrupted supply lines due to snow, landslides and unpredictable conditions.",The Hindu,https://www.thehindu.com/news/national/armys-gajraj-corps-develop-in-house-high-altitude-mono-rail-system-to-support-operations-at-16000-feet-in-himalayas/article70283259.ece,"11/15/2025, 08:00 AM, +0000 UTC",Regional News & Incident Reports
"Joint operations by security forces in Manipur; 13 militants arrested, huge caches of arms-ammunition seized","IMPHAL: During the period of March 15-21, Indian Army and Assam Rifles formations under Spear Corps, in close conjunction with Manipur Police, conducted a series of precise, intelligence-driven joint operations across Imphal East, Imphal West, Bishnupur, Chandel, Kakching, Thoubal and Tengnoupal Districts. The operations led to the apprehension of 13 cadres from hill and valley-based groups and the recovery of 57 weapons, explosives and other war-like stores.

On March 15, 2026, Assam Rifles, acting on specific intelligence, apprehended five cadres of PREPAK, KCP and KYKL groups near BP 73 along the Indo–Myanmar Border in Tengnoupal District. Later on the same day, four cadres of the PLA were apprehended near BP 88 in Kakching District. On the same day, Assam Rifles in coordination with Manipur Police recovered a pistol, an improvised mortar, eight IEDs, communication equipment and ammunition from Boljang Hill Range, Tengnoupal.

On March 17, 2026, Assam Rifles launched a joint operation with Thoubal Police Commandos which led to the apprehension of one PREPAK (ANE) cadre along with ammunition, a vehicle and a mobile phone from Thoudam Bazar. On the same day, Assam Rifles and Imphal West Police Commandos apprehended one PREPAK (PRO) cadre from Canchipur. Later on the same day, based on credible intelligence, Indian Army conducted a joint operation with Bishnupur Commandos in Thanga in the Valley area and recovered one rifle with magazine, one pistol with a magazine, one hand grenade, one local made bomb, six rounds of pistol, six rounds of rifle, fifteen fired cases of INSAS rifle and two Bullet Proof plates.

On March 18, 2026, Assam Rifles, in a joint operation with Imphal East Police Commandos, apprehended a woman cadre of KCP (PWG) in Kongba Uchekon. A mobile phone and SIM card were recovered. On 19 March, Assam Rifles and Imphal East Commandos apprehended one active cadre of the United People’s Party of Kangleipak in Mantripukhri.

On March 20, Assam Rifles along with Tengnoupal Police recovered one single barrel gun, one pistol with magazine (USA-made), two improvised mortars, 42 rounds of assorted ammunition, 29 IEDs, five hand-made grenades, two grenades, two Chinese grenades, seven stun grenades, five detonators, seven ignitor fuses, two Motorola sets and two magazine pouches between Loisi and Saivom villages.

On the same day, Assam Rifles recovered three pistols with three magazines, one grenade launcher, 12 IEDs and four radio sets at Yangnoubung Village, Chandel District. Later on the same day, in Thalem–Chingkhan Hill Range of Chandel District, nine IEDs, one pistol with a magazine, one 12-bore rifle, two Motorola sets, nine M-16 rounds and seven pistol rounds were recovered. At Tentha Marongband, Thoubal District, two pistols, two bolt-action single-barreled rifles and 13 live rounds were recovered.

On the same day in Lamdeng, Assam Rifles and Imphal West Police Commandos recovered one SLR, one single-barreled gun, one bolt-action rifle, one sniper-type rifle, eleven pistols and 85 live rounds. Later on the same day, four pistols, one 12-bore single-barreled gun, one rifle, one country-made rifle and three INSAS magazines were recovered at Keirao Wangkhem, Imphal East.

Also on same day, Assam Rifles and Thoubal Police Commandos recovered one CMG, three bolt action rifles, two pistols and 14 live rounds at Tentha, Thoubal and three pistols, one grenade, two smoke bombs, 20 rounds of pistol, one binocular, one wireless set with charger and two INSAS LMG magazines at Nongpok Sanjenbam and later Assam Rifles carried out a joint operation at Champai hills, Sagolmang and recovered one Rifle, two 12 bore single barrel short butt, five 12 bore single barrel rifle, three Pistols, ammunition & other War Like Stores.",organiser.org,https://organiser.org/2026/03/23/345408/bharat/joint-operations-by-security-forces-in-manipur-13-militants-arrested-huge-caches-of-arms-ammunition-seized/,"03/23/2026, 07:00 AM, +0000 UTC",Regional News & Incident Reports
"Indian Army, Assam Rifles hold joint helicopter-borne drill in Arunachal’s Changlang","Itanagar, Dec 27: The Indian Army and Assam Rifles (AR) carried out a joint helicopter-borne troop insertion exercise in the strategically important Vijaynagar salient in Changlang district of Arunachal Pradesh, aimed at testing rapid deployment capability and improving operational preparedness in difficult and remote terrain, a defence statement said on Saturday.

The exercise, carried out on Friday, involved the quick induction of acclimatised troops into a simulated operational area to assess readiness for responding to emerging security challenges, it said.

The drill focused on speed, coordination and precision to ensure smooth execution under near-real conditions, defence spokesperson Lieutenant Colonel Mahendra Rawat said in the statement.

He said the operation showcased the forces' ability to deploy troops swiftly and efficiently in challenging environments.

The participating troops demonstrated high levels of professionalism, adaptability and combat readiness throughout the exercise, the spokesperson said.

The joint drill also strengthened coordination and mutual understanding between the Assam Rifles and the Indian Army, enhancing their overall operational reach.

Lt. Col. Rawat added that such exercises are crucial for fine-tuning standard operating procedures, improving interoperability and reinforcing collective response mechanisms in strategically sensitive areas.

PTI",assamtribune.com,https://assamtribune.com/north-east/indian-army-assam-rifles-hold-joint-helicopter-borne-drill-in-arunachals-changlang-1602582,"12/27/2025, 08:00 AM, +0000 UTC",Regional News & Incident Reports
Exercise Khanjar in Assam showcases growing India - Kyrgyzstan military synergy,"Exercise Khanjar underway at Missamari in Assam (Photo: Indian Army)

New Delhi: The Indian Army and the Kyrgyz Armed Forces are currently participating in the 13th edition of the joint military exercise Khanjar at Missamari in Assam, aimed at enhancing defence cooperation, interoperability and tactical synergy between the elite forces of both nations.

The exercise, which commenced on February 4, will conclude on February 17. Held annually since its inception in 2011, Exercise Khanjar is conducted alternately in India and Kyrgyzstan.

The joint drills bring together specialised contingents from both countries to train in counter-terrorism operations and special forces tactics under a United Nations mandate framework. This year’s edition focuses on simulated operations in both urban and rugged terrains, fostering operational coordination and strengthening mutual understanding between the participating troops.

The intensive training modules are designed to enhance responsiveness across diverse operational environments and improve joint mission readiness.

“This edition reaffirms the shared commitment of India and Kyrgyzstan to addressing evolving security challenges, particularly international terrorism and extremism, while deepening mutual trust, defence ties and regional stability,” Indian Army PRO Colonel Nishant Arvind said.

Over the years, Exercise Khanjar has evolved into a cornerstone of India–Kyrgyzstan defence cooperation, reflecting the two nations’ enduring commitment to peace, security and professional camaraderie between their armed forces.",India Sentinels,https://www.indiasentinels.com/army/exercise-khanjar-in-assam-showcases-growing-india-kyrgyzstan-military-synergy-7197,"02/14/2026, 08:00 AM, +0000 UTC",Regional News & Incident Reports
Security forces intensify joint ops after militants fire on Army post in Manipur,"Imphal, March 26: Continuing massive joint operations in Manipur, security forces on Thursday intensified combing operations in Bishnupur district following an attack by suspected Kuki militants targeting an Indian Army post at Phougakchao Awang Leikai.

The joint operation, involving the Indian Army, Central Reserve Police Force (CRPF), Manipur Police and Indian Reserve Battalion (IRB), has been launched in the affected areas and adjoining hill regions to track down the attackers and prevent any further escalation.

The incident that triggered the operation occurred late Wednesday night along the Bishnupur–Churachandpur axis, when suspected armed militants opened fire in the Phouljang and Gothol areas.

“On 25 March 2026, at approximately 11:40 PM, suspected armed Kuki militants opened fire in the general area of Phouljang/Gothol, directing their fire towards an Indian Army post,” Manipur Police said in a statement.

“The Indian Army and the Central Reserve Police Force (58th Battalion), deployed in the area, responded swiftly by returning fire towards the source, resulting in an exchange that lasted approximately 30 minutes,” it further added.

A police official said that the forces retaliated promptly, leading to a gunbattle that continued for around half an hour.

Security forces have since intensified vigil in the region, with search operations underway in surrounding areas.

“The situation continues to be closely monitored, and security forces will persist with operations in the surrounding hill areas. Civilians are requested to refrain from spreading rumours and to verify information before sharing,” the police said.

In a separate development, Manipur security forces dismantled six illegally constructed bunkers in the Litan and Mongkat Chepu Upper village areas of Ukhrul district.

“In continuation of the operation by security forces which commenced yesterday, six bunkers illegally constructed were dismantled on Wednesday at Litan and Mongkat Chepu Upper village areas,” a police statement said.

The development comes amid heightened tensions between Kuki and Tangkhul Naga villagers near Litan Sareikhong, where a Kuki woman sustained injuries in firing at Mongkot Chepu earlier this week, while two Tangkhul Naga persons were injured in a separate firing at Sharkaphung in neighbouring Kamjong district.

Both sides have since traded allegations over the attacks, further escalating tensions in the region.

Officials said the bunkers, which were used in recent gunfights between armed groups in the violence-affected Litan area, have largely been rendered ineffective following the operation.

Security forces remain on high alert, with troops strategically deployed to prevent any escalation of violence in the region.

Security forces have intensified search operations and area domination exercises in fringe and vulnerable areas to stabilise the situation and prevent further flare-ups, officials added.

With inputs from agencies",assamtribune.com,https://assamtribune.com/north-east/security-forces-intensify-joint-ops-after-militants-fire-on-army-post-in-manipur-1609872,"03/26/2026, 07:00 AM, +0000 UTC",Regional News & Incident Reports
Assam: Indian Army neutralises World War II-era bombs,"Guwahati, March 31 (IANS) The Indian Army successfully neutralised World War II-era unexploded bombs in Assam’s Tinsukia district, averting a potential threat to civilian lives, officials said on Tuesday.

According to officials, the unexploded ordnance, comprising a General Purpose bomb and an incendiary bomb, was discovered at Ledo’s Burma Camp area in Lekhapani after a civilian unearthed the munitions while digging a pit. The presence of the explosives posed a serious risk to life and property in the densely inhabited area.

Acting swiftly on inputs from the civil administration, the Indian Army’s Red Shield Division mobilised a specialised Bomb Disposal Team to the site on Tuesday. Upon arrival, the team immediately evacuated civilians from the vicinity and established a secure perimeter, ensuring strict adherence to standard safety protocols.

“The situation was handled with utmost urgency and care. All necessary precautions were taken to prevent any untoward incident,” an official said.

The unexploded bombs were carefully secured and later transported to a designated safe location away from residential areas.

Officials said the munitions were then neutralised through a controlled operation, eliminating the threat without causing any collateral damage.

“The operation was conducted in a highly professional manner, ensuring the complete safety of civilians and the surrounding environment,” another official added.

Such unexploded ordnance from World War II occasionally surfaces in parts of Upper Assam, particularly in areas like Ledo and Lekhapani, which were historically significant during the war due to military activities and supply routes.

Officials noted that the prompt response and coordinated effort by the Army helped avert what could have been a major disaster. The safe disposal of the explosives has brought relief and reassurance to local residents.

The incident once again highlights the Indian Army’s preparedness and commitment to safeguarding civilian lives while maintaining peace, security and stability in the region, officials said.",MorungExpress,https://www.morungexpress.com/assam-indian-army-neutralises-world-war-ii-era-bombs,"03/31/2026, 01:53 PM, +0000 UTC",Regional News & Incident Reports
"Indian Army conducts de-mining operations along the Myanmar border; 9 IEDs, 2 unexploded ordnances recovered","Imphal: Government of India is taking the fencing along the Myanmar border in a war footing mode. The authorities are taking Indian Army’s assistance to clear the obstacles along the border to resume the fencing work.

Red Shield Division of the Indian Army’s Spear Corps carried out a major area sanitisation and de-mining operation along the Indo–Myanmar Border at Yangoubung, Manipur between Border Pillars 72 & 73 from 16 January to 17 February 2026. The task was undertaken following a requisition from government agencies to facilitate the resumption of stalled border fencing work amid intelligence inputs regarding Improvised Explosive Devices and unexploded ordinances owing to the presence of erstwhile insurgent camps.

Operating in dense jungle terrain under challenging security conditions, the team cleared and sanitised a corridor measuring 2.6 km × 13 m. During the operation, nine IEDs and two unexploded ordnances were destroyed thereby removing a serious threat to innocent lives. The operation also enabled Survey of India teams and construction agencies to proceed with critical border infrastructure work.

India is fast-tracking the construction of a 1,643-kilometer fence along its border with Myanmar. The primary aim is to stem Rohingya infiltration and illegal smuggling activities. The open border has been a transit point of drugs and illicit goods smuggling for years. But it is the BJP government in the centre which has taken the decision to fence the border.

Out of the total length, around 401 kilometres have already been fenced, with ongoing work concentrated in the vulnerable northeastern states of Manipur, Mizoram, and Nagaland. These regions have long featured an open border that enabled unchecked movement.

In Manipur’s key border town of Moreh, 9.2 kilometres of fencing stand complete, bolstering security in this strategic hotspot. The Border Roads Organisation (BRO) oversees the ambitious project.

The India-Myanmar frontier spans four northeastern states, including Manipur, where 1,472 kilometres have been officially demarcated. Officials say the fence will significantly tighten control over cross-border threats. It should be mentioned that anti-India elements are trying to disrupt the ongoing border fencing process. These elements have damaged the fencing in many areas in the past few months. In January this year about 120 metres of newly constructed fencing, including 47 posts, had been cut by miscreants, with one pole looted by them. The security along the border fencing has now been beefed up after these types of incidents.",organiser.org,https://organiser.org/2026/02/18/340661/defence/indian-army-conducts-de-mining-operations-along-the-myanmar-border-9-ieds-2-unexploded-ordnances-recovered/,"02/18/2026, 08:00 AM, +0000 UTC",Regional News & Incident Reports
"Indian Army and Assam Rifles foil militancy operations in Manipur, 17 cadres apprehended","Imphal, Mar 31: Indian Army and Assam Rifles formations under Spear Corps, in close coordination with Manipur Police, conducted a series of precise, intelligence-based joint operations across Imphal East, Imphal West, Bishnupur, Chandel, Kangpokpi, Churachandpur, and Tengnoupal districts over the past week.

According to an official release, the operations led to the apprehension of 17 cadres from both hill- and valley-based groups. The security forces also recovered 17 weapons, explosives, and other war-like stores.

Key operations over the week included:

· 22 March 2026: A joint operation by Assam Rifles and Bishnupur Police Commandos in Nambol Sabal Leikai, Bishnupur District, apprehended an active KYKL cadre. On the same day, another operation by Assam Rifles and Special Commandos in Singjamei, Imphal West, resulted in the arrest of a PREPAK (PRO) cadre, along with a mobile phone and SIM card. Additionally, 10 PREPAK (RA) cadres were apprehended near the Indo-Myanmar border in Tengnoupal District.

· 23 March 2026: The Indian Army conducted an operation in Chana village, Lamlai PS, Imphal East, leading to the arrest of a KCP Apunba cadre and recovery of a mobile phone and SIM card. On the same day, a joint operation in Sawombung, Imphal East, apprehended a cadre of the Kangleipak Communist Party (Nongdrenkhomba).

· 25 March 2026: Assam Rifles, in coordination with Manipur Police, recovered a carbine, two pistols, four pistol magazines, three single-barrel bolt-action rifles, two single-barrel pull-mechanism rifles, two improvised mortars, and assorted ammunition in the Kangpokpi District.

· 26 March 2026: Based on actionable intelligence, the Indian Army conducted a joint search in Loilamkot, Churachandpur, recovering two single-barrel rifles, three bombs, one IED, two pompies, three grenades, and five rounds of ammunition.

· 27 March 2026: Assam Rifles launched operations in Tengnoupal, apprehending a People’s Liberation Army (PLA) cadre, a KYKL cadre, and a KCP cadre, along with a mobile phone.

· 28 March 2026: In a joint operation in Yangoubung Village, Chandel District, Assam Rifles and Manipur Police recovered six pistols with six magazines, one single-barrel rifle, fifteen IEDs, and two radio sets.",prameyanews.com,https://www.prameyanews.com/indian-army-and-assam-rifles-foil-militancy-operations-in-manipur-17-cadres-apprehended,"03/31/2026, 07:00 AM, +0000 UTC",Regional News & Incident Reports
Indian Army swiftly neutralises UXOs following standoff attack in Assam,"Live Events



as a Reliable and Trusted News Source Addas a Reliable and Trusted News Source Add Now!

(You can now subscribe to our

(You can now subscribe to our Economic Times WhatsApp channel

Jagun, Tinsukia, In the early hours of Sunday, a standoff attack by ULFA(I) was reported at approximately 0200 hours near an Assam Police Commando camp at Jagun, Tinsukia district, Assam. The incident left behind unexploded ordnance, including RPG and UBGL rounds, posing a serious threat to the local population.According to a release, responding promptly, Red Shield Sappers, in coordination with Assam Rifles, mobilised a Bomb Disposal team to the site. The area was swiftly cordoned off, and all safety protocols were meticulously enforced to ensure full control of the situation.The unexploded ordnance was subsequently neutralised in a controlled manner at a secure location away from civilian habitation, eliminating any risk to life and property. The operation was carried out with a high degree of professionalism, precision and adherence to established procedures, a release said.The swift and coordinated response ensured the safety of the local populace and prevented any collateral damage. The Indian Army remains committed to maintaining peace, security and stability in the region and continues to remain vigilant against emerging threats, a release added.Meanwhile, during a visit to Haflong on Sunday to support candidate Rupali Langthasa, Assam Chief Minister Himanta Biswa Sarma condemned the recent ""unfortunate"" incident in Tinsukia, noting that a joint Army-Police operation is underway to catch the perpetrators.He also stated that the peace and development achieved in the Dima Hasao region under BJP rule.At least four Assam police personnel were injured following an attack carried out by suspected militants of the United Liberation Front of Assam (I) in the State's Tinsukia district, officials saidRegarding the incident in Tinsukia, Assam CM said, ""This is highly condemnable. The Army and the Police have launched a counter-insurgency operation. I think those who have done this will certainly be nabbed.""",economictimes.com,https://m.economictimes.com/news/defence/indian-army-swiftly-neutralises-uxos-following-standoff-attack-in-assam/articleshow/129742838.cms,"03/23/2026, 07:00 AM, +0000 UTC",Regional News & Incident Reports
Symbolic Funeral Held For Missing Army Subedar Dharmveer Singh In Ambala Village,"ETV Bharat / state

Symbolic Funeral Held For Missing Army Subedar Dharmveer Singh In Ambala Village

Tributes being paid to Subedar Dharmveer Singh ( ETV Bharat )

Ambala: A symbolic last rite of martyr Subedar Dharmveer Singh of the Mahar Sikh Regiment was performed in his native village Sabapur in Ambala on Friday. The Indian Army paid tribute by laying a wreath, offering a ceremonial salute, and handing over the martyr’s uniform and the national flag to his family.

Subedar Dharmveer Singh had gone missing nearly a year ago after a glacier burst in a snow-covered region during his deployment. His body has not been recovered to this day. Due to the absence of his mortal remains, a symbolic funeral ceremony was organised in Sabapur village. The martyr’s mother broke down in tears during the ceremony, while his wife and children struggled to hold back their emotions. Slogans of “Shaheed Subedar Dharmveer Singh Amar Rahe” were raised to pay homage to the brave soldier.",ETV Bharat,https://www.etvbharat.com/en/state/martyr-dharamveer-singh-symbolic-funeral-in-ambala-sabapur-village-his-son-lit-funeral-pyre-enn26030606554,"03/06/2026, 08:00 AM, +0000 UTC",Regional News & Incident Reports
Two held in Arunachal for leaking Army deployment details to Pakistan handlers,"Itanagar, Dec 11: Two men from Jammu and Kashmir were arrested in Arunachal Pradesh on Thursday on charges of espionage.

Police have identified the accused as Nazir Ahmad Malik and Sabir Ahmed Mir, both residents of Kupwara district, who were running small businesses in Itanagar.

A case was registered under multiple sections of the Bharatiya Nyaya Sanhita, the Official Secrets Act and the Arunachal Pradesh Act and the arrested individuals have been sent to judicial custody.

According to police, Nazir was arrested on November 22 from a rented house in Ganga village under the Chimpu police station area of Itanagar following specific intelligence inputs.

During interrogation, he allegedly admitted to sharing deployment details of the Army and paramilitary forces, as well as information on military installations, with Pakistani handlers through Telegram.

Police further claimed that Nazir disclosed having received instructions to place explosives and carry out arson targeting security establishments.

Two mobile phones were seized from Nazir, and officers said they contained digital traces linking him to a Telegram channel named “Al AQSA”, which investigators described as being used to transmit security-related information.

Based on details provided by Nazir, investigators arrested Sabir Ahmed Mir from Abotani Colony in Itanagar. According to police allegations, Sabir had been instructed to facilitate the illegal entry of Pakistani nationals into India and serve as an arms courier.

An official added that Nazir’s presence in Arunachal Pradesh indicated the possibility of a larger attempt to activate operatives in the region.

Police said a detailed investigation is underway to identify the wider network, its linkages and the objectives behind the operation.

“This is a developing case. We are working on it, and a lot remains to be done. We will soon give an official statement. Whatever information is in the press is not the official version of the state police,” Inspector General of Police (Law & Order) Chukhu Apa said, declining to provide further details due to the sensitivity of the matter.

PTI",assamtribune.com,https://assamtribune.com/north-east/two-held-in-arunachal-for-leaking-army-deployment-details-to-pakistan-handlers-1600907,"12/11/2025, 08:00 AM, +0000 UTC",Regional News & Incident Reports
Fact Check: Did protests take place in Nagaland against the Indian Army over human rights violations? Here’s the truth behind the viral video,"A video is rapidly going viral on social media. The video is being claimed to be from Nagaland. Along with the video, it is alleged that large-scale protests erupted in Nagaland against the Indian Army and the government over alleged human rights violations against Naga tribes.

Source: X

On social media platform X, a verified Pakistani user shared the viral video claiming that after Manipur, there are reports of massive protests in Nagaland against the Indian Army and the government, alleging that innocent Naga tribes are being targeted and subjected to human rights violations. The post further claims that strong anti-India separatist movements demanding independence are active in both Nagaland and Manipur.

Source: X

Apart from this, another Pakistani user, Simran Kashmiri, also shared the same viral video with a similar claim.

Fact Check:

To verify the claims made with the viral video, DFRAC first converted the video into keyframes. These keyframes were then reverse image searched. During this process, we found a similar video posted on Facebook by a user named “Manipur Update” on 13 February 2026.

Source: Facebook

According to the information shared with that video, violence had broken out in Moawa village under the Medziphema sub-division of Chümoukedima district in Nagaland due to a land dispute between the Angami tribe and the Kuki community. The violence led to damage to property, several houses being set on fire, and vehicles being vandalized. The visuals showed burnt houses and damaged vehicles. However, the full extent of the damage was not clear at that time. Nagaland Police and additional security forces were deployed at the spot to control the situation.

Source: Youtube

Further investigation led us to a news report uploaded on YouTube by the news channel North East Live on 13 February 2026. This report also included visuals from the viral video. According to the report, clashes erupted between residents of two villages over a land dispute in Moawa village, located on the outskirts of Dimapur in Nagaland. During the incident, several houses were set on fire and multiple vehicles were damaged. The incident took place in the Medziphema sub-division of Chümoukedima district and involved the Chakroma Public Organization and residents of Moawa village.

Source: The Morung Exspress

Additionally, we found a report by the newspaper The Morung Express, which also confirmed the violent clash that occurred in Moawa village on 13 February 2026 due to a land dispute. Nowhere in the report was there any mention of large-scale protests against the Indian Army or demands for independence from India.

Conclusion:

DFRAC’s fact check clearly establishes that the viral video is being shared with a misleading claim. The video does not show any protest in Nagaland against the Indian Army or demonstrations demanding independence from India. In reality, the incident is related to local violence stemming from a land dispute between two communities.",dfrac.org,https://dfrac.org/en/2026/02/15/fact-check-did-protests-take-place-in-nagaland-against-the-indian-army-over-human-rights-violations-heres-the-truth-behind-the-viral-video/,"02/15/2026, 08:00 AM, +0000 UTC",Regional News & Incident Reports
"Joint operations by security forces in Manipur; 17 militants apprehended, huge cache of arms-ammunitions recovered","GUWAHATI: Security forces in a series of operations apprehended 17 militants and recovered huge amounts of arms and ammunition in the trouble-hit state of Manipur.

During the period of March 22, 2026 – March 28, 2026, Indian Army and Assam Rifles formations under Spear Corps, in close conjunction with Manipur Police, conducted a series of precise, intelligence-driven joint operations across Imphal East, Imphal West, Bishnupur, Chandel, Kangpokpi, Churachandpur and Tengnoupal Districts. The operations led to the apprehension of 17 cadres from hill and valley-based groups and the recovery of 17 weapons, explosives and other war-like stores, said Col. Mahendra Rawat, PRO Defence.

On March 22, 2026, a joint operation by the Assam Rifles and Bishnupur Police Commandos was launched in the Nambol Sabal Leikai area of Bishnupur District. The team apprehended one active cadre of the KYKL. In a separate joint operation on the same day, the Assam Rifles and Special Commandos apprehended one active cadre of the PREPAK (PRO) in the Singjamei area in Imphal West District. A search of the individual yielded one mobile phone and a SIM card. Also on the same day, the Assam Rifles conducted an operation in Tengnoupal District and apprehended 10 PREPAK (RA) cadres along the Indo–Myanmar Border.

On March 23 2026, the Indian Army carried out a joint operation in Chana village, Lamlai PS, Imphal East, resulting in the apprehension of one KCP Apunba cadre. One mobile phone with a SIM card was recovered. On the same day, the Assam Rifles and Police Commandos conducted a joint operation in the Sawombung area of Imphal East District. The joint team apprehended one active cadre of the Kangleipak Communist Party (Nongdrenkhomba).

On March 25, 2026, Assam Rifles, in a joint operation with Manipur Police, successfully recovered one carbine with magazine, two pistols, four pistol magazines, three single barrel bolt action rifles, two single barrel pull mechanism rifles, two improvised mortars, along with ammunition comprising cartridges, rounds and pellets from General Area between Tingkhai Khullen and Nepali Khutti in Kangpokpi District of Manipur.

On March 26 2026, based on credible information, the Indian Army carried out a joint operation in Loilamkot, Churachandpur. During the search, security forces recovered two single-barreled rifles, three bombs, one IED, two pom-poms, three grenades and five rounds of ammunition.

On March 27, 2026, the Assam Rifles launched an operation in Tengnoupal District and apprehended a People’s Liberation Army (PLA) cadre. On the same day, the Assam Rifles apprehended one KYKL cadre and one KCP cadre near Border Pillars 73 and 74 in the Chalson area of Tengnoupal and a mobile was recovered.

On March 28, 2026, Assam Rifles and Manipur Police conducted a joint operation in the Yangoubung Village area of Chandel District. The operation resulted in the recovery of Six Pistols along with six magazines, one Single Barrel Rifle, fifteen IEDs and two Radio Sets.",organiser.org,https://organiser.org/2026/03/31/346456/bharat/joint-operations-by-security-forces-in-manipur-17-militants-apprehended-huge-cache-of-arms-ammunitions-recovered/,"03/31/2026, 07:00 AM, +0000 UTC",Regional News & Incident Reports
Army Chief General Upendra Dwivedi in Sikkim to review operational preparedness,"NEW DELHI: General Upendra Dwivedi, Chief of Army Staff (COAS), arrived in Sikkim on Tuesday on a two-day official visit. This follows his comment on Monday that relations between India and China have improved a lot over the last year. He attributed this change to a rise in communication at various levels between the two countries.

General Dwivedi will be meeting the commanders posted there and review the operational preparedness of the force.

The Trishakti Corps based in Sukna, West Bengal, is mandated to defend the 220-km Line of Actual Control (LAC) along Sikkim.

There has been disengagement of Indian and Chinese forces from all standoff points in October 2024. But the troops, along with their equipment and armaments, remain deployed close to the 832-km LAC in eastern Ladakh.

China had carried out a massive force deployment in eastern Ladakh after PLA soldiers clashed with Indian Army troops at Finger 4 in May 2020.",The New Indian Express,https://www.newindianexpress.com/india/2025/Nov/18/army-chief-general-upendra-dwivedi-in-sikkim-to-review-operational-preparedness,"11/18/2025, 08:00 AM, +0000 UTC",Regional News & Incident Reports
India eyes fourth Army base in Mizoram to strengthen security of Siliguri Corridor,"The recent death of Lashkar-e-Taiba commander Musa, also known as Asif Fauji, has led security agencies to refocus their efforts on foreign terrorists operating...",The CSR Journal,https://thecsrjournal.in/india-fourth-army-base-mizoram-security-siliguri-corridor,"12/23/2025, 08:00 AM, +0000 UTC",Regional News & Incident Reports
"Personnel from Army’s Spear Corps hone drone skills in Manipur, Arunachal","The Assam Rifles under Spear Corps, Indian Army, conducted a two-day Advanced Mission Integration Training on drone operations at the Drone Training Node (DTN), Chandel, Manipur, an official said on Sunday.

In a post on X, the Spear Corps said, “#AssamRifles under #SpearCorps conducted a two-day Advanced Mission Integration Training on drone operations at the Drone Training Node (DTN), Chandel, #Manipur in collaboration with IdeaForge. Personnel from various units honed skills in mission planning, data analysis and tactical deployment of UAS (Unmanned Aerial Systems).”

Earlier in the day, the Spear Corps validated drone-based Combat Medical Care in forward areas of Arunachal Pradesh, showcasing rapid delivery of vital medical supplies across tough terrain.

“Critical medical care items were successfully airlifted, proving the effectiveness of drones in enhancing medical logistics and ensuring swift aid to troops deployed in forward areas,” said the Spear Corps on X.

Download Nagaland Tribune app on Google Play



Last month, the Spear Head Division of Spear Corps flagged off a Pilgrimage Tour comprising 20 residents from Upper Siang district at Likabali Military Station to promote national integration and cultural understanding, said a statement

The tour, covering Tuting–Gaya–Santiniketan, took participants through spiritually and culturally rich destinations, offering them a chance to experience India’s diverse heritage.

This journey sought to foster a deeper sense of unity and belonging by connecting citizens from remote border areas with the broader cultural fabric of the nation, said the official statement.

The programme was conducted under the aegis of Operation Sadbhavana, a flagship outreach initiative of the Indian Army aimed at promoting peace, harmony and development in border regions.

Through such endeavours, the Indian Army continues to reinforce its commitment to building bridges of mutual respect and understanding between the armed forces and local communities.

This pilgrimage stood as a reflection of the Army’s dedication to fostering national unity and strengthening people-to-people bonds across India’s diverse cultural landscape, said the statement.",Nagaland Tribune,https://nagalandtribune.in/personnel-from-armys-spear-corps-hone-drone-skills-in-manipur-arunachal/,"11/09/2025, 08:00 AM, +0000 UTC",Regional News & Incident Reports
Indian Army tests combat readiness in Arunachal Pradesh,"The Indian Army has conducted Exercise Yudh Kaushal 3.0 in the high-altitude Kameng region of Arunachal Pradesh, showcasing its preparedness for next-generation warfare in extreme Himalayan conditions.

Observed by the General Officer Commanding of Gajraj Corps, the exercise featured large-scale manoeuvres with drone surveillance, precision strikes, real-time target acquisition, air–littoral operations and synchronized battlefield tactics.

According to Indian Army, a major highlight was the operational debut of the newly raised ASHNI platoons, designed to integrate advanced technology with traditional combat skills for decisive battlefield advantage.

The exercise also marked the active participation of the Indian defence industry, reflecting the push for indigenous innovation under the vision of self-reliance, the army added.

Army officials said Yudh Kaushal 3.0 validated combat effectiveness in harsh terrain while reinforcing the force’s shift towards multi-domain operations and adoption of emerging technologies.",The Hindu,https://www.thehindu.com/news/national/exercise-yudh-kaushal-30-demonstrates-next-gen-combat-readiness-in-eastern-himalayas/article69995845.ece,"08/31/2025, 07:00 AM, +0000 UTC",Regional News & Incident Reports
Four Kuki militants killed in Manipur encounter,"GUWAHATI: Four members of the insurgent group United Kuki National Army (UKNA) were killed during an encounter with security forces in Manipur early Tuesday morning.

The incident took place at Khanpi village under Henglep subdivision in the Churachandpur district.

Defence Ministry in a statement said, ""Terrorists resorted to unprovoked firing on an Army column at Khanpi village, approximately 80 km west of Churachandpur, Manipur. In the ensuing firefight between security forces and armed cadres of UKNA, a non-SOO insurgent group, 04 cadres of the terrorist group were neutralised.”

“This operation follows recent atrocities by UKNA cadres including killing of a village chief, intimidation of locals, and attempts to disrupt peace and stability in the region. Successful neutralisation of these terrorists highlights the Indian Army and Assam Rifles' commitment to protecting innocent civilians, mitigating all threats, and ensuring peace and security in Manipur,” the statement further stated.

The UKNA is mostly active in the Churachandpur district.",The New Indian Express,https://www.newindianexpress.com/india/2025/Nov/04/four-kuki-militants-killed-in-manipur-encounter,"11/04/2025, 08:00 AM, +0000 UTC",Regional News & Incident Reports
"After Trishul, why is India holding Poorvi Prachand Prahar, military drill in Arunachal?","The Indian Army, Navy and Air Force will conduct a joint military exercise in the mountains of Mechuka in Arunachal Pradesh this month. Poorvi Prachand Prahar will test the operational synergy between the three armed forces and enhance situational awareness. This comes after India’s operational activities on the western border

The Indian armed forces are all set to hold a tri-service exercise in Arunachal Pradesh. ‘Poorvi Prachand Prahar’ will be launched on November 11 in the rugged mountains of Mechuka in Arunachal Pradesh.

Designed as a forward-looking exercise, it will test the operational synergy between the Indian Army, Navy, and Air Force. The drill on India’s eastern front comes in the wake of several operational activities on the western borders.

Let’s take a closer look.

What is 'Poorvi Prachand Prahar'?

'Poorvi Prachand Prahar' will integrate warfighting capability and technological adaptation among the three wings of the armed forces, as per an official statement.

The exercise, which will conclude on November 15, will provide a full spectrum of joint operations between the Indian Army, Navy and Air Force, reflecting the “theatre command"" concept that India has adopted, as per a News18 report.

Advertisement

The military drill will focus on multi-domain integration across land, air and maritime fronts, demonstrating the enhanced readiness of the Indian armed forces for future conflicts, Defence PRO Lt Col Mahendra Rawat said in a statement on November 1.

He added, “The highlight of the exercise will be the coordinated employment of special forces, unmanned platforms, precision systems and networked operations centres operating in unison under realistic high-altitude conditions.""

The tri-service exercise aims to hone interoperability, increase situational awareness and validate command and control structures for joint mission execution.

More from Explainers More from Explainers

According to Rawat, revised tactics, techniques, and procedures (TTPs) will be tested and corroborated to boost combat agility and adaptability.

Exercise 'Poorvi Prachand Prahar' is significant in India's tri-service integration effort, following the successful completion of military exercises 'Bhala Prahar' in 2023 and 'Poorvi Prahar' last year.

The military drill ""reinforces the Armed Forces' collective resolve to maintain mission readiness and joint operational effectiveness in the defence of the nation"", Lt Col Rawat said in the statement.

Army men show their skills during an Army exhibition in Uttar Pradesh in 2017. File Photo/PTI

The China threat in Arunachal

Poorvi Prachand Prahar is seen as part of India's broader plan to increase preparedness along its sensitive borders with China.

The venue of the upcoming exercise in Mechuka, Arunachal Pradesh, holds importance as India ramps up surveillance and mobility near the Line of Actual Control (LAC).

Advertisement

Beijing claims the entire state of Arunachal Pradesh, which it calls “Zangnan, the southern part of Tibet”, as an “inherent part of China’s territory”. The country’s maps depict Arunachal Pradesh as part of China.

New Delhi has rejected China’s claims over Arunachal Pradesh, maintaining that it is an “integral and inalienable part of India”.

The military exercise comes amid a growing China threat in India’s eastern sector. According to an NDTV report, China has finished building 36 hardened aircraft shelters, new administrative blocks, and a new apron at its Lhunze airbase in Tibet, located about 40 kilometres north of the McMahon line — the de facto boundary between India and China that divides Arunachal Pradesh and Tibet.

""Construction of 36 hardened aircraft shelters at Lhunze clearly indicates that during the next incident, their [China's] tactical fighters and attack helicopters operating in support of their army would be based in Lhunze,"" Air Chief Marshal BS Dhanoa (retired), the former Indian Air Force chief, told the news channel.

Advertisement

The development comes even as tensions have eased between India and China following the 2020 border standoff.

Trishul exercise on the Western front

The Indian armed forces are carrying out the Trishul exercise on the Western front, along the borders of Rajasthan and Gujarat.

“The exercise aims to achieve validation and synchronisation of operational procedures across the three Services, enabling joint effect-based operations in multi-domain environment. Key objectives include enhancing interoperability of platforms and infrastructure, strengthening the integration of networks across Services, and advancing jointness in operations across multiple domains,” the Ministry of Defence said in a statement last week.

The exercise involves live-fire drills, electronic warfare systems, and integrated battlefield communications to fine-tune rapid-response mechanisms.

“Our main objective is to enhance the synergy between all the maritime forces as well as inter-services. This is a very large, complex, and multi-domain integrated operation that is being conducted at the largest scale, including aspects of cyber and space,"" Vice Admiral AN Pramod, Director General Naval Operations (DGNO), told News18.

Poorvi Prachand Prahar and Trishul are crucial military exercises being conducted by the Indian armed forces following Operation Sindoor. In May, India targeted nine terror camps operating in Pakistan and Pakistan-occupied Kashmir (PoK), a retaliation for the April 22 Pahalgam terror attack in which terrorists killed 26 tourists in Jammu and Kashmir.

With inputs from agencies",Firstpost,https://www.firstpost.com/explainers/india-poorvi-prachand-prahar-military-drill-arunachal-pradesh-13947788.html,"11/04/2025, 08:00 AM, +0000 UTC",Regional News & Incident Reports
Operation Hot Pursuit: The Indian Army’s Surgical Strikes into Myanmar,"The Northeast region of India, which shares borders with China, Bangladesh, Bhutan and Myanmar, has historically been a home for various insurgent factions advocating for autonomy or secession over many decades. In 2015, India expressed growing apprehension regarding escalating violence in the Northeast, particularly after the unsuccessful attempt to renew a ceasefire with the Khaplang faction of the National Socialist Council of Nagaland (NSCN-K), predominantly based in Myanmar.

On the morning of June 4, 2015, 18 brave soldiers from the Indian Army’s Dogra Battalion were killed and about a dozen others injured in a meticulously planned militant attack in Manipur’s Chandel district. Enemy forces attacked with improvised explosive devices and gunfire during a road opening patrol exercise on the Tengnoupal–New Samtal Road. The newly established United Liberation Front of Western South East Asia claimed responsibility for the devastating assault.

As the Army reeled from its bloodiest ambush since 1982, another attack hit an Assam Rifles camp in Arunachal Pradesh (Tirap district). In April and May 2015, around 11 soldiers from the Army and Assam Rifles were killed in the Northeastern provinces of Nagaland and Arunachal Pradesh.

In retaliation, on June 9, 2015, based on credible intelligence inputs regarding the insurgents, the Indian Army executed a cross-border operation along the India–Myanmar Border. Codenamed Operation Hot Pursuit, this operation had about 70 Special Forces troops target the training facilities and camps associated with NSCN-K. The commandos traversed the border, conducted a thorough reconnaissance to identify the insurgent encampments located deep within Myanmar’s jungles and subsequently eliminated their targets. This is their story of guts and glory.

The militant outfits

In March 2015, a significant development occurred when SS Khaplang, the leader of the Nationalist Socialist Council of Nagaland (NSCN-K), terminated a 14-year ceasefire agreement with the Indian government, setting the stage for subsequent attacks. The NSCN-K had been actively working towards the establishment of a sovereign Naga state encompassing present-day Nagaland, Manipur and certain regions of Myanmar.

In April 2015, the NSCN-K collaborated with eight other organizations, including Ulfa (I), National Democratic Front of Bodoland (Songbijit) and Kamatapur Liberation Organization, to establish the United Liberation Front of Western South East Asia. Many attribute the formation of this front to the actions of Khaplang and Ulfa (I) leader Paresh Baruah, who played significant roles within the new organization.

It is vital to note that Myanmar hosted approximately 60 rebel camps of varying sizes, distributed across a broad area adjacent to India’s Northeast region. The border with Myanmar, which extends 1,643 km, exhibits significant permeability due to an established agreement that allows individuals from either country to enter up to 16 km for trade activities. The fragmented landscape and dense forests bordering Myanmar facilitate the unobstructed movement of insurgents, enabling them to launch attacks on the Indian Army. The insurgents employ hit-and-run tactics in Manipur, utilizing camps that facilitate their ability to execute strikes within the state before retreating to Myanmar territory. The Indian armed forces are thereby prevented from pursuing them across the borders.

The Indian Army’s plan

The fatalities necessitated retribution. Defence Minister Manohar Parrikar convened a meeting with Home Minister Rajnath Singh, Army Chief General Dalbir Singh and National Security Advisor (NSA) Ajit Doval to meticulously assess the ambush and strategize appropriate countermeasures. The atmosphere in the room was somber yet determined. The Army had experienced its most devastating single-day counterinsurgency loss in nearly 30 years, which left India’s security apparatus profoundly unsettled.

The meeting examined the possibilities of conducting air strikes utilizing Sukhoi and MiG-29 fighter aircraft, alongside ground operations executed by the Army’s Special Forces. This alternative posed a significant risk of collateral damage associated with aerial bombardment, so it was not considered further.

The Indian Army received directives to undertake a discreet “Search and Destroy” mission that targeted the camps of militant groups situated along the borders of India and Myanmar. The selection of the unit was unequivocal — the 21st Battalion of the Parachute Regiment stood as the Army’s distinguished entity for specialized jungle warfare operations. It had been stationed in the Northeast for nearly 20 years. Deployed strategically across pivotal insurgency-affected regions, 21 Para Regiment (Special Forces) (Para-SF) operated as the Eastern Command’s elite response unit. One of its contingents was waiting in Delhi, prepared to embark on a special flight to South Sudan; they had been chosen for the United Nations peacekeeping deployment.

Without a moment’s hesitation, the Army issued the directive for this team to return to its Northeast base. The unit possessed a remarkable network of local informants. This battalion drew many of the officers and personnel from the Northeast region and appointed one of the unit’s most distinguished officers, Lieutenant Colonel Oscar Delta (pseudonym), to lead this mission.

To plan this operation, the Army drew upon insights provided by intelligence agencies who identified two camps approximately 8 km away from the border with Myanmar. The planners decided to launch the two Para-SF teams along distinct axes directed at the two insurgent camps to enhance the mission’s success.

The decision required considerable deliberation. Myanmar presents itself as a welcoming nation. Was it practical to ensure that the Myanmar government and its military were informed and involved in the discussions? Was it conceivable that Myanmar would consent to such an operation? These questions necessitated prompt responses. Ultimately, following extensive discussions among all relevant stakeholders, including the Ministry of External Affairs (MEA), the NSA and the Army, the group reached a consensus; they would target the large camps. The NSA and the MEA took responsibility for managing communication with Myanmar at appropriate levels. Subsequent reports indicated that the Myanmar government had been engaged at the highest echelons before the incursion of Indian Special Forces into Myanmar’s territory.

One tactic the military uses to eliminate danger or achieve an objective is the surgical strike, which is an extremely precise and focused attack on a specific target. Each camp, believed to accommodate 40–50 insurgents, would be addressed with a classic Special Forces-style hit-and-run operation that relied on the element of surprise. The camps exhibited a comparable configuration, with the NSCN-K camp situated centrally, encircled by other resident groups within a 10 km radius. The principal rationale for keeping space between the camps in any such settlements throughout the region was security. Should one camp be assaulted, cadres from the others could promptly mobilize to initiate counterattacks. In a hilly terrain, even a large army would struggle to execute simultaneous assaults on all the camps.

Infiltration

The commandos decided against using helicopters because of the attention they would attract in the forward zone. Instead, they devised a deception strategy; on June 7, they posed as regular troops and traveled in Army trucks, and arrived at their prearranged staging location on the border. A handful of soldiers of the Kuki ethnic group who serve in the Indian Army changed into civilian clothes and proceeded into the village to gather intelligence. Meanwhile, the team entered the neighboring Assam Rifles camp. The villagers had not seen any militant movement. The locals were accustomed to these teams working along the border, so they did not view the Special Forces troops with suspicion or hostility.

After midnight, the 70-man Special Forces group started its roughly 20-km trek on foot in the direction of the international border. The commandos split up into two teams, each armed with night vision goggles, assault rifles, rocket launchers and grenades. The party unexpectedly encountered a group of Burmese hunters searching for wildlife while trekking through the dense bushes in extremely high humidity. The hunters were just as shocked as the Special Forces soldiers, who had not factored in this complication.

The Team Leader had to devise a strategy to deal with the hunters after his party rounded them up and inquired about insurgent camps within Myanmar’s territory. He simply chose to take the hunters along with them as the team could not kill them or afford to leave them on the loose. So the Team Leader reserved a portion of his men to protect them. Due to the hunters’ familiarity with the terrain, information about the camps and the actions of the militants in the vicinity, the Special Forces were able to refine their final plan.

By late afternoon on June 8, the team was roughly 5 km away from the large terrorist camp. The hunters feared for their lives and would not proceed further. Special Forces scouts, who advance ahead of others to inspect the area, noticed a mix of small and large huts and sheds on a ridge in the distance. When the scouts returned, they informed the Team Leader that their mission would be difficult; the only way to get to the camps without being noticed was to scale the steep cliff, launch an attack and then travel back the same way.

Execution

As darkness fell, the Team Leader had to decide on the approach to the camp and the timings for the final assault. The commandos opted to recoup after a difficult day of marching through the mosquito-infested jungles. As they were already in a foreign country, the Team Leader began dividing troops for the mission at hand, with the team heavily outnumbered in strength; intelligence indicated that the camp housed at least 100 insurgents. The fundamental drills are, of course standard, but each task is unique. So the Team Leader decided to stick with the original plan of attacking two or three major buildings to inflict the maximum casualties and make a speedy return without pausing to count the dead. He divided the team in two: one half carried large caliber weapons and the other light weaponry. The two halves were further divided into two sub-groups each: One took charge of the direct assault, and the other established an outer ring to prevent any rebels from fleeing.

At midnight on June 9, the entire team, except a squad that was left behind to safeguard the captive hunters, had advanced and established themselves at the base of the steep escarpment, which rose approximately 600 meters straight up. The Special Forces personnel heard gunfire and observed a group of militants approaching the cliff’s edge. The soldiers, who were clothed in camouflage and had their faces darkened by black paint, remained entirely still; their primary challenge was to avoid reacting and giving themselves away by opening fire.



Many of them wondered, “Will we be detected before we can reach the target?” However, the Team Leader was certain that the militants were not in possession of definitive information regarding any Special Forces movement, but rather were conducting a routine patrol and taking precautionary measures to safeguard the camp. The militants appeared to unwind at approximately 2 AM — they began singing songs, and their voices progressively diminished. The patrol had presumably returned to the camp. The commandos now waited for the first light.

At dawn, the first group of Special Forces personnel began gently climbing the steep ridge as others followed in a well-practised drill. They crept stealthily forward, forming a semicircle and racing toward the target. As the soldiers approached the camp, they noticed the lookout sentries at the entrance compound had abandoned their posts for their morning meal! The Special Forces crossed the compound barrier without being challenged.

Each commando took up a predetermined position and opened fire with automatic weapons, rocket launchers and hand grenades. For the first 15 minutes, the camp’s occupants, most of whom were either asleep or on the verge of awakening, had no idea what had happened. There was no retaliation, and most of them were killed.

Soon, the other terrorists, who lived in the second and third tiers of the enormous camp, regrouped and responded using whatever weapons they could find from behind well-defended positions. The Special Forces’ element of surprise was now gone, and the Team Leader opted to pull back. It was time to begin the return journey, and the soldiers reassembled and retraced their steps in a well-practised maneuver.

Exfiltration

Because of the oppressive heat and humidity that prevailed in the tropical jungle, the journey back was grueling. More than the heat, there was the possibility that the militants or personnel of the Burmese Army might pursue them. As a result, the Special Forces squads walked back quickly despite their exhaustion. They continued until noon when they had passed into Indian territory. Even though they were still being held captive, the hunters were finally set free after being given a stern warning to never discuss the incident under any circumstances. The Team Leader was confident they would not utter a single word; doing so would endanger their lives.



As soon as the Special Forces unit entered India, the Team Leader immediately called Corps Commander Lieutenant General Bipin Rawat, who was in the Operations Room monitoring the raid’s progression. He asked the team to come by the helicopters that had been kept on standby to transport them back to headquarters. Operation Hot Pursuit had successfully killed as many as 38 Northeast insurgents belonging to NSCN-K and KYKL militant organizations and wounded many others.

The meaning of Hot Pursuit

Guerrilla warfare evens out the advantages enjoyed by even the most highly trained and well-equipped security forces when confronted with extremists entrenched in their strongholds. Success, therefore, is not a guaranteed outcome. The Indian Army’s capacity to respond with significant power to provocations and to take decisive preemptive action was clearly illustrated by this surgical strike — extremely precise, focused attack on a specific target — in Myanmar.

The Myanmar raid initiated a series of actions aimed at enhancing India’s internal and external security policies. This operation was regarded as the inception of a significant transformation in India’s increasingly assertive stance, moving away from a previously restrained perspective. The strike exemplified India’s emerging willingness to proactively address terror threats, unencumbered by geographical boundaries. The unit received a Kirti Chakra and Shaurya Chakra each — medals awarded for a demonstration of valor in front of the enemy — and five Sena Medals to members who displayed individual acts of devotion and significant courage during the mission.

This was not merely a singular event; rather, it represented India’s strategic choice to adopt a preemptive stance in addressing terror threats. “Hot pursuit” serves as a valid articulation of national defense; however, for reasons that are more comprehensible than they are easily articulated, India has historically refrained from employing this strategy in neighboring nations. In a statement, the Indian Army declared: “While ensuring peace and tranquility along the border and in the border states, any threat to our security, safety and national integrity will meet a firm response.”

[Lee Thompson-Kolar edited this piece.]

The views expressed in this article are the author’s own and do not necessarily reflect Fair Observer’s editorial policy.",Fair Observer,https://www.fairobserver.com/region/central_south_asia/operation-hot-pursuit-the-indian-armys-surgical-strikes-into-myanmar/,"05/15/2025, 07:00 AM, +0000 UTC",Regional News & Incident Reports
Indian Army neutralises 10 insurgents in Chandel district of Manipur,"In Manipur, at least 10 suspected militants were killed in a gunfight with Assam Rifles personnel in Chandel district last evening. The incident took place at New Somtal village under Khengjoi tehsil, which is situated near the Indo-Myanmar border.

According to the Army’s Eastern Command, the encounter took place when an Assam Rifles unit conducted an operation following specific intelligence inputs about the movement of armed cadres in the area.

The Eastern Command said in a post on X that during the operation, troops came under fire from suspected militants and responded swiftly. In the ensuing exchange of fire, 10 cadres were neutralised and a sizable quantity of arms and ammunition were recovered.

Sources from Assam Rifles said that the operation has almost complete,d and dead bodies have been kept for further identification. There is no report of casualties among the security forces.",News On AIR,https://newsonair.gov.in/manipur-indian-army-guns-down-10-suspected-hill-based-insurgents-in-chandel/,"05/15/2025, 07:00 AM, +0000 UTC",Regional News & Incident Reports
Indian Army conducts joint artillery exercise in Arunachal Pradesh,The Indian Army has announced the commencement of the application process for the Technical Graduate Course (TGC-145) aimed at engineering graduates aspiring for officer...,The CSR Journal,https://thecsrjournal.in/indian-army-conduct-joint-artillery-arunachal-pradesh,"02/28/2026, 08:00 AM, +0000 UTC",Regional News & Incident Reports
"Army troops undertake route march at 17,000 feet in Sikkim","Troops of the Indian Army’s Trishakti Corps, headquartered in West Bengal’s Sukna, completed a route march with full battle loads across altitudes up to 17,000 feet in Sikkim.

The march, conducted over six days and nights through steep gradients, icy winds, and rugged tracks, tested the soldiers’ physical stamina, mental resilience, and collective spirit, a Ministry of Defence statement said on Tuesday (September 16, 2025).

“Each soldier carried his full operational load — weapons, equipment, and survival gear — replicating battlefield conditions in high-altitude areas. While the Army continues to integrate modern technology, drones, and smart logistics into its operations, such exercises remain indispensable,” the statement read.

Such exercises ensure that soldiers are prepared to operate even in situations where technology may be constrained, reaffirming the primacy of human endurance and adaptability.

“Technology enhances our capabilities, but it is the soldier’s grit and teamwork that ultimately win battles. This march reinforces confidence in our ability to fight and prevail in the harshest conditions,” Lt Gen Zubin A. Minwalla, the General Officer Commanding of Trishakti Corps, stated.

The completion of this march reflects the Trishakti warriors’ commitment to operational readiness and their role in safeguarding the nation’s frontiers in the Eastern Himalayas, he said.",The Hindu,https://www.thehindu.com/news/national/sikkim-army-trishakti-corps-march-route/article70056098.ece,"09/16/2025, 07:00 AM, +0000 UTC",Regional News & Incident Reports
Attack on Army camps in Northeast: Operational Group meet to prepare plan for operations against proscribed insurgents,"Guwahati: Security forces are on high alert after attacks on Army camp by Northeast insurgency groups in Assam and Arunachal Pradesh. At around midnight on October 17, 2025, unidentified terrorists fired on the Kakopathar Company location from a moving vehicle. The troops on duty responded immediately and effectively taking due caution to avoid collateral damage to civilian houses in the close vicinity. Immediate and effective retaliation by the Indian Army forced the terrorists to flee the site after carrying out speculative firing using automatic weapons.

No major injuries were sustained other than minor abrasions to three personnel. The area has been sanitized and joint searches in coordination with police are being carried out. Banned outfit ULFA (I) claimed responsibility for the attack. The insurgency group claimed that the attack was planned in retaliation to the attack by the Indian Army in June this year in the ULFA (I) camps using drones and missiles.

Operations against proscribed insurgent:

An Operational Group meeting was convened at Lekhapani on October 18, 2025 to review the prevailing security situation and strengthen joint coordination among security forces operating in the regions of Nagaland, South Arunachal Pradesh and Assam. The meeting aimed to enhance jointness and cohesion against insurgent activities in the region. The meeting was attended by Civil and Military Authorities.

With AFSPA being extended in certain areas of the region the meeting deliberated upon the prevailing security situation. Contributing to the deliberation, DIG, AR stressed upon the need to maintain a state of high vigilance and cohesive response by security stakeholders to thwart untoward incidents.

The meeting concluded with a reaffirmed commitment among all security and intelligence agencies to maintain seamless coordination, enhance intelligence sharing and undertake proactive measures to ensure lasting peace and stability in the region.",organiser.org,https://organiser.org/2025/10/20/321763/bharat/attack-on-army-camps-in-northeast-operational-group-meet-to-prepare-plan-for-operations-against-proscribed-insurgents/,"10/20/2025, 07:00 AM, +0000 UTC",Regional News & Incident Reports
Why 'Exercise Samanjasya' by Indian Army’s Spear Corps in Arunachal Pradesh was special,,theweek.in,https://www.theweek.in/news/defence/2025/11/19/why-exercise-samanjasya-by-indian-army-s-spear-corps-in-arunachal-pradesh-was-special.html,"11/19/2025, 08:00 AM, +0000 UTC",Regional News & Incident Reports
Eastern command gears up for major tri-service exercise ‘Poorvi Prachand Prahar’,"NEW DELHI: As India intensifies its drive toward integrated tri-service operations, the Eastern Command is set to host a major joint exercise named 'Poorvi Prachand Prahar' from November 11 to 15 at Mechuka, about 30 km from the Line of Actual Control (LAC) in Arunachal Pradesh.

The exercise will mark the maiden deployment of newly raised Indian Army formations, the Bhairav Battalion, Ashni Platoon of Infantry, and Divyastra Artillery Batteries, which reflect the ongoing modernisation and reorganisation push within the force.

These combat units are being raised under a “Save and Raise” model, incurring no additional cost to the state exchequer.

Defence spokesperson Lt Col Mahendra Rawat said the exercise aims to validate multi-domain integration across land, air, and maritime theatres, refining interoperability and command structures for future joint missions.

“It will test revised tactics, techniques, and procedures to enhance combat agility and adaptability under high-altitude conditions,” he added.

One of the key highlights will be the coordinated employment of Special Forces, unmanned platforms, precision systems, and networked operations centres, which is a first-of-its-kind high-altitude validation of India’s evolving warfighting doctrine.

The Army has already operationalised five of its 25 Bhairav Light Combat Battalions, designed for lean, high-impact operations along India’s borders with China and Pakistan. As reported earlier by TNIE, each infantry unit now includes an Ashni Platoon, equipped with drones for intelligence, surveillance, reconnaissance (ISR) and loitering munitions.

Poorvi Prachand Prahar follows the successful exercise 'Bhala Prahar' (2023) and exercise Poorvi Prahar (2024), which marks yet another milestone in India’s tri-service integration efforts. It coincides with exercise 'Trishul' in the Western Sector, scheduled to culminate on November 13, and follows exercise 'Vidyut Vidhhwans' held in October.

In strategic terms, the Eastern Sector remains vital to India’s defence posture. The Line of Actual Control spans three sectors namely Western (Ladakh), Central (Himachal, Uttarakhand), and Eastern (Sikkim, Arunachal Pradesh). The Eastern Command oversees the 1,346 km stretch including Sikkim and Arunachal Pradesh, besides managing the borders with Myanmar and Bangladesh.

Arunachal Pradesh, often the focal point of Chinese aggression since 1962, includes six disputed areas -- Asapila, Longzu, Bisa, Majha, Tulung-la, and Yangtse -- and four sensitive zones such as Fishtail I & II, Thag La, and Dichu. With Poorvi Prachand Prahar, India’s Eastern Command reinforces its readiness to counter emerging threats through integrated, technology-driven warfare.",The New Indian Express,https://www.newindianexpress.com/india/2025/Nov/04/eastern-command-gears-up-for-major-tri-service-exercise-poorvi-prachand-prahar,"11/04/2025, 08:00 AM, +0000 UTC",Regional News & Incident Reports
Indian Army Deploys Concrete 3D Printing for Rapid Border Infrastructure Construction in Sikkim,"The Indian Army's Trishakti Corps has operationalised on-site 3D concrete printing technology in forward areas of Sikkim and adjoining locations, marking a significant advancement in defence infrastructure development along challenging border regions. In a strategic move to address construction challenges in mountainous terrain, the Indian Army deploys concrete 3D printing systems developed through collaboration with IIT Hyderabad under Project PRABAL (Portable Robotic Printer for Printing Bunkers and Accessories).

These indigenous robotic systems enable rapid construction of bunkers, sentry posts, and protective structures, with the technology already proven in other operational areas before addressing longstanding infrastructure challenges in difficult terrains including Sikkim and Arunachal Pradesh.

The indigenous Robotic 3D Concrete Printer features a robotic arm, circular mixer, piston pump, and generator, configured as a fully vehicle-portable system optimised for rapid movement across mountainous environments. Designed for forward-area deployment, the system enables quick construction of protective infrastructure whilst addressing the unique logistical challenges presented by Himalayan operational conditions.

Indian Army Deploys Concrete 3D Printing

The printed structures have undergone rigorous live ballistic trials, validating their strength and protective performance under operational conditions. Defence spokesman Lt Col Mahendra Rawat confirmed that the capability represents a significant step towards faster, more efficient infrastructure development along the country's borders, demonstrating strategic utility in challenging environments.

The 3D concrete printing technology provides substantial operational advantages across multiple dimensions. Customised designs enable terrain-specific configurations that traditional construction methods cannot easily accommodate. Enhanced blast and ballistic resistance ensures structures meet stringent protective requirements for forward positions, whilst higher compressive strength compared to conventionally constructed alternatives provides additional durability in harsh environmental conditions.

Improved quality control through automated printing processes ensures consistent structural integrity across multiple installations. The efficient use of local materials reduces logistical burdens associated with transporting construction supplies to remote locations, whilst rapid construction timelines enable infrastructure development within tactically acceptable timeframes. The system also supports terrain-specific designs and advanced camouflage needs, critical considerations for forward defensive positions.

Project PRABAL aims to Advances Defence Infrastructure Innovation

Indian Army deploys Concrete 3D printers to develop border infrastructure/Source:X/@trishakticorps

Project PRABAL represents a collaborative effort between military operational requirements and academic research expertise. The partnership with IIT Hyderabad has produced a system specifically engineered to address the unique challenges of forward-area construction in mountainous terrain. The vehicle-portable design ensures the system can be transported to locations where traditional construction equipment cannot operate effectively.

The robotic arm configuration enables precise material placement whilst the integrated circular mixer and piston pump ensure consistent concrete quality throughout the printing process. The self-contained generator provides independent power supply, critical for operations in areas with limited or unreliable electrical infrastructure. This comprehensive integration addresses the full spectrum of requirements for autonomous operation in forward locations.

The capability has now been effectively employed by Trishakti Corps, demonstrating successful transition from development to operational deployment. The system's proven performance in multiple operational areas validates the technology's reliability and effectiveness across varied terrain conditions and operational requirements.

Modernising Border Infrastructure Development

The continued adoption of on-site 3D printing represents a significant leap in the Army's engineering and operational readiness, enabling fast, sustainable, and mission-oriented infrastructure development in challenging environments. Traditional construction methods in mountainous border regions face substantial logistical challenges including material transportation, equipment deployment, and extended construction timelines that leave positions vulnerable during development.

The 3D printing approach transforms these operational constraints by enabling on-site construction using locally sourced materials, reducing dependence on extended supply chains whilst accelerating project completion. The technology's rapid deployment capability proves particularly valuable in forward areas where construction speed directly impacts operational security and readiness.

Defence infrastructure in regions like Sikkim presents unique challenges due to extreme terrain, limited accessibility, and harsh environmental conditions. The vehicle-portable nature of the 3D concrete printer addresses these constraints whilst maintaining construction quality and structural integrity. The system's optimisation for rapid movement ensures it can be repositioned as operational requirements evolve, providing flexibility in infrastructure development planning.

The ballistic trial validation demonstrates the technology's readiness for operational deployment, confirming that 3D-printed structures meet or exceed protective standards required for forward positions. This validation proves critical for widespread adoption, ensuring commanders can deploy the technology with confidence in its protective capabilities.

The integration of advanced camouflage capabilities within the design process enables structures to blend effectively with surrounding terrain, reducing visual signatures whilst maintaining functional requirements. This consideration proves particularly important in border regions where concealment contributes to defensive effectiveness.

Operational Readiness and Future Implications

The successful operationalisation of 3D concrete printing technology in Sikkim's forward areas establishes a foundation for expanded deployment across other challenging border regions. The technology's demonstrated effectiveness in one of India's most difficult operational environments validates its potential for broader application in defence infrastructure development.

The collaboration between the Indian Army and IIT Hyderabad under Project PRABAL demonstrates effective integration of academic research capabilities with operational military requirements. This partnership model enables rapid development and deployment of innovative technologies specifically tailored to defence needs whilst leveraging institutional expertise in robotics, materials science, and construction engineering.

The system's ability to support terrain-specific designs enables customisation for local conditions, ensuring structures optimally address site-specific challenges whilst maintaining standardised protective capabilities. This flexibility proves valuable across India's diverse border regions, each presenting unique environmental and operational considerations.",Manufactur3D,https://manufactur3dmag.com/indian-army-deploys-concrete-3d-printing/,"12/08/2025, 08:00 AM, +0000 UTC",Regional News & Incident Reports
INDIAN ARMY TRISHAKTI CORPS CONTINUES RELIEF OPERATIONS IN NORTH SIKKIM,"Ministry of Defence

INDIAN ARMY TRISHAKTI CORPS CONTINUES RELIEF OPERATIONS IN NORTH SIKKIM



The evacuation of more than 1200 tourists stranded in North Sikkim since 12/13 Jun commenced on 17 Jun. Troops of Trishakti Corps are assisting in a big way to speed up the relief operations conducted by civil administration. Due to the large number of landslides, the tourists are being moved on foot and by vehicle in the stretches wherever connectivity exists.

Working under challenging weather and terrain conditions, the signallers of Indian Army helped BSNL & Airtel restore mobile connectivity on 18 Jun 24. Since 12th Jun, Indian Army installed more than half a dozen telephone booths to facilitate locals and tourists to connect with their relatives.

Medical teams have set up medical aid booths & have been providing medical care to the needy residents & tourists. So far, more than 115 persons have been provided with medical attention including a lifesaving emergency distress call of one 24 years old at Lachung suffering from High Altitude Pulmonary Oedema & Acute Respiratory Distress Syndrome.

All the needy people have been provided with basic requirements of rations and other logistics support to sustain in this critical time.

The Indian Army engineers are providing assistance to BRO by providing manpower and stores to restore connectivity. Indian Army is steadfast in its commitment to ensure safe evacuation of all stranded tourists & local population.

********

Source: PRO Defence

ISA/SKM/TWB

(Release ID: 2026377)

Visitor Counter : 135",PIB,https://www.pib.gov.in/PressReleasePage.aspx?PRID=2026377,"06/18/2024, 07:00 AM, +0000 UTC",Regional News & Incident Reports
"Arunachal: RGU, Indian Army sign MoU for academic collaboration","Advt

Advt

Join the community of 2M+ industry professionals. Subscribe to Newsletter to get latest insights & analysis in your inbox. All about ETEducation industry right on your smartphone! Download the ETEducation App and get the Realtime updates and Save your favourite articles.

Itanagar: The Rajiv Gandhi University (RGU) and the Indian Army have signed a Memorandum of Understanding (MoU) to strengthen academia-military engagement and promote experiential learning, knowledge exchange and greater interaction between students and the armed forces, an RGU statement said.The MoU was signed between RGU and Headquarters 4 Corps ( Gajraj Corps ) at Tezpur in Assam. Similar agreements were simultaneously signed by Gauhati University and Tezpur University with the Gajraj Corps.The collaboration seeks to expose students to the strategic, socio-cultural and developmental dimensions of the Northeast while creating opportunities for academic interaction, research, field studies, internships and leadership development.RGU Vice-Chancellor Prof Shivaraj termed the agreement an important milestone in institutional collaboration.""Universities must provide students not only with academic knowledge but also with wider perspectives and meaningful real-world experiences,"" he said, adding that the partnership would help students understand their larger responsibilities in nation-building.Gajraj Corps General Officer Commanding Lt Gen Neeraj Shukla said greater interaction between the Army and academic institutions would help young people better understand the region and challenges related to its security and development.""The Armed Forces and academia have complementary roles in nation-building,"" he said.RGU registrar Dr N T Rikam said the agreement would also facilitate career grooming for the armed and paramilitary forces, character building and initiatives contributing to national security, social harmony and national integration.Following the signing ceremony, 30 students from the three universities, accompanied by teacher escorts, were flagged off on a four-day forward-area tour under the Gajraj Corps' ""Bharat Rannbhoomi Darshan"" initiative.The students will visit Missamari in Assam and Bum La and Tawang in Arunachal Pradesh, besides the Subedar Joginder Singh War Memorial and other places, to gain first-hand exposure to the operational environment and the lives of personnel serving in forward areas. PTI",ET Education,https://education.economictimes.indiatimes.com/news/partnerships-and-collaborations/arunachal-rgu-indian-army-sign-mou-for-academic-collaboration/134305640,"09/17/2026, 07:00 AM, +0000 UTC",Development & Infrastructure
"DC Pakyong Pari Bishnoi Pays Tribute to Fallen Soldiers, Reviews Sikkim Prerna Sthal Development with Indian Army","Pakyong, Sikkim: In a significant gesture of respect for India’s armed forces and a renewed commitment to preserving the legacy of the nation’s military heroes, District Collector of Pakyong, Mrs. Pari Bishnoi, visited the Sikkim Prerna Sthal (State Bravehearts Memorial) at Bardang. During her visit, she paid heartfelt tribute to the brave soldiers of the Indian Army who made the supreme sacrifice in the service of the nation.

The visit underscored the district administration’s commitment to strengthening the bond between civil authorities and the armed forces while ensuring that the stories of courage, sacrifice, and patriotism continue to inspire future generations.

At the memorial, Mrs. Bishnoi offered floral tributes and observed a solemn moment of remembrance in honour of the soldiers whose unwavering dedication and selfless service safeguarded the nation’s sovereignty. The Sikkim Prerna Sthal stands as a symbol of the state’s deep association with the Indian Armed Forces and commemorates the valour of military personnel who laid down their lives in the line of duty.

As part of the visit, the District Collector also held discussions with the Commanding Officer of the Army Unit at Bardang regarding the future development of the Sikkim Prerna Sthal under the Ranbhoomi Darshan initiative. The meeting focused on enhancing military-civil cooperation to further develop the memorial into a meaningful destination that honours India’s fallen heroes while educating visitors about their extraordinary sacrifices.

A key focus of the discussions was the improvement of the memorial’s infrastructure and visitor experience. Plans were reviewed to enhance public amenities, improve accessibility, and create better facilities for students, tourists, veterans, and citizens visiting the site. The objective is to transform the memorial into a centre of remembrance, education, and patriotic inspiration.

Both the district administration and the Indian Army also explored avenues for sustained collaboration in maintaining the memorial and organising awareness programmes, commemorative events, and educational activities that highlight Sikkim’s rich military heritage. Such initiatives are expected to encourage greater public engagement with the history of the Indian Armed Forces and foster a deeper appreciation for the sacrifices made by soldiers in defence of the nation.

Mrs. Bishnoi emphasised that preserving the legacy of India’s bravehearts is a collective responsibility and that memorials such as the Sikkim Prerna Sthal play a vital role in keeping their memories alive. She noted that these memorials are not merely monuments but enduring symbols of courage, duty, honour, and patriotism that inspire citizens to uphold the values for which the soldiers fought and sacrificed.

She further observed that exposing young people to such memorials helps cultivate a sense of national pride and responsibility while providing valuable insights into the dedication and resilience of India’s armed forces. By strengthening initiatives like Ranbhoomi Darshan, the administration aims to ensure that future generations remain connected with the stories of heroism that have shaped the nation’s history.

The visit reflects the growing emphasis on preserving military heritage through active cooperation between civil administration and the armed forces. As development plans for the Sikkim Prerna Sthal move forward, the memorial is expected to emerge as an important patriotic landmark, honouring the legacy of India’s fallen soldiers while serving as a place of reflection, learning, and inspiration for generations to come.",SSBCrack,https://www.ssbcrack.com/2026/07/dc-pakyong-pari-bishnoi-pays-tribute-to-fallen-soldiers-reviews-sikkim-prerna-sthal-development-with-indian-army.html,"07/19/2026, 07:00 AM, +0000 UTC",Development & Infrastructure
Army initiates Military-Civil Integration Exercise with Assam & Manipur,"Indian Army has initiated a landmark collaboration with state officials of Assam & Manipur to foster efficient cooperation, cohesion and mutual understanding. Exercise Samanvay Shakti 2025 was inaugurated today at Laipuli, in Tinsukia district of Assam. This Military-Civil Integration Exercise aims at fostering synergy between security forces, government departments and civil institutions to address the region’s complex challenges through a unified and coordinated approach.

The inaugural session witnessed participation from the Indian Army, Indian Air Force, District Administration, Police, Intelligence Agencies, NDRF, SDRF, Medical Officials, BRO & GREF, Railways, educational institutions and security officials from OIL India, IOCL and Coal India alongwith representatives of the local media.

A similar exercise is being undertaken in Manipur from 20-30 August, which included aspects of Disaster management, Healthcare, Education, Public Works Development, Forest Department initiatives, Narcotics, Irrigation, Road Safety, Employment opportunities in Armed forces, Sports, Coordination amongst the state police, Army and paramilitary forces along with the Infrastructure development through Operation Sadbhavna.",News On AIR,https://newsonair.gov.in/army-initiates-military-civil-integration-exercise-with-assam-manipur/,"05/28/2026, 05:30 PM, +0000 UTC",Development & Infrastructure
How China-India border tensions are rising again over encroachment claims,"India and China are tangled in yet another border dispute, angering locals in the eastern state of Arunachal Pradesh.

Share How China-India border tensions are rising again over encroachment claims on social media

New Delhi, India — China has denied the Indian army access to key patrolling points and encroached on land in the Indian border state of Arunachal Pradesh, according to a fact-finding team of regional politicians allied with Prime Minister Narendra Modi’s government.

The report has sparked political outrage in New Delhi, where the opposition has criticised Modi for silence over alleged Chinese encroachment on several border fronts in recent years.

The new revelations pertain to Upper Subansiri, a remote and rugged, mountainous district in the northeastern state of Arunachal Pradesh. The fact-finding report threatens to upend a thaw in ties between India and China, bitter rivals that fought a war in 1962, amid US President Donald Trump’s trade wars that have targeted both New Delhi and Beijing. It also comes weeks before Chinese President Xi Jinping is expected to visit India for the BRICS summit, which New Delhi is hosting on September 12-13.

India shares a 3,488-km border with China, which runs along New Delhi’s northern and eastern borders, in regions like Jammu and Kashmir, Ladakh, Sikkim and Arunachal Pradesh. Large parts of the border are disputed. India and China do not even agree on the demarcation line — the so-called Line of Actual Control — that is supposed to notionally distinguish between territory controlled by the two countries.

Here is everything we know about the alleged Chinese encroachment in northeastern India.

What did the fact-finding team find?

Following initial reports of alleged encroachment, the People’s Party of Arunachal Pradesh (PPA) sent a four-member fact-finding team to the remote location, the party’s Vice President Kaling Jerang told Al Jazeera.

Advertisement

The PPA is part of the North East Democratic Alliance, a Bharatiya Janata Party-led regional bloc. Arunachal Pradesh is also ruled by the BJP.

After the visit, the team noted that Indian armed forces are unable to patrol in the Taksing area of the state from April to October due to inclement weather — devastating flash floods, pre-monsoon and monsoon downpours and resulting landslides. On the other hand, the report said, Chinese forces “continue to remain active throughout” this period in the border region, in effect raising questions about the preparedness of infrastructure on the Indian side for the military to be able to defend against potential aggression.

Jerang’s report also claimed that residents told the team that Indian forces had abandoned Shera 5, a border patrolling point, after a confrontation with China’s People’s Liberation Army (PLA) in 2023.

Jerang also told Al Jazeera that locals were furious over losing ancestral hunting grounds. “The ground reports of these intrusions are irrefutable,” he said.

“These encroachments are not new or sudden, but expanded over the years gradually,” he said, “while the BJP governments in New Delhi and in the state have turned their back on the people at the border”.

Last month, the Nah Welfare Society (NWS), a local tribal body, also wrote to government officials that Chinese encroachment has “increased manifold with an intention to occupy as much land as possible”.

How have China and India responded?

The Indian army said that media reports on the alleged encroachment by Chinese forces “are incorrect and without any basis”.

But India’s Foreign Ministry has been less categorical in dismissing the reports.

Randhir Jaiswal, the Indian Foreign Ministry spokesperson, told reporters that New Delhi has “always emphasised in discussions with the Chinese side that we consider [border] issues as most serious and that the maintenance of peace and tranquillity in these areas is of the utmost importance”.

“We have also stated that the state of border affairs will reflect on the state of our larger bilateral ties,” he added.

Like New Delhi, Beijing also has responded with caution, appearing to neither confirm nor deny fresh border tensions.

“The China-India border situation is generally stable at the moment,” said Guo Jiakun, a Foreign Ministry spokesperson in Beijing, adding that both countries held their 36th meeting on China-India Border Affairs last week.

Advertisement

“The two sides agreed to maintain communication via diplomatic and military channels and jointly uphold peace and tranquility in the border areas,” Guo added.

Do India and China have a border dispute?

Yes, and it’s at the heart of their larger differences.

And like most border disputes involving South Asia, the British played a historical role.

In 1914, British India and Tibet, not under Chinese control at the time, signed what’s known as the Simla Convention, demarcating their border as the so-called McMahon Line. Henry McMahon was the foreign secretary of British India at the time and the central negotiator of that pact.

Since gaining independence in 1947, India has treated the McMahon Line as its border with China. But China, which came under communist rule in 1949, rejects the line as the boundary with India, arguing that it wasn’t involved in the Simla Convention negotiations.

Beijing claims the entire state of Arunachal Pradesh and refers to it as “South Tibet” or “Zangnan”. China also controls Aksai Chin, a slice of the disputed Kashmir region that India and Pakistan claim in full.

In 1962, India and China agreed to treat the Line of Actual Control (LAC), meant to acknowledge the actual areas they each control, as their de facto boundary while negotiating their broader border differences.

But they haven’t even been able to agree on the same LAC, said BR Deepak, a professor of Chinese studies at the Jawaharlal Nehru University (JNU) in Delhi.

Their claims of where the LAC lies differ in several areas, allowing patrols by both sides to enter areas that are claimed by the other, he added.

Along the western sector of the LAC, in mountainous Ladakh, both New Delhi and Beijing have been engaged in face-offs and tensions at multiple points in recent years. In June 2020, Indian and Chinese troops engaged in hand-to-hand combat, leading to the deaths of at least 20 Indians and four Chinese soldiers.

Tensions persist over the eastern sector of the border as well, which includes the states of Sikkim and Arunachal Pradesh from India’s side. In Sikkim’s Naku La, Indian and Chinese troops clashed in May 2020, then again in January 2021.

In the middle sector of the LAC, China and India have smaller disputes in Uttarakhand’s Barahoti and Himachal Pradesh’s Shipki La regions.

And in Doklam, a plateau at the trijunction of China, India and Bhutan, Beijing moved heavy road-building equipment to extend a military road southward, leading to a 73-day tense military standoff with Indian forces in 2017.

“These issues snowballing is always a possibility. A small untoward incident can lead up to massive escalation, as it has happened earlier at times, for example in Galwan,” said JNU’s Deepak, referring to the clash in Ladakh in June 2020.

Advertisement

Praveen Donthi, a senior analyst at the Brussels-based International Crisis Group, said that even though Trump’s tariffs have forced India and China to try to revive their bilateral ties, they are still engaged in “cautious re-engagement”, recovering from their border tensions in recent years.

“China uses the border dispute as a pressure point and to send mixed signals, as it has in the past, leaving India guessing whether local commanders are acting on their own or under direction from the [military] leadership,” Donthi told Al Jazeera.

How are India-China trade ties?

Even though border relations remain tense, bilateral trade has ballooned over the last decade.

According to the Indian Embassy in Beijing, the bilateral goods trade reached $151.1bn in the 2025-26 financial year. That’s more than double the $71.45bn of trade between the neighbours in 2016-17.

Those numbers are driven overwhelmingly by Indian imports from China, which rose from $61.28bn in 2016-17 to $131.63bn in 2025-26, while Indian exports only increased from $10.17bn to $19.47bn in this period.

In fact, the Trump administration in Washington recently identified India as the tier-1 country that it alleges is part of a “shadow transhipment network” designed to help China circumvent American sanctions and tariffs.

Saheli Chattaraj, an assistant professor at Somaiya Vidyavihar University, in Mumbai, who specialises in relations with China, said that this dichotomy of better diplomatic and trade relations in the face of border disputes is central to the bilateral relationship.

“Economic and diplomatic engagement can improve without resolving the underlying strategic dispute. The border is not simply a bilateral irritant,” she told Al Jazeera. “India-China relations are best characterised as managed competition rather than genuine normalisation.”

“China’s behaviour can be understood as an attempt to preserve an asymmetry of power along the disputed frontier and to remind India that improved bilateral relations do not alter the underlying strategic balance,” she noted.

Donthi agreed.

In the larger geopolitical equation, “India and China are destined to be competitors”, he said. “The unresolved boundary dispute will continue to haunt relations until it is settled.”",Al Jazeera,https://www.aljazeera.com/news/2026/8/17/is-china-encroaching-upon-indian-territory-in-arunachal-pradesh-2,"08/17/2026, 07:00 AM, +0000 UTC",Development & Infrastructure
Satellite images show China advancing into contested India border territory as Xi travels to New Delhi,"Become an Independent member to bookmark this article Want to bookmark your favourite articles and stories to read or reference later? Start your Independent Membership today. Already a member? Log in

On The Ground newsletter: Get a weekly dispatch from our international correspondents Get a weekly dispatch from our international correspondents Get a weekly international news dispatch Email * SIGN UP I would like to be emailed about offers, events and updates from The Independent. Read our Privacy notice

Panic has gripped the remote frontier villages of India’s border with China, where tribal communities say they are being pushed back from their ancestral yak-grazing and hunting landsdue to a rapidly growing threat – the advancing Chinese Army.

Satellite images accessed by The Independent show a rapid expansion of infrastructure at multiple sites along and near the disputed India-China frontier in Arunachal Pradesh, including new buildings, roads, as well as helipads.

The imagery offers a rare visual record of the changing landscape along one of the most inaccessible sections of the frontier in the Himalayas, where competing territorial claims and the difficulty of maintaining a permanent Indian presence have left communities living close to the border increasingly anxious.

Takok Mra spoke to The Independent on the phone from his remote village around 20km from the border in India’s Arunachal Pradesh, which China claims in its entirety and calls Zangnan or Southern Tibet. He said he was willing to fight the Chinese army – if it comes to that.

""The Chinese are currently encroaching on our ancestral land. We eat, survive and run our livelihoods from here, and it is our land. They have already entered very far inside Indian territory,"" Mra says. ""I cannot say exactly how many kilometres they have taken, but they have taken a lot.”

With China’s Xi Jinping travelling to India to meet with his counterpart Narendra Modi this weekend, part of the largest Chinese delegation to travel to India in years, both countries’ governments have sought to play down any tensions at the border, denying there is an active standoff akin to the skirmishes that cost at least 20 Indian soldiers’ lives back in 2020.

But the satellite images and testimony from border villages paint a different picture, one of sustained Chinese advances and infrastructure development in contested territory that remains part of talks between the two countries’ diplomatic and military officials.

In the satellite images provided by Vantor, analysts note recent construction and infrastructure changes at multiple sites in the Upper Subansiri Valley, where Mra’s village of Gelemo is located.

Two sites near Zhari town in the north of Lhunze County in Tibet, on the Chinese-held side of the frontier, show the clearest activity, according to Janes, a global open-source intelligence company.

“The satellite imagery confirms there is recent construction in the areas of interest,” say analysts at Janes, adding that when the satellite imagery is overlaid with both India's and China's competing interpretations of the border, the imagery shows that some of this infrastructure sits within territory claimed by both countries, placing it squarely inside the disputed zone.

open image in gallery Satellite image shows Zhari town and a large village to its north in Lhunze County, Tibet, on 22 October 2022 ( Satellite image ©2026 Vantor )

open image in gallery Satellite image shows Zhari town and a large village to its north in Lhunze County, Tibet, on 4 March 2026. The images show the expansion of Zhari town and surrounding infrastructure, with new buildings, roads and cleared areas visible across the valley ( Satellite image ©2026 Vantor )

At one location south of the town, construction that began in early 2019 – with the first visible structures appearing by August that year – is still ongoing. The site shows flattened land, construction while engineering vehicles are present, and a cement plant being installed. The possibility of it being for military use cannot be ruled out, analysts told The Independent.

A separate construction site inside the town itself has, in the analysts' assessment, ""roughly an even chance"" of being a military facility.

Nearby, a stretch of road has been widened and its grade reduced – improvements that make it easier to move heavy equipment and are often a precursor to paving the road for year-round use.

open image in gallery Satellite imagery shows a small village in southern Zhari town, Lhunze, Tibet, on 22 October 2022 ( Satellite image ©2026 Vantor )

open image in gallery Satellite imagery shows a small village in southern Zhari town, Lhunze, Tibet, on 4 March 2026 ( Satellite image ©2026 Vantor )

South of Luhnze, the imagery shows a new helipad built to replace two smaller ones, along with another new helipad further south.

The latest Vantor image from August 2026 shows at least one structure now has a roof, indicating construction is still underway. Analysts assess the site is likely military in nature, citing the layout, the presence of vehicles matching military patterns, and an adjoining training area. A new road connecting to the town was also built between February and May 2026.

open image in gallery A comparison of satellite imagery shows changes and new development in Raorang in Tibet between 2 November 2022 and January 2026. Pictures show some construction at several further sites with possible military characteristics, including one additional training area ( Satellite image ©2026 Vantor )

A road near the town was also constructed between February and May 2026.

The allegations surface at a delicate moment in Sino-India relations. Xi’s visit to Delhi for the Brics summit is his first trip to India since the 2020 border skirmish in the Galwan Valley that saw relations between the two nuclear-powered nations plummet to their worst level in decades. Xi is expected to travel with a delegation of around 400 officials.

Amid growing clamour among locals over Chinese activity, two independent fact-finding groups travelled to Gelemo and Taksing – remote, high-altitude villages roughly 15-20km from the Sino-India border in the eastern Himalayas – to assess the situation on the ground.

Tadak Pakba, president of the All Tagin Students' Union (ATSU), led a group of eight people to Gelemo and Taksing, gathering reports directly from local residents, tribal communities and military porters. ATSU represents the Tagin Indigenous community of Arunachal Pradesh.

open image in gallery Chinese vehicles carring traders enter Indian territory after crossing the China-India border at the 15 000-feet (4545-metre) Nathu La Pass, in India's northeastern state of Sikkim on May 19 ,2008 ( AFP/Getty )

Pakba says the way the alleged Chinese incursion is happening there now “has not been seen before”.

“There is not only panic in border villages, but this is the fact of reality on the ground. The Indian Army is going back and the Chinese army is coming forward,” he says.

Between 11 and 13 August, local leader Pakba and his team conducted a three-day field investigation and reported Chinese encroachment at several positions normally patrolled by the Indian Army.

These include remote hunting and yak-grazing grounds that for years have been accessible to Indian villagers. ""Villagers are currently forbidden from accessing these areas... this has caused panic among locals, leading some to move away from the border areas,"" Pakba says.

“This is all very recent – happening since June this year,” he adds.

open image in gallery An overview of Gelemo, a remote border village located in the Upper Subansiri district of Arunachal Pradesh, India ( Supplied )

The fact-finding report, submitted to the deputy commissioner of Upper Subansiri and the chief minister's office and seen by The Independent, demands ""immediate intervention"" into ""reported presence and activities of the Chinese People's Liberation Army (PLA)"" in the Taksing-Gelemo frontier region.

It should be treated as a matter of ""grave strategic and national importance,"" not an ""ordinary developmental issue"", the report says.

The issue was first raised by the Nah Welfare Society (NWS), a local tribal body representing the Nah Indigenous community that migrated from Tibet and settled in Upper Subansiri district generations ago.

It submitted a memorandum to the deputy commissioner of Upper Subansiri, claiming that the PLA has established roads, bridges and military camps in several locations traditionally used by local communities for grazing, hunting and the collection of forest produce.

""The intention and speed of the present activities of the Chinese PLA at Taksing are very alarming. We are losing our land inch by inch day by day,"" it added.

For Mra, the alleged loss of access to traditional land along India's frontier with China is not an abstract territorial dispute – it is a personal loss. His family has held this ancestral land since the 1962 India-China war.

open image in gallery Takok Mra, a resident of Gelemo in Arunachal Pradesh, where concerns of Chinese incursion have been emerging ( Supplied )

""I am a true patriot. Give us weapons to save our country and our land,"" says the 38-year-old.

Tribal communities who hunt and graze in the Himalayan forests are more than just passive bystanders in the border conflict, and will pass information to the Indian Army about troop movements in the disputed regions. Mra says that as early as June, they informed the army about the presence of Chinese troops – after which the army became more active in the area.

Expressing frustration over the lack of basic amenities such as electricity, roads, healthcare and schools in his village, Mra contrasts this with the aggressive Chinese infrastructure development near the border.

""When we reach our village Gelemo, we feel completely cut off from the world. Due to lack of basic facilities, our local people move to the district to earn a living, and that is why the border is slowly becoming empty,"" he says, suggesting that this movement of people from remote areas is in part allowing the Chinese army to advance.

A second fact-finding mission was led by the People's Party of Arunachal Pradesh (PPA) – part of a regional bloc allied with India's ruling Bharatiya Janata Party (BJP) – which sent a four-member team to the border areas.

Kapa Bengia, chief advisor to PPA and a former minister in the state, was part of the group which visited Taksing, Galemo, and Maza, one of the villages closest to the border.

Bengia says: “They (Chinese Army) are already advancing, and our patrolling group is not allowed to move towards our own land.”

The Nanga Pahar, a strategic border area in the remote Taksing circle used by the Nah and other tribal communities, have been declared a strictly prohibited zone for local residents, the report said.

The Indian Army has broadly dismissed reports of a Chinese incursion into disputed territory as ""incorrect and without any basis.""

However, India's foreign ministry was less direct in its response, describing border issues as a ""more serious"" part of maintaining peaceful relations between the two countries.

Indian government spokesperson Randhir Jaiswal said: “We have also stated that the state of border affairs will reflect on the state of our larger bilateral ties.”

China also issued a statement, though it neither confirmed nor denied fresh border tensions.

""The China-India border situation is generally stable at the moment,"" said Guo Jiakun, a foreign ministry spokesperson in Beijing.

The closest the Indian side has come to confirming any concerns came in Arunachal Pradesh chief minister Pema Kandhu's account of a meeting with defence minister Rajnath Singh. Singh, he said, was ""very concerned and proactive about this issue"" and will ""certainly provide the necessary infrastructural support"" in the coming days.

open image in gallery A 2023 shows a Buddhist temple on the outskirts of Dirang in India's Arunachal Pradesh state ( AFP/Getty )

Ajay Murtem, a local public leader in Arunachal Pradesh and a native of Upper Subansiri district, says: ""New battle lines between China and India will be drawn in Upper Subansiri district if the Indian government does not stop China's expansion into Taksing, Maja, Gelemo and the Shreechu valley.""

Murtem says the Tagin tribe – one of Arunachal Pradesh's major Indigenous communities – and its subclan Nah community hold ceremonial rituals at Potrang Lake, just an hour from Taksing. In recent days, however, tribal people have been stopped by the Chinese army from visiting the traditionally sacred Buddhist worship site.

“We are all patriots. The people living along the international frontier are not merely inhabitants of remote villages. They are also the eyes and ears of the nation along the border.”

What is happening in Arunachal Pradesh is part of China's ""salami slicing"" strategy, says Srikanth Kondapalli, a professor of China studies at Jawaharlal Nehru University, Delhi, referring to a process in which small, incremental moves are made and consolidated over time rather than through one major incursion.

""First, the Chinese release some yaks and wait for the Indian army's response. If it's absent for months, they install a small shed, then convert it into a permanent structure – and when they face no resistance, they build a small army company,"" he explains, calling it a ""grey zone"" where the McMahon Line – the de facto boundary between India's Arunachal Pradesh state and Tibet – is not legally defined.

open image in gallery File: Chinese President Xi Jinping and India Prime Minister Narendra Modi meet on the sidelines of the BRICS summit in Kazan, Russia October 23, 2024 ( Reuters )

The Indian government has made some efforts to launch its own version of Beijing’s frontier villages, which China has succeeded in populating and refers to has Xiaokang or “well-off societies”, thereby bolstering its territorial claims.

India’s version – the Vibrant Village Programme – “has not been successful”, says Kondapalli, because “it needs a lot of ecosystem [building]”. “While China has constructed roughly 100 model villages in Longju, and from there they began expanding into Indian-claimed areas in Arunachal.”

India's inability to regularly reach the de facto border or “line of actual control”, he says, gives China an opening to pursue its salami-slicing strategy.

open image in gallery India and China border in Sikkim ( AFP/Getty )

""Until you prepare your infrastructure and consolidate your position on the line of actual control, there is simply no way that you can have any leverage. The Chinese can come up to the line of actual control within 24 hours. They began road construction in the 1980s. We just woke up.""

The border issue is a major talking point in India, and domestic audiences will be watching closely for any developments during the summit this weekend. But with any direct press interactions by Xi and Modi highly unlikely, Kondapalli says there is a relatively low chance of the matter being raised by either side. With China due to take over as Brics host next year, both countries are heavily invested in presenting this year’s talks as a success.",The Independent,https://www.independent.co.uk/asia/india/india-china-border-clash-arunachal-taksing-gelemo-b3045737.html,"09/12/2026, 07:00 AM, +0000 UTC",Development & Infrastructure
Incorrect And Baseless: Indian Army Refutes Reports of Chinese Encroachment in Arunachal Pradesh,"ETV Bharat / bharat

Incorrect And Baseless: Indian Army Refutes Reports of Chinese Encroachment in Arunachal Pradesh

Army personnel under the aegis of Gajraj Corps, in collaboration with the civil administration, carry a 100-meter-long National Flag during a patriotic ‘Tiranga March’ at 14,000 feet in the forward areas of Chuna, in Tawang district of Arunachal Pradesh, ( File/IANS )

New Delhi: Describing the reports as “incorrect and without any basis,” the Indian Army on Monday denied media reports claiming that the Chinese People’s Liberation Army (PLA) had recently set up camps or encroached into Arunachal Pradesh.

“We have seen some media reports alleging recent encroachment by the Chinese PLA and the setting up of camps in Arunachal Pradesh. These reports are incorrect and without any basis,” the Army said in a rebuttal issued late on Monday night. The Army was referring to a memorandum by Nah Welfare Society (NWS), a community organisation from Taksing, submitted to the Upper Subansiri district Deputy Commissioner, alleging that the PLA had gradually expanded its infrastructure inside Indian territory near the Taksing circle. Copy of the memorandum (ETV Bharat/Arrangement) The local organisation in the memorandum had alleged that Chinese forces had established roads, bridges, and military camps in several locations traditionally used by local communities for cattle grazing, hunting, and the collection of forest produce. They alleged Chinese activities had intensified over the past 10 to 15 years, with a noticeable increase after 2020. The Army refuted the claims as ""incorrect and without basis"".",ETV Bharat,https://www.etvbharat.com/en/bharat/incorrect-and-baseless-indian-army-refutes-reports-of-chinese-encroachment-in-arunachal-pradesh-enn26063001573,"06/30/2026, 07:00 AM, +0000 UTC",Development & Infrastructure
"Indian Army Distributes Computers and Cultural Costumes to Schools, NGOs in Tawang","TAWANG: Reinforcing its long-standing commitment to the welfare and development of border communities, the Indian Army on Saturday distributed computer sets and traditional dance costumes to various schools and non-governmental organisations (NGOs) in Tawang district under Operation Sadbhavana.

The distribution programme was held at the Major Bob Khathing Memorial Museum and was led by the General Officer Commanding (GOC), 5 Mountain Division, Major General Amit Nautiyal.

Deputy Commissioner of Tawang, Namgyal Angmo, attended the event as the Guest of Honour. The programme was also attended by Commander, Tawang Brigade, Brigadier Bhupal Singh, SM; Additional Deputy Commissioner Rinchin Leta; Divisional Forest Officer Piyush Gaikwad, IFS; senior officers from the Indian Army and the civil administration, Gaon Burahs, monks from Tawang Monastery, NCC cadets, and other dignitaries.

Also Read- Explained: How Arunachal’s new Honey Policy aims to transform beekeeping

Addressing the gathering, Major General Nautiyal said the Indian Army’s responsibility in border areas extends beyond safeguarding the nation’s frontiers. He stated that the Army remains committed to supporting the socio-economic development of local communities through initiatives focused on education, cultural preservation, and community welfare.

During the visit, the GOC was briefed on various development projects currently being implemented across Tawang district under Operation Sadbhavana. He also interacted with NCC cadets, monks, and Gaon Burahs, acknowledging their contribution to nation-building and appreciating the close cooperation between the Armed Forces and the local community.

Also Read- Cabinet clears 36 ASI posts to strengthen Arunachal Armed Police Battalions

According to officials, the computer sets will help improve digital learning infrastructure in educational institutions, enabling students to access technology-based learning resources. The traditional dance costumes will assist schools and cultural organisations in preserving and promoting the rich cultural heritage of the Monpa community.

Operation Sadbhavana, a flagship civic outreach initiative of the Indian Army, has been instrumental in implementing development projects across remote border regions, with a focus on education, healthcare, infrastructure, and community engagement. The latest initiative in Tawang reflects the Army’s continued efforts to foster inclusive development while strengthening trust and cooperation with local communities.",Arunachal24,https://arunachal24.in/indian-army-distributes-computers-and-cultural-costumes-to-schools-ngos-in-tawang/,"07/18/2026, 07:00 AM, +0000 UTC",Development & Infrastructure
Indian Army Chief Reviews Manipur Security Framework and Regional Nation Building Efforts During Imphal Visit,"Army Chief General Dhiraj Seth on Tuesday reviewed the prevailing security situation in Manipur and the extensive nation-building initiatives being undertaken by the Army formations and the Assam Rifles to promote peace, stability and development across the state and the wider Northeastern region.General Seth, who is on an official visit to the Spear Corps, also attended the inaugural ceremony of the Imphal leg of the 135th Durand Cup at the Khuman Lampak Main Stadium in Imphal. Manipur Governor Ajay Kumar Bhalla, Chief Minister Yumnam Khemchand Singh and other senior civil and military dignitaries were present on the occasion.During his visit, the Army Chief interacted with senior Assam Rifles officers under the Inspector General Assam Rifles (South) and Inspector General Assam Rifles (East), and reviewed the operational preparedness of the security formations deployed in the state.The Army's Additional Directorate General of Public Information (ADGPI) said in a post on X: “General Dhiraj Seth, COAS, during his ongoing visit to Spear Corps, was briefed on the prevailing security situation in Manipur.” “The COAS was also briefed on the operational preparedness of Inspector General Assam Rifles (South), Inspector General Assam Rifles (East) and the Red Shield Division.”“He also reviewed the extensive nation-building initiatives being undertaken by the formations and the Director General Assam Rifles to promote peace, stability and development across the region,” the post added.According to the ADGPI, the Chief of the Army Staff also interacted with troops and exhorted them to remain vigilant, operationally agile and future-ready to effectively address evolving security challenges while continuing to contribute towards lasting peace and stability in the region.Meanwhile, an official at the Raj Bhavan said the inaugural ceremony of the Imphal leg of the 135th Durand Cup 2026 at the Khuman Lampak Main Stadium showcased India's rich cultural and martial heritage through a colourful array of performances. The event featured Military Band Fusion, Mallakhamb, Kalaripayattu, Chenda Melam, Manipuri folk dances, the traditional martial art Thang-Ta, tribal dances and several other cultural presentations, creating a vibrant and festive atmosphere for the prestigious football tournament.Established in 1888, the Durand Cup is Asia's oldest football tournament and remains one of India's most prestigious sporting events, symbolising sporting excellence, military tradition and national pride. The opening match of the Imphal leg of the tournament was played between TRAU FC and NEROCA FC.",Defence.in,https://defence.in/threads/indian-army-chief-reviews-manipur-security-framework-and-regional-nation-building-efforts-during-imphal-visit.18378/,"07/29/2026, 07:00 AM, +0000 UTC",Development & Infrastructure
"Bharti Airtel Deploys 2,582 Towers in Arunachal Pradesh for Strategic Indian Army Connectivity","Market snapshot: Bharti Airtel has significantly expanded its digital infrastructure in the strategically sensitive West Kameng district and surrounding border areas of Arunachal Pradesh. This initiative, formalized through a Memorandum of Understanding (MoU) with the Indian Army’s Dao Division, aims to bridge a decade-long connectivity gap for both defense personnel and local frontier communities.

Data Snapshot

Total Towers: 2,582 sites active in Arunachal Pradesh as of Q1 2026

Network Type: Strategic 4G and 5G ready infrastructure

Market Position: 2nd largest global operator with 65 crore users

ARPU Trajectory: Improved to ₹257 in Q4 FY26

What's Changed

MoU with Indian Army marks a shift from purely commercial expansion to high-redundancy military-civil integration.

Tower count in Arunachal has grown from 1,191 in 2021 to 2,582 by early 2026, a 116% increase.

Move ensures dedicated bandwidth for logistical coordination near the LAC while enabling digital education and healthcare for 336+ border villages.

Key Takeaways

Strategic Infrastructure: Airtel is solidifying its 'moat' in high-barrier geographies like the North East.

Government Synergy: Successful execution under the Digital Bharat Nidhi (formerly USOF) highlights deep regulatory alignment.

Operational Resilience: Deployment in high-altitude terrain demonstrates superior technical execution capabilities.

SAHI Perspective

Airtel's push into 'first villages'—as the government now labels border settlements—is a calculated move to secure long-term infrastructure dominance in regions where competition is logistically constrained. While initial capital expenditure (CAPEX) for high-altitude sites is significant, these assets are often government-subsidized through the Digital Bharat Nidhi, making them high-return assets over a 15-year lifecycle. This strategic positioning also provides Airtel with a first-mover advantage in premiumizing the North East circle, which has seen rising data consumption as 4G reaches the last mile.

Market Implications

The expansion reinforces Airtel’s profile as a critical infrastructure partner for the Indian state, potentially leading to more specialized defense and government contracts. Sectorally, it underscores the ongoing shift from subscriber acquisition to network depth and reliability. For investors, this adds to the narrative of 'quality growth'—where network moats lead to higher sticky-user retention and long-term ARPU stability.

Trading Signals

Market Bias: Bullish

Bharti Airtel remains a top sector pick with ARPU reaching ₹257 and a clear path toward the ₹300 target, supported by robust infrastructure moats in strategic circles.

Overweight: Telecom, Digital Infrastructure, Defense Logistics

Underweight: Low-yield wireless providers

Trigger Factors:

Further tariff resets in late 2026

Successful monetisation of 5G sites

Stake increase in Airtel Africa

Time Horizon: Medium-term (3-12 months)

Industry Context

The Indian telecom sector has entered a multi-year recovery phase characterized by 10-12% revenue growth and rising ARPU despite the absence of aggressive tariff hikes. Industry consolidation is complete, leaving a duopoly-led market focused on premiumization. Strategic border connectivity is a priority under the 'Vibrant Villages' program, which has an outlay of over ₹73,000 crore for digital infrastructure in the 2026 budget.

Key Risks to Watch

Logistical disruptions due to extreme weather or geopolitical tensions in border districts.

Higher maintenance costs for remote, high-altitude tower sites.

Potential regulatory shifts in spectrum allocation for satellite-based connectivity.

Recent Developments

In May 2026, Bharti Airtel reported a 10.5% QoQ rise in net profit to ₹7,325 crore and announced a final dividend of ₹24. In June 2026, the company received 99.99% shareholder approval to increase its stake in Airtel Africa to 79% via a share-swap transaction.

Closing Insight

Airtel is successfully blending nation-building objectives with commercial strategy. By securing the 'digital heights' of Arunachal Pradesh, the company isn't just serving the Army; it is cementing its status as India's most resilient network provider, which remains the primary driver for its valuation premium.

FAQs

What is the strategic significance of Airtel’s Arunachal expansion?

It provides the Indian Army with high-redundancy 4G connectivity for logistical and operational coordination along the LAC. Simultaneously, it connects over 336 villages, fulfilling government mandates for digital inclusion in frontier regions.

How does this impact Bharti Airtel's financial metrics?

While tower maintenance in remote areas is expensive, many of these sites are supported by the Digital Bharat Nidhi (USOF), reducing the long-term CAPEX burden. These projects contribute to steady revenue growth in the North East circle.

Will this project improve 5G availability for retail users in Arunachal?

Yes, the new infrastructure is designed to be 5G-ready. Retail users in West Kameng and surrounding districts will see a significant reduction in call drops and an increase in data speeds as these 2,582 sites are fully integrated.

High Performance Trading with SAHI.",Sahi,https://www.sahi.com/news/bharti-airtel-deploys-2-582-towers-in-arunachal-pradesh-for-strategic-indian-army-connectivity-3074-PE1_COR,"06/17/2026, 07:00 AM, +0000 UTC",Development & Infrastructure
India Upgrades Military Infrastructure in the Northeast on War Footing,"External threats have prompted India’s enhanced military presence and upgradation of infrastructure along the Siliguri Corridor and in the Northeast.

The Indian government has gone into overdrive to fortify the Siliguri Corridor (aka the Chicken’s Neck) and the contiguous northeastern region that borders four countries.

The Siliguri Corridor is a 22-km-wide sliver of territory in West Bengal, connecting the northeastern states of Assam, Arunachal Pradesh, Manipur, Meghalaya, Nagaland, Mizoram, Tripura and Sikkim to the rest of India. The narrow strip has Nepal and Bhutan to its north, Bangladesh to its south and also lies in close proximity to China.

All land trade between the northeastern states and the rest of India passes through the Chicken’s Neck, and any blockade of this narrow corridor will sever India’s restive and economically underdeveloped Northeast from the rest of the country.

This also explains why the Indian government has been seriously exploring options to provide an alternate outlet for the landlocked region through Bangladesh and Myanmar.

China has claimed 90,000 square km of land in India’s Northeast. In 1962, Chinese troops invaded Arunachal Pradesh in a brief month-long war. In 1986, the two countries again clashed at the Somdorong Chu valley in Arunachal, which dragged on for several months.

The Indian government’s recent decision to strengthen its defenses at the Siliguri Corridor appears to have been prompted by a series of developments in China and Bangladesh in recent years. One was the India-China military standoff at Doklam in the summer of 2017, when Indian and Chinese troops were engaged in a two-month stand-off following an increased Chinese military presence in Doklam or Donglang. China had erected helipads and trenches in the region, which lies in the trijunction between India, Bhutan and China.

Then the pro-India Awami League government in Bangladesh was ousted in August 2024 and was replaced by an interim administration under Muhammad Yunus, whose foreign policy tilted toward China and Pakistan. In addition to overtures to draw Chinese investments into Bangladesh, the Yunus administration was reported to be renovating an old airfield at Lalmonirhat in the country near India’s Chicken’s Neck. It raised India’s concerns about the security of the strategically vital corridor.

These developments prompted New Delhi to approve projects to secure the Siliguri Corridor.

Topping the list in terms of strategic importance among the recently approved projects is the country’s first underwater twin-tube road-cum-rail tunnel project that will be built under the Brahmaputra river in Assam. The 33.7-km-long, four-lane, access-controlled project will include a 15.79-km twin-tube tunnel under the Brahmaputra and will connect Gohpur on the river’s north bank with Numaligarh on the south bank.

The project is expected to augment the efficiency of freight movement, reduce logistics costs, and fuel socio-economic growth in the region. It will play a key role in strategic considerations, strengthen connectivity between major economic centers and open new avenues for trade and industrial development.

Another similar venture is the Indian Railways’ plan to construct a new underground railway line through Chicken’s Neck, which Minister for Railways, Information & Broadcasting, Electronics & Information Technology, Ashwini Vaishnaw, said would ensure “secure, reliable and uninterrupted” rail connectivity in the strategically sensitive corridor.

The 35.76-km-long underground railway line will run between Dumdangi and Bagdogra in West Bengal. The government expects the route to provide continuous movement of military personnel, logistics and emergency relief materials during emergencies. The project is close to the Bagdogra Air Force Station and the Bengdubi Army Cantonment in the region.

In February, Prime Minister Narendra Modi inaugurated the Emergency Landing Facility at Dibrugarh in eastern Assam. The 4.2-km stretch of highway has been upgraded to serve as an emergency landing strip for the armed forces during emergency situations.

The Emergency Landing Facility is the first of its kind in the northeastern region of the country. It has been designed to handle fighter aircraft of up to 40 tons and transport aircraft of up to 74 tons take-off weight. It is envisioned to act as an alternative landing option if Dibrugarh airport or the Chabua Air Force Station becomes inaccessible due to operational constraints or emergencies.

At the newly established Lachit Borphukan Military Station near the India-Bangladesh border at Dhubri in Assam, rapid deployment forces, intelligence units, and special forces have been stationed to enhance the security of the corridor. A decision has also been taken to set up a military base in Mizoram near the border with Bangladesh’s restive Chittagong Hill Tracts.

In Arunachal Pradesh, the Indian army has come up with an indigenous mono rail system at 16,000 feet, considered a breakthrough in high-altitude logistics, according to a spokesperson of the defense ministry. The system, which can transport over 300 kilograms of load in a single run, will provide an uninterrupted supply to forward posts that often remain cut off by hostile terrain and unpredictable weather.

India’s increased military presence and upgradation of infrastructure along the narrow Siliguri Corridor and the northeastern region are viewed as a strategic response to external threats. Certain unresolved issues with both China and Bangladesh over the years, coupled with recent developments, seem to have compelled New Delhi to redraw defense plans for the region, considered among the most underdeveloped in the country.",The Diplomat – Asia-Pacific Current Affairs Magazine,https://thediplomat.com/2026/04/india-upgrades-military-infrastructure-in-the-northeast-on-war-footing/,"04/09/2026, 07:00 AM, +0000 UTC",Development & Infrastructure
Indian Army revamps hostel for students from remote villages in North Sikkim,"According to the Army, the upgraded hostel now offers a cleaner, safer and more conducive environment for students (Image via Indian Army)

The Indian Army has upgraded the hostel of a primary school in North Sikkim under its flagship operation Sadhavana, transforming the facility into a safer and more student-friendly residential campus.

The Netaji Subhas Chandra hostel at Taryang Primary School in Lower Dzongu, which accommodates around 35 students from remote Lepcha villages, had long struggled with inadequate facilities due to the region’s rugged terrain, harsh weather and limited connectivity. Established in 1976, Taryang Primary School serves children from some of the most isolated settlements in North Sikkim.

An official statement said that the Army’s intervention included the construction and improvement of sanitation facilities, a hygienic kitchen and dining area, proper electrification, modern furniture, digital learning aids, sports and recreational infrastructure, and safety chain fencing along the school boundary.",The Indian Express,https://indianexpress.com/article/education/indian-army-revamps-hostel-students-from-remote-villages-north-sikkim-10750198/,"06/21/2026, 07:00 AM, +0000 UTC",Development & Infrastructure
Airtel Expands Mobile Connectivity Across Arunachal Pradesh Army Stations,"Bharti Airtel (Airtel), one of India’s leading telecommunications service providers, announced the successful completion of the first phase of a strategic initiative in partnership with 4 Corps of Indian Army headquartered at Tezpur to strengthen mobile connectivity across remote regions in Arunachal Pradesh.

With this milestone deployment, Airtel has become the first and only service provider to deliver reliable mobile connectivity in the mountainous, high-altitude, and difficult-to-access region. This will enable both military and civil personnel residing in these remote locations to stay seamlessly connected with their families.

As part of the initiative, Airtel deployed network infrastructure across 30 Army stations located in challenging mountainous terrain. The deployment significantly enhances voice and data connectivity in areas where access has historically remained limited due to geographical and infrastructure constraints.

This achievement was made possible through the strong collaboration between Airtel and the Indian Army. The Army extended extensive logistical support throughout the project, including assistance for fiber deployment and power infrastructure. In several locations where road access was not possible, the Indian Army provided the necessary assistance and logistics support to move Airtel Technical teams and telecommunication equipment deep into the mountains.

The successful completion of Phase 1 has now paved the way for the next chapter. Encouraged by the impact of the project, the Indian Army and Airtel have agreed to undertake Phase 2, under which network sites will be built across 15 additional locations in Arunachal Pradesh

Airtel’s continued expansion into such challenging environments reflects its commitment to bridging the digital divide and powering India’s digital transformation.",The Fast Mode,https://www.thefastmode.com/technology-solutions/49103-airtel-expands-mobile-connectivity-across-arunachal-pradesh-army-stations,"06/18/2026, 02:17 AM, +0000 UTC",Development & Infrastructure
Indian Army organises marathon and skill development event in Arunachal for World Youth Skills Day,"To mark World Youth Skills Day 2026, the Spearhead Division of Spearcorps, in partnership with the Youth Club of Menchuka, organised a marathon and a motivational programme for youth and students in Menchuka, Arunachal Pradesh. The PRO Defence stated that the initiative demonstrated the shared commitment of the Indian Army and the local community to empowering youth through fitness, education and skill development.

The marathon, held on Thursday, attracted nearly 200 participants including boys, girls, local residents and Indian Army personnel. The event was attended by the Additional Deputy Commissioner (ADC), Menchuka, Smt Tana Yaho, Army officers and two notable sporting figures from Arunachal Pradesh who acted as Race Ambassadors: Jyoti Mane, the first athlete from the State to win a medal at the National Games, and Tajum Dere, the first cyclist from Arunachal Pradesh to qualify for the National Games 2025. Their presence encouraged participants to pursue excellence through discipline, perseverance and dedication.

ADVERTISEMENT

Stay connected Make The News Mill your preferred source See more TNM stories when you search for news on Google. Add TNM on Google

Cash prizes of Rs 15,000, Rs 10,000 and Rs 5,000 were awarded to the winners in the first, second and third positions respectively, in both the boys’ and girls’ categories, acknowledging sporting excellence and promoting wider athletics participation.

Following the marathon, an interactive motivational lecture emphasised the importance of skill development, vocational training, innovation and lifelong learning. Attendees were encouraged to recognise their strengths, acquire practical skills and explore new career opportunities. They were also informed about Government initiatives supporting employability, entrepreneurship and self-reliance.

ADVERTISEMENT

The PRO Defence highlighted that the event epitomised military-civil cooperation and Seema Jan Kalyan by uniting the Indian Army, civil administration, Youth Club and local community. By combining sports with skill development awareness, the initiative aimed to inspire youth in this frontier region to lead healthy lives, develop future-ready skills and contribute meaningfully to nation-building and the vision of Viksit Bharat.",The News Mill,https://thenewsmill.com/2026/07/indian-army-organises-marathon-and-skill-development-event-in-arunachal-for-world-youth-skills-day/,"07/17/2026, 07:00 AM, +0000 UTC",Development & Infrastructure
"Indian Army conducts UAS, C-UAS trg for NCC cadets","PASIGHAT, 13 Jul: The Spearhead Gunners of the Indian Army conducted a ‘Basic UAS and C-UAS’ training programme for approximately 120 NCC cadets of the 22 AP NCC Battalion, here in East Siang district.

The training was conducted from 8-10 July at the 22 AP NCC Battalion here, and from 11-12 July at the Sigar military station.

The programme included lecture-cum-demonstrations on UAS and C-UAS drills, introduction to drones and their components, simulator flying, real-time drone flying, equipment display, drone display, and repair demonstrations. The cadets were also acquainted with the employment of drones in surveillance and reconnaissance, along with the basics of countering drone threats through practical demonstrations and interactive sessions.

The training provided the cadets with exposure to emerging drone technology and enhanced their understanding of the role of UAS and C-UAS in modern military operations.

The enthusiastic participation of the cadets reflected their keen interest in learning and adopting new technologies.

Such initiatives reaffirm the Indian Army’s commitment towards promoting technical awareness, innovation and skill development among the youths while strengthening its bond with the young generation of Arunachal Pradesh. (DIPRO)",The Arunachal Times,https://arunachaltimes.in/article/indian-army-conducts-uas-c-uas-trg-for-ncc-cadets,"07/14/2026, 07:00 AM, +0000 UTC",Development & Infrastructure
Indian Army Conducts Self-Defence Training Camp for Students in Arunachal’s Menchuka,"MENCHUKA — The Spearhead Division under the aegis of Spear Corps organised a week-long self-defence training camp for students of Class VI and above at Menchuka Valley School in Arunachal Pradesh, officials said.

The initiative was aimed at promoting physical fitness, discipline and self-defence awareness among school students while strengthening engagement between the Indian Army and local communities in the frontier state.

According to officials, the camp was conducted by trained instructors from the Indian Army who provided practical lessons in basic self-defence techniques, situational awareness and confidence-building exercises. The programme also focused on enhancing resilience and developing essential life skills among participants.

Also Read- Arunachal Government Warns of Possible GLOF Risk Along Tawang Chu and Mago Chu Basins

Students and faculty members reportedly participated enthusiastically throughout the training sessions. Local residents and community members appreciated the initiative, describing it as a constructive step towards youth development and awareness.

Army officials said the programme sought not only to impart practical self-defence skills but also to encourage values such as leadership, responsibility and nation-building among young people.

Also Read– Pema Khandu Pays Last Respects to Indigenous Leader Dr. Bengia Tolum

The outreach programme forms part of broader community engagement efforts regularly undertaken by the Indian Army in Arunachal Pradesh. Such initiatives are intended to foster trust, cooperation and stronger civil-military relations in remote border regions while supporting social and educational development.",Arunachal24,https://arunachal24.in/indian-army-conducts-self-defence-training-camp-for-students-in-arunachals-menchuka/,"05/17/2026, 07:00 AM, +0000 UTC",Development & Infrastructure
'China stopped our army from patrolling several places in Arunachal': Rahul Gandhi slams Centre,"Rahul Gandhi alleges China stopped army in Arunachal

Join conversation View All Comments → Share your thoughts in the comments Insightful Agree Disagree Skeptical Concerning Promising Worth Reading Big Development Post Comment Be respectful · TOI community guidelines

Poll Vote & Share your view Do you support the Ministry of External Affairs strong position on Arunachal Pradesh as an integral part of India? Agree Disagree 3k+ users shared opinion today 5k+ users already voted today 3k+ users shared opinion today Share Opinion

NEW DELHI: Leader of opposition in Lok Sabha Rahul Gandhi on Friday alleged that China had stopped Indian Army patrols at several locations in Arunachal Pradesh and called the development a matter of concern.""China has stopped our army from patrolling in several places in Arunachal Pradesh - this is extremely alarming,"" Rahul said in a post on X.He also questioned the silence of defence minister Rajnath Singh, home minister Amit Shah and Prime Minister Narendra Modi on the issue.""But even more alarming is the silence emanating from Rajnath Singh ji, Amit Shah ji, and Narendra Modi ji. Instead of stopping China, the Modi government is putting pressure on the media to suppress this news,"" he added.Rahul referred to the Prime Minister’s statement following the Galwan clash that China had not taken any Indian territory, alleging that the government continues to protect the PM’s image instead of addressing the issue of national security.""The country still remembers that statement by the Prime Minister after Galwan, in which he caused immense damage to India by saying that China has not taken even an inch of our land.Even today, the same operation to save his image continues - and a Prime Minister who prioritizes his fake image over the country's security is extremely dangerous for the nation,"" he added.Congress president Mallikarjun Kharge also questioned the Centre over reports of China expanding its presence in areas of Arunachal Pradesh and sought answers on Indian access to patrolling points and traditional grazing and hunting grounds.""After Galwan, now Arunachal Pradesh? Disturbing reports suggest that China is attempting to push further into areas in Arunachal Pradesh, an inalienable part of our nation. This demands immediate answers from the Modi Govt,"" Kharge said in a post on X.This comes after the ministry of external affairs (MEA) reiterated that Arunachal Pradesh is an ""inalienable and integral part of India"" in response to China’s recent ""objection"" to the renaming of places in the state.""Let me reiterate this once again that Arunachal Pradesh is an inalienable and integral part of India and this is a fact that is self-evident. At the same time, let me also underline that nothing can change this indisputable reality,"" MEA spokesperson Randhir Jaiswal said.India officially identified 27 locations in Arunachal by their standard names on the survey of India map, countering China's repeated attempts to assign Chinese names to places in the state.Earlier, it was reported that there was no “slow encroachment” by China into Arunachal Pradesh.""There is no slow encroachment in Arunachal Pradesh by China as alleged,"" a source was quoted as saying by news agency ANI.""Due to undemarcated border at times the patrols face off each other, this is resolved through existing mechanisms and protocols in vogue. The Army and ITBP are geared up to dominate the border, monitor and check Chinese activities. Sensational claims like this without going into specifics are attention-seeking ploys,"" the report said citing sources.They said China has historically laid claim to Arunachal Pradesh, referring to it as “South Tibet”. During the 1960 border talks, Beijing had claimed around 69,000 sq km of territory in the state.⁠""China has claims on Arunachal as South Tibet, articulated in 1960 border talks, wherein they claimed approx 69,000 sq km of the state territory. ⁠In 1959 China attacked the Assam Rifles outpost at Longju and captured it. The area has since been in adverse possession and is frequently in news due to infra development done in this area by China,"" they said.""During 1962 India-China War, major Chinese operations were launched in Kameng, Subansiri, Siyom, Siang and Lohit valleys. However, after ceasefire the PLA went back North of the LAC. Arunachal Pradesh shares a large border with Tibet along Great Himalayan range. Concerted infra push in recent years has enabled enhanced ptlg and surveillance of the area,"" they added.",The Times of India,https://timesofindia.indiatimes.com/india/china-stopped-our-army-from-patrolling-several-places-in-arunachal-rahul-gandhi-slams-centre/articleshow/133230905.cms,"08/14/2026, 07:00 AM, +0000 UTC",Development & Infrastructure
Chinese Army Has Encroached Into Indian Territory In Taksing: Arunachal Civil Society Group,"ETV Bharat / bharat

Chinese Army Has Encroached Into Indian Territory In Taksing: Arunachal Civil Society Group

The organisation has named Oying (Asaphila area), Paniar (Chujarta area), Marpan (Marnafe), Potrang Lake and Tindingtang (TG) as places where it claims Chinese military infrastructure has been developed. ( Nah Welfare Society )

Tezpur: Raising concerns about what it describes as encroachment by the Chinese People's Liberation Army (PLA) in areas along the India-China border, a community organisation from Taksing in Arunachal Pradesh's Upper Subansiri district has urged the authorities to examine the matter.

According to the memorandum, these developments have taken place over the past decade and have affected traditional grazing lands, hunting grounds and ancestral areas used by local communities.

The Nah Welfare Society (NWS) has submitted a memorandum to the Upper Subansiri district Deputy Commissioner, alleging that Chinese forces have gradually established roads, bridges and military camps in locations the organisation claims lie within the Indian territory.

""The Chinese government is very fast expanding their territory by occupying new and important places of our land situation at border areas. They have constructed roads, bridges and set up their military camps in many places at border (sic),"" reads the letter addressed to the DC.

The organisation names Oying (Asaphila area), Paniar (Chujarta area), Marpan (Marnafe), Potrang Lake and Tindingtang (TG) as places where it claims Chinese military infrastructure has been developed.

""The areas which were our lands before 2020 are now under the occupation of the Chinese PLA...,"" it adds.

The organisation has named Oying (Asaphila area), Paniar (Chujarta area), Marpan (Marnafe), Potrang Lake and Tindingtang (TG) as places where it claims Chinese military infrastructure has been developed. (Nah Welfare Society)

In its memorandum, the society has requested the district administration to forward the matter to the Arunachal Pradesh government and the Central government for appropriate action. It also called for measures to protect the interests of border residents and preserve traditional land.

Alleged PLA structures in Indian territory. (Nah Welfare Society)

The memorandum has been signed by Nah Welfare Society president Keru Chader and included photographs that the organisation said support its claims.

So far, no official statement has been issued by the district administration, the Arunachal Pradesh government, the Indian Army or the Ministry of Defence in this regard. The claims made in the memorandum have not been independently verified.",ETV Bharat,https://www.etvbharat.com/en/bharat/pla-has-encroached-upon-indian-territory-built-infrastructure-over-past-decade-arunachal-pradesh-organisation-enn26062804227,"06/28/2026, 07:00 AM, +0000 UTC",Development & Infrastructure
Indian Army Promotes Patriotism and Leadership Among Arunachal Youth,"PASIGHAT- Under the aegis of the Spearhead Division, the Spearhead Gunners of SIGAR Military Station organised an interactive military session and strategic weapon display for students of Rashtriya Raksha University (RRU), Pasighat, as part of the University’s Orientation Programme for the Academic Session 2026–27.

The programme aimed to familiarise students with the values of military service, leadership, discipline and the wide range of career opportunities available in the Indian Armed Forces. It also sought to foster patriotism, responsible citizenship and a spirit of nation-building among young participants.

Addressing the gathering, the Commander of the Spearhead Gunners emphasised that the strength of the Indian Army lies not only in its advanced weaponry and technology but also in the courage, professionalism and dedication of its personnel.

Also Read- ISRO Faces Wave of Resignations as Over 100 Scientists Exit

He encouraged students to lead lives guided by integrity, purpose and commitment, noting that national security is a shared responsibility requiring capable and responsible citizens.

A key highlight of the event was the Strategic Weapon Display, where students interacted with serving soldiers and officers and gained first-hand knowledge about various weapon systems, military equipment and operational capabilities.

The interactive sessions also offered insights into life in the Armed Forces and underscored the importance of teamwork, discipline and leadership.

Also Read- Tawang DC Reviews Smart PDS eKYC Progress, Sets One-Week Deadline

The programme featured a dedicated Officer Interaction and Career Information Zone, where students enthusiastically sought information on officer entry schemes, Agniveer recruitment, and diverse career opportunities in the Indian Army. An Army-themed selfie point added an engaging element to the event, encouraging greater interaction between students and military personnel.

The initiative received an enthusiastic response from students and faculty members of Rashtriya Raksha University.

According to the organisers, the programme reflects the Indian Army’s continued commitment to youth engagement, leadership development and strengthening the bond between the Armed Forces and the people of Arunachal Pradesh through meaningful outreach and nation-building initiatives.",Arunachal24,https://arunachal24.in/indian-army-promotes-patriotism-and-leadership-among-arunachal-youth/,"07/17/2026, 07:00 AM, +0000 UTC",Development & Infrastructure
Indian Army Upgrades Hostel in North Sikkim Under Operation Sadbhavana,"In a significant step towards improving educational infrastructure in remote areas of Sikkim, the Indian Army has completed the upgradation of the Netaji Subhas Chandra Hostel at Taryang Primary School in Lower Dzongu, North Sikkim, under its flagship Operation Sadbhavana initiative.

Established in 1976, Taryang Primary School serves children from remote Lepcha villages scattered across the region. The challenging terrain, harsh weather conditions, poor connectivity and limited infrastructure have long posed difficulties for students in accessing quality educational and residential facilities. The hostel, home to around 35 students, had been operating with inadequate amenities for several years.

Recognising the need for better facilities, the Indian Army undertook a comprehensive development project aimed at enhancing both the living and learning environment for the students.

The upgraded hostel now features improved sanitation facilities, a hygienic kitchen and dining area, proper electrification, modern furniture, digital learning aids, sports infrastructure, recreational facilities and safety chain fencing along the school boundary.

Speaking on the occasion, an Army officer highlighted the longstanding relationship between the Army and the people of Sikkim.

“The bond between the Indian Army and the people of Sikkim is built on trust, respect and shared commitment to the region’s progress. Through this project, the Army has endeavoured to provide children from remote villages a safe, healthy and enabling environment to learn, grow and realise their potential,” the officer said.

The upgraded infrastructure is expected to significantly improve the quality of residential education at the hostel, creating a safer, cleaner and more conducive environment for students. The improvements are also expected to contribute to better educational outcomes and support the holistic development of children from far-flung villages.

The initiative underscores the Indian Army’s continued commitment to community welfare, education and nation-building in remote and tribal regions. By strengthening residential education infrastructure in Lower Dzongu, the project has brought renewed hope and opportunities for young learners while further reinforcing the spirit of trust, cooperation and goodwill between the Indian Army and the people of Sikkim.",Pioneer Daily,https://dailypioneer.com/news/indian-army-revamps-student-hostel-in-north-sikkim,"06/21/2026, 07:00 AM, +0000 UTC",Development & Infrastructure
'Social media rumours': Arunachal govt rejects reports of Chinese encroachment in Taksing,"Arunachal Pradesh Home Minister Mama Natung on Sunday firmly dismissed allegations of Chinese encroachment into Indian territory in the Taksing sector of Upper Subansiri district, terming the claims ""lies and social media rumours"".

Speaking to reporters on the sidelines of the Kargil Vijay Diwas celebrations here, Natung said there has been no intrusion by the Chinese People's Liberation Army (PLA) into any part of the state.

""There has been no encroachment in Arunachal Pradesh by the Chinese. All these are just lies and social media rumours. Our jawans are protecting our border 24x7. No Chinese would dare encroach into Indian territory, and I can assure you that these are all rumours and nothing else,"" the minister said.

Natung highlighted the close bond between the local border populations and the security forces, saying that the people of Arunachal Pradesh remain steadfast in their commitment to defending the nation.

""The people of Arunachal Pradesh are always with the Indian Army and are ready to shed blood to protect the country,"" he added.

The minister's clarification follows claims by the Nah Welfare Society (NWS), which alleged that PLA activities near the Taksing sector had escalated over the last decade-and-a-half.

The community organisation had claimed that Chinese military outposts and infrastructure had progressively moved closer to the border, adding that they had previously submitted representations on the matter to senior constitutional authorities and elected representatives.

The claims had circulated widely on social media platforms, creating apprehension among residents.

India and China share a 1,129-km border in Arunachal Pradesh, a region Beijing claims as part of 'South Tibet'.

India has repeatedly dismissed Beijing's claims, reiterating that Arunachal Pradesh is an integral and inalienable part of the country.

(With inputs from PTI)",The New Indian Express,https://www.newindianexpress.com/india/2026/Jul/26/social-media-rumours-arunachal-govt-rejects-reports-of-chinese-encroachment-in-taksing,"07/26/2026, 07:00 AM, +0000 UTC",Development & Infrastructure
Assam Flood: Indian Army launches 'Operation Jal Rahat',"The Indian Army has launched 'Operation Jal Rahat' to support the Assam government in large-scale rescue and relief operations as worsening floods continue to inundate several parts of eastern Assam, severely affecting t...

ARCHIVE RESTRICTION (OLDER THAN 30 DAYS) This News Story is in the Tripuratimes Digital Archive Free online public access is provided for news content published within the last 30 days. For full historical editions and complete archives, please subscribe to Tripura Times ePaper & Archives,

For further assistance feel free to write to us at tripuratimesdigital@gmail.com Subscribe & Read on ePaperRead Today's News",Tripuratimes,https://tripuratimes.com/ttimes/assam-flood-indian-army-launches-operation-jal-rahat-39771.html,"07/20/2026, 07:00 AM, +0000 UTC",Development & Infrastructure
Last-mile connectivity: Airtel provides telecom link in remote 30 Army stations in Arunachal,"Airtel provides telecom link in remote 30 Army stations in Arunachal

Tawang clash: Telcos to strengthen connectivity in border areas at Arunachal Pradesh

NEW DELHI: To provide last-mile connectivity in border areas in the Northeast, the Indian Army used the services of Bharti Airtel to set up telecom infrastructure in the difficult terrains of Arunachal Pradesh to make available uninterrupted connectivity.The first phase of the strategic initiative was completed in partnership with the 4 Corps of the Indian Army, headquartered at Assam’s Tezpur, Airtel said.“As part of the initiative, Airtel deployed network infrastructure across 30 Army stations located in challenging mountainous terrain,” a statement from the company said.The deployment significantly enhanced voice and data connectivity in areas where access has historically remained limited due to geographical and infrastructure constraints, the statement said.“The Army extended extensive logistical support throughout the project, including assistance for fiber deployment and power infrastructure,” it said, adding that in several locations where road access was not possible, the Indian Army provided the necessary assistance and logistics support to move Airtel technical teams and telecommunication equipment deep into the mountains.“The successful completion of Phase 1 has now paved the way for the next chapter.Encouraged by the impact of the project, the Indian Army and Airtel have agreed to undertake Phase 2, under which network sites will be built across 15 additional locations in Arunachal Pradesh,””it added.Bharti Airtel CEO (North East and Assam) Balaji R said: “This initiative reflects Airtel’s continued commitment to extending connectivity to some of the country’s most difficult terrains. The rollout required extensive coordination between Airtel teams and local support units to overcome immense terrain and weather-related challenges.”",The Times of India,https://timesofindia.indiatimes.com/defence/news/last-mile-connectivity-airtel-provides-telecom-link-in-remote-30-army-stations-in-arunachal/articleshow/131844159.cms,"06/19/2026, 07:00 AM, +0000 UTC",Development & Infrastructure
"It’s a different Arunachal now, thanks to Army, IAF & big infra push…but last-mile connectivity to LAC nee","Arjun Subramaniam is a retired Air Vice Marshal and occupies the President’s Chair of Excellence in National Security Affairs at the National Defence College

Notwithstanding periodic episodes of cartographic obfuscation by the Chinese regarding the status of Arunachal Pradesh, the state is progressing on the road to development. Enabling this, as part of a whole-of-govt approach, are Indian Army and IAF, whose presence in strength, in and around the state, is an assurance that no military adventurism by adversarial neighbours will go unchecked.

I saw this on a recent road trip from Dibrugarh in Upper Assam to Mechuka Valley and beyond, to within touching distance of LAC with China. Historically, Mechuka carries a solemn legacy of the 1962 conflict with China, when the Chinese advanced along multiple axes down Lola Pass and along Siyom Valley, overran Mechuka, and stopped short of Aalo at a place called Tato, after Mao declared a unilateral ceasefire on Nov 20, 1962.

For decades after 1962, lack of resources had created vulnerabilities for India, particularly in areas east of Tawang and Kameng District, more commonly known in Army as Rest of Arunachal Pradesh (RALP). The situation today is vastly improved, propelled by strong and evolving Army deployment, with adequate firepower.

Complementing this are IAF fighter squadrons equipped with latest multi-role aircraft, and air mobilityand special forces-capable platforms comprising the latest helicopters and transport aircraft. Adding defensive punch, is a network of the latest multi-layered air defence systems, including S-400. Speedy rollout of dual-use infra and durable roads to within touching distance of LAC, by BRO, and Army’s engineer regiments, augurs well.

Read full story on TOI+

Facebook Twitter Linkedin Email Disclaimer Views expressed above are the author's own.",The Times of India,https://timesofindia.indiatimes.com/blogs/toi-edit-page/its-a-different-arunachal-now-thanks-to-army-iaf-big-infra-pushbut-last-mile-connectivity-to-lac-needs-work/,"07/09/2026, 07:00 AM, +0000 UTC",Development & Infrastructure
Indian Army and Airtel Bring Telecom Connectivity to 30 Remote Army Stations in Arunachal Pradesh,"In a significant boost to connectivity in India’s remote border regions, the Indian Army and Bharti Airtel have successfully completed the first phase of a strategic telecommunications initiative that has brought reliable voice and data services to 30 Army stations in Arunachal Pradesh.

The project was undertaken in partnership with the Indian Army’s 4 Corps, headquartered in Tezpur, Assam, with the objective of providing last-mile connectivity in some of the most challenging and inaccessible areas along India’s northeastern frontier.

As part of the initiative, Airtel deployed telecommunications infrastructure across 30 Army locations situated in difficult mountainous terrain, significantly enhancing communication capabilities in areas that have historically faced connectivity challenges due to geographical and infrastructure constraints.

The successful execution of the project required extensive coordination between Airtel and the Indian Army. The Army provided critical logistical support throughout the deployment process, including assistance in laying optical fibre networks and establishing power infrastructure.

In several remote locations where road access was unavailable, the Indian Army facilitated the movement of technical personnel, equipment and communication infrastructure through difficult mountain routes, enabling the project to be completed despite challenging terrain and weather conditions.

The enhanced connectivity is expected to improve communication capabilities for troops deployed in forward areas while also strengthening operational efficiency and coordination in strategically important regions.

Following the successful completion of Phase-I, the Indian Army and Airtel have agreed to undertake a second phase of the project. Under Phase-II, telecom infrastructure will be established at 15 additional locations across Arunachal Pradesh, further expanding network coverage in remote border areas.

Commenting on the initiative, Airtel officials described the project as a reflection of the company’s commitment to extending telecommunications services to some of the country’s most difficult terrains. The rollout involved overcoming significant logistical, geographical and climatic challenges through close cooperation between civilian and military agencies.

The initiative highlights the growing role of public-private collaboration in strengthening critical infrastructure in border regions and supporting the communication needs of personnel deployed in strategically sensitive areas.

By enhancing connectivity in remote parts of Arunachal Pradesh, the project contributes not only to operational effectiveness but also to broader efforts aimed at improving digital access and infrastructure development in India’s frontier regions.",SSBCrack,https://www.ssbcrack.com/2026/06/indian-army-and-airtel-bring-telecom-connectivity-to-30-remote-army-stations-in-arunachal-pradesh.html,"06/19/2026, 07:00 AM, +0000 UTC",Development & Infrastructure
China builds border villages near Arunachal: Army,"NEW DELHI- China has constructed hundreds of so-called “Xiaokang” or “well-off” villages along its border areas facing India, particularly opposite Arunachal Pradesh, according to senior officials of the Indian Army. The development has raised strategic concerns regarding the evolving security dynamics along the Line of Actual Control (LAC).

Lieutenant General Rajiv Ghai, Deputy Chief of Army Staff (Strategy), highlighted the issue during a seminar organised by the Assam Rifles in collaboration with the United Service Institution (USI) in New Delhi. The seminar examined emerging security challenges in India’s Northeast region.

According to the Army, China has built around 628 Xiaokang villages along its northern borders over the last two decades. Of these, approximately 72 percent — nearly 450 villages — are located across from India’s northeastern states.

Also Read- Court Sentences Man to 20 Years in POCSO Case

Officials noted that almost 90 percent of these villages face Arunachal Pradesh, including areas that remain disputed between the two countries. While Beijing describes these settlements as part of rural development initiatives, Indian security analysts have expressed concerns that the villages could serve dual civilian and strategic purposes, including logistical support in border areas.

The development has also renewed focus on the Siliguri Corridor, a narrow stretch of land in West Bengal that connects India’s northeastern states with the rest of the country. Often referred to as the “Chicken’s Neck,” the corridor is roughly 22 kilometres wide and about 60 kilometres long, making it one of India’s most strategically sensitive locations.

Also Read- MLA Kumar Waii Raises Job Policy in Assembly

Army officials said the corridor’s proximity to the Chumbi Valley in Tibet, near the India-Bhutan-China tri-junction, increases its vulnerability in the event of a military crisis.

To strengthen connectivity and security in the region, India has been accelerating infrastructure development across the Northeast. Key projects include the Sela Tunnel in Arunachal Pradesh, the Bogibeel rail-cum-road bridge in Assam, and several strategic bridges across the Brahmaputra and Lohit rivers. These projects are expected to improve civilian connectivity as well as military mobility in the region.

Also Read- Arunachal Assembly Condemns Racial Abuse

Additionally, the government is exploring plans for underground rail and transport infrastructure in the Siliguri Corridor to enhance logistical resilience in the strategically important passage.

The Army also highlighted progress on border fencing along the India-Myanmar border, aimed at addressing challenges such as cross-border insurgency, infiltration and drug trafficking.

Meanwhile, Assam Rifles Director General Lt Gen Vikas Lakhera noted that while the security situation in the Northeast has improved significantly over the years, the region continues to face evolving challenges due to its complex terrain, ethnic diversity and long international borders.

Security experts say the combination of China’s infrastructure expansion along the LAC and India’s own connectivity push reflects an increasingly strategic focus on the Himalayan frontier and the Northeast region.",Arunachal24,https://arunachal24.in/china-builds-border-villages-near-arunachal-army/,"03/11/2026, 07:00 AM, +0000 UTC",Development & Infrastructure
Indian Army Hosts Siang Volleyball Tournament,"TUTING- The Indian Army, through its Spear Corps, organised the second edition of the Siang Volleyball Tournament in Tuting, Arunachal Pradesh, from April 1 to April 11, 2026, as part of the Vibrant Village Programme.

The event saw participation from local communities, particularly youth, and was positioned as an initiative to promote sportsmanship, community engagement and constructive activities in a remote border region.

A total of eight men’s teams and three women’s teams from different parts of the state took part in the tournament. Matches were marked by competitive play and discipline, reflecting growing interest in organised sports within the region.

Also Read- Arunachal Moves to Form Statewide Conservation Forum

Following a series of matches, Friendship Tuting secured the title in the men’s category, while Zido Women emerged winners in the women’s category. Both teams were noted for their coordination and consistency throughout the tournament.

The event drew participation from local residents, including community leaders and youth, who attended in significant numbers. The presence of Army personnel alongside villagers was highlighted as an effort to strengthen civil-military engagement in the area.

Also Read- Chowna Mein Honoured with Brahmaputra Gaurav Samman

Officials indicated that such initiatives aim to channel youth participation into sports and other constructive avenues, while promoting physical fitness, teamwork and discipline. The tournament also served as a platform for identifying and encouraging local talent.

The Siang Volleyball Tournament forms part of broader outreach efforts by the Indian Army in border regions. It aligns with the objectives of the Vibrant Village Programme, which seeks to promote holistic development and increased engagement in remote and strategically significant areas.

The tournament concluded on April 11 with a closing ceremony where winners and participants were felicitated. Organisers described the event as a step towards strengthening community ties and fostering a positive environment for youth development in the region.",Arunachal24,https://arunachal24.in/indian-army-hosts-siang-volleyball-tournament/,"04/12/2026, 07:00 AM, +0000 UTC",Development & Infrastructure
"Indian Army trains CISF personnel at Agartala Airport, Tripura","The Indian Army has concluded a two-week specialised tactical training programme for Central Industrial Security Force (CISF) personnel stationed at Maharaja Bir Bikram (MBB) Airport in Agartala, Tripura. The training, conducted from July 27 to August 8 under the Red Shield Division’s Military-Civil Fusion initiative, aimed to enhance operational readiness and strengthen the defence of critical aviation infrastructure.

During the 14-day course, Indian Army instructors provided both practical and theoretical instruction on key operational areas such as Advanced Access Control, Perimeter Hardening, Counter Sabotage Measures, Counter Drone Operations, High-Speed Contingency Response, and Integrated Strategies to protect high-value public and aviation assets.

ADVERTISEMENT

Stay connected Make The News Mill your preferred source See more TNM stories when you search for news on Google. Add TNM on Google

At the closing ceremony, official representatives stated that the programme successfully integrated the Indian Army’s tactical combat expertise with the CISF’s specialised aviation security tasks. The personnel participating in the training demonstrated high levels of professional skill, physical endurance, and operational coordination throughout.

The completion of the training highlights the Indian Army’s ongoing commitment to capacity building and enhancing joint operational capabilities with Central Armed Police Forces. Following this programme, the CISF unit at Maharaja Bir Bikram Airport is now equipped with modern threat mitigation capabilities to maintain safe and secure airspace in the region.",The News Mill,https://thenewsmill.com/2026/08/indian-army-completes-specialised-tactical-training-for-cisf-at-agartala-airport-2/,"08/13/2026, 07:00 AM, +0000 UTC",Development & Infrastructure
Tripura: Indian Army Launches Special Security Training for CISF Personnel at Agartala's MBB Airport,"Tripura: Indian Army Launches Special Security Training for CISF Personnel at Agartala’s MBB Airport

First Published: 27th July, 2026 21:24 IST

Officials said initiative reflects the growing collaboration between Indian Army & CISF to strengthen security of key infrastructure.

Written By Northeast Live Digital Desk SHARE IT NOW







In a major step towards strengthening aviation security in Tripura, the Spear Corps of the Indian Army has launched a two-week specialised training programme for Central Industrial Security Force (CISF) personnel deployed at Maharaja Bir Bikram (MBB) Airport, Agartala. The training commenced today at the Agartala Military Station.

Conducted under the Military-Civil Fusion framework, the joint initiative aims to enhance operational coordination, improve tactical preparedness, and reinforce security at Tripura’s busiest airport against emerging threats.

During the 14-day programme, Indian Army instructors will train CISF personnel in advanced security protocols, covering critical areas such as industrial and critical infrastructure protection, vital area and vital point security, Quick Reaction Team (QRT) drills, and counter-drone operations and threat mitigation.

Officials said the initiative reflects the growing collaboration between the Indian Army and the CISF to strengthen the security of key infrastructure in Tripura. By combining the Army’s operational expertise with the CISF’s aviation security capabilities, the programme is expected to significantly enhance the overall security preparedness at MBB Airport.

Upon completion of the training, CISF personnel will resume their duties at Agartala’s MBB Airport with upgraded tactical skills and enhanced readiness to tackle evolving security challenges.

Also Read: Tripura HC Admits PILs Alleging Irregularities in TTAADC Recruitment





Post Views: 274

COMMENTS",Northeast Live,https://northeastlivetv.com/topnews/tripura-indian-army-launches-special-security-training-for-cisf-personnel-at-agartalas-mbb-airport/,"07/27/2026, 07:00 AM, +0000 UTC",Development & Infrastructure
Reports of Chinese PLA presence in Arunachal ‘baseless’: Indian Army,"Reports of Chinese PLA presence in Arunachal ‘baseless’: Indian Army

The Indian Army has firmly denied reports alleging that the Chinese People’s Liberation Army (PLA) recently encroached into Arunachal Pradesh or set up camps there. The Army termed such claims, based on a local organisation’s memorandum citing PLA infrastructure near Taksing in Upper Subansiri district, as “incorrect and without any basis.”

By IANS Published Date - 30 June 2026, 08:14 AM

Itanagar: The Indian Army on Monday categorically denied media reports claiming that the Chinese People’s Liberation Army (PLA) had recently set up camps or encroached into Arunachal Pradesh, describing the reports as “incorrect and without any basis”.

In a rebuttal issued late on Monday night, the Army said: “We have seen some media reports alleging recent encroachment by the Chinese PLA and the setting up of camps in Arunachal Pradesh. These reports are incorrect and without any basis.”

Earlier in the day, some media reports, quoting a local organisation, alleged that the PLA had gradually expanded its infrastructure inside Indian territory near the Taksing circle in Arunachal Pradesh’s Upper Subansiri district.

According to reports, the local organisation submitted a detailed memorandum to the Deputy Commissioner of Upper Subansiri district, alleging that Chinese forces had established roads, bridges, and military camps in several locations traditionally used by local communities for cattle grazing, hunting, and the collection of forest produce.

The reports further claimed that the alleged Chinese activities had intensified over the past 10 to 15 years, with a noticeable increase after 2020.

Quoting the local organisation, the reports said areas which residents had traditionally accessed for hunting, cattle grazing, collection of forest produce and other community activities were now under the control of the Chinese military.

The organisation identified five locations where it claimed Chinese infrastructure had been established – Oying (Asaphila area), Paniar (Chujarta area), Marpan (Marnafe), Potrang Lake and Tindingtang (TG).

The local organisation reportedly stated: “We do not doubt our Indian Army and always have faith in them. They have been guarding our land for many years, but their efforts are not enough. The intent and speed of the Chinese PLA’s current activities at Taksing are very alarming. We are losing our land inch by inch day by day.”

However, the Indian Army rejected the allegations, maintaining that the reports suggesting recent Chinese encroachment and the establishment of PLA camps in Arunachal Pradesh were unfounded.

Arunachal Pradesh shares a 1,080-km-long border with Tibet (China).",Telangana Today,https://telanganatoday.com/reports-of-chinese-pla-presence-in-arunachal-baseless-indian-army,"06/30/2026, 07:00 AM, +0000 UTC",Development & Infrastructure
Indian Army transforms decommissioned bridge into 'Border Brew Cafe' in Arunachal Pradesh,"In a remarkable feat of ""heritage infrastructure with modern utility,"" the Indian Army has inaugurated the Border Brew Cafe in Zemithang, Arunachal Pradesh.Constructed atop a decommissioned Bailey Bridge over the Nyamjang Chu river, this unique establishment was completed in a record time of just 31 days under Operation Sadbhavna. The project, located near the Indo-Tibet border, represents a strategic shift toward sustainable border tourism and community empowerment for the local Monpa tribe. Managed entirely by local Monpa women, the cafe serves as a ""bridge of opportunity,"" generating livelihoods while providing a scenic sanctuary for travelers exploring India’s remote frontier. This collaborative initiative between the Army’s Gajraj Corps and the local community showcases how security and socio-economic development can be woven into a single, seamless narrative.

Show more

Show less",The Economic Times,https://m.economictimes.com/news/defence/indian-army-transforms-decommissioned-bridge-into-border-brew-cafe-in-arunachal-pradesh/videoshow/129814884.cms,"03/26/2026, 07:00 AM, +0000 UTC",Development & Infrastructure
Army rescues 135 tourists from landslides-hit North Sikkim,"Army rescues 135 tourists from landslides-hit North Sikkim

The Indian Army rescued 135 tourists stranded in North Sikkim after landslides cut off roads, while around 1,000 remain in Lachen. ‘Operation Him Setu’ continues with support from Border Roads Organisation amid harsh weather

By PTI Published Date - 9 April 2026, 10:34 AM

Gangtok: A total of 135 stranded tourists have been rescued by the Army from North Sikkim, where multiple landslides have snapped road connectivity, officials said on Thursday.

Around 1,000 tourists remain stranded in Lachen, with sustained efforts underway to ensure their rescue at the earliest, they said.

The rescue operation is being carried out by the Trishakti Corps under the Eastern Command amid heavy snowfall, they added.

Critical passes have been opened and alternate routes activated to facilitate the rescue mission, named ‘Operation Him Setu’, officials said.

A total of 32 light vehicles and 10 motorcycles have been moved out so far, with Army vehicles deployed to tow civilian vehicles across steep, snowbound stretches, they said.

Medical emergencies and those requiring immediate assistance are being prioritised, officials said.

The Border Roads Organisation (BRO) is working in close coordination with the Army, undertaking continuous road clearance, snow removal and restoration of connectivity despite challenging terrain and weather, they said.

“Our foremost priority is the safety and well-being of every citizen. Our teams remain committed to providing all necessary assistance on the ground,” an Army official said.

Multiple landslides have disrupted road connectivity between Lachen and Chungthang, an area close to the India-China border.",Telangana Today,https://telanganatoday.com/army-rescues-135-tourists-from-landslides-hit-north-sikkim,"04/09/2026, 07:00 AM, +0000 UTC",Development & Infrastructure
‘Sikkim Sundari’: Indian Army launches first border village radio station,"Image: IANS

Watch Indian Army Releases UAV And Loitering Munition Roadmap, Focus On Drone-Centric Warfare Indian Army Releases UAV And Loitering Munition Roadmap, Focus On Drone-Centric Warfare

The Indian Army ’s Trishakti Corps has launched Sikkim’s first border village community radio station, “Sikkim Sundari”.The move aims to improve communication and access to information in remote high-altitude areas, officials said.According to the Defence PRO, the station will broadcast local news, weather updates, and information on government schemes, while also serving as a platform to promote local culture and encourage youth participation.It will further provide opportunities for local youth to develop communication skills and take part in community engagement.“The initiative will help connect communities, amplify local voices, and support development in remote areas,” a senior army official was quoted as saying by PTI.The radio station was inaugurated in the presence of senior officers of the Trishakti Corps, civil administration representatives, and members of the local community.Meanwhile, the additional director general of border roads (East), Jitendra Prasad, visited the landslide-affected area at Taramchu in North Sikkim to review the situation on the ground.According to the Defence PRO, he assessed the damage and interacted with personnel of the Border Roads Organisation deployed at the site.He also reviewed ongoing restoration work and directed officials to expedite efforts to reopen the route at the earliest, as cited by ANI.During the visit, Prasad inspected the progress of work and reiterated the organisation’s focus on restoring and maintaining connectivity in the region, noting the importance of road links for local communities and access to border areas.",The Times of India,https://timesofindia.indiatimes.com/india/sikkim-sundari-indian-army-launches-first-border-village-radio-station/articleshow/130208643.cms,"04/12/2026, 07:00 AM, +0000 UTC",Development & Infrastructure
Airtel deploys network infrastructure across 30 Army stations in Arunachal Pradesh,"Add MobiGyaan as a preferred source on Google

Airtel has announced the successful completion of the first phase of a strategic connectivity initiative undertaken in partnership with the 4 Corps of the Indian Army, headquartered in Tezpur. The project aims to expand mobile network coverage across some of the most remote, mountainous, and difficult-to-access regions of Arunachal Pradesh.

With the completion of the initial rollout, Airtel has established mobile connectivity across several high-altitude and border regions where telecommunications infrastructure has traditionally been limited due to challenging terrain and logistical constraints. The deployment is expected to benefit both Indian Army personnel stationed in these areas as well as local communities residing in remote border villages.

Balaji R, CEO – North East and Assam, Bharti Airtel, said, “This initiative reflects Airtel’s continued commitment to extending connectivity to some of the country’s most difficult terrains. The rollout required extensive coordination between Airtel teams and local support units to overcome immense terrain and weather-related challenges.

Our teams operated under demanding high-altitude conditions and adverse weather to ensure timely and secure network activation. We are deeply grateful to the Indian Army for their unparalleled logistical support, which made it possible to bring digital connectivity to these frontier regions.”

Airtel Expands Connectivity in Challenging Terrain

As part of the first phase, Airtel deployed network infrastructure across 30 Army stations located in mountainous regions of Arunachal Pradesh. The project required extensive coordination between Airtel and the Indian Army due to the absence of conventional transportation routes and the difficult operating conditions prevalent across many deployment sites.

To facilitate the rollout, the Indian Army provided critical logistical support, including:

Transportation of Airtel engineers and technical teams to remote locations

Movement of specialized telecommunications equipment into mountainous areas

Assistance with fiber-optic cable deployment

Support for power infrastructure installation and commissioning

The collaboration enabled network deployment in locations that have historically remained underserved because of geographical barriers and limited accessibility.

Benefits for Soldiers and Local Communities

The newly established infrastructure is designed to provide reliable mobile voice and data services across these remote regions. Improved connectivity is expected to support communication requirements for Army personnel while also helping local residents gain access to digital services, online education, communication platforms, and emergency connectivity.

The initiative aligns with broader efforts to improve telecommunications access in border and rural regions while supporting socio-economic development and digital inclusion.

Phase 2 Expansion Planned

Following the successful completion of the first phase, Airtel and the Indian Army have agreed to move forward with Phase 2 of the project.

Under the next stage of deployment, Airtel plans to extend mobile network infrastructure to 15 additional locations across Arunachal Pradesh, further expanding coverage in some of the state’s most isolated and strategically important areas.

The continued collaboration aims to reduce connectivity gaps and improve telecommunications access across remote border regions where reliable mobile services remain limited.",MobiGyaan,https://www.mobigyaan.com/airtel-30-army-stations-arunachal-pradesh,"06/17/2026, 07:00 AM, +0000 UTC",Development & Infrastructure
Indian Army Inaugurates Unique Border Brew Cafe In Arunachal Pradesh To Boost Tourism And Local Livelihoods,"In a significant step towards promoting community development and sustainable tourism in remote border regions, the Indian Army has inaugurated the Border Brew Cafe under 'Operation Sadbhavna' in Arunachal Pradesh, officials said on Tuesday.Defence spokesman Lt Col Mahendra Rawat said that the project, executed at Zemithang village in Tawang district, is dedicated to the welfare and empowerment of the local Monpa tribal community.What makes the Border Brew Café truly unique is its innovative construction on a decommissioned Bailey Bridge over the Nyamjang Chu, a 125-km-long perennial cross-border river originating in Tibet (Shannan Prefecture) and flowing through the Zemithang valley in Tawang district of Arunachal.Lt Col Rawat said that this pioneering concept seamlessly blends heritage infrastructure with modern utility, making it one of its kind in the entire Northeast region.The cafe is poised to emerge as an iconic destination for tourists and travellers exploring this scenic frontier area.Developed with a vision to generate sustainable livelihood opportunities, the cafe actively involves the local community while promoting tourism in the region, the defence spokesman noted.The initiative is expected to enhance economic prospects for residents by showcasing local culture, traditions, and hospitality. Demonstrating remarkable efficiency and commitment, the Indian Army completed the project in a record time of just 31 days, reflecting exceptional planning, coordination, and execution.The initiative embodies the core ethos of ‘Operation Sadbhavna’, which focuses on fostering goodwill, strengthening civil-military relations, and contributing to the socio-economic development of border communities. The inauguration ceremony witnessed enthusiastic participation from local residents, dignitaries, and Army personnel, marking a proud and promising milestone for Zemithang and the region at large, Lt Col Rawat stated.The Indian Army’s Operation Sadbhavna (Goodwill) is a long-running military-led civic action programme, primarily in Jammu & Kashmir and Ladakh, aimed at winning hearts and minds by addressing socio-economic needs through education (Army Goodwill Schools), healthcare (medical camps), infrastructure development (water, power, roads), and empowering women and youth via vocational training. The initiative plays a crucial role in countering alienation and fostering national integration.",Defence.in,https://defence.in/threads/indian-army-inaugurates-unique-border-brew-cafe-in-arunachal-pradesh-to-boost-tourism-and-local-livelihoods.17266/,"03/25/2026, 07:00 AM, +0000 UTC",Development & Infrastructure
Bharti Airtel Expands Connectivity to 30 Indian Army Stations in Arunachal Pradesh Border Areas,"Leading telecom operator Bharti Airtel on Wednesday said it has set up infrastructure across 30 Indian Army stations in difficult terrain in Arunachal Pradesh to make available uninterrupted connectivity.

The Indian Army had joined hands with Airtel for last-mile connectivity in border and difficult-to-reach locations of the Himalayan state, the company said in a statement. “As part of the initiative, Airtel deployed network infrastructure across 30 Army stations located in challenging mountainous terrain,” it added.

The deployment significantly enhanced voice and data connectivity in areas where access has historically remained limited due to geographical and infrastructure constraints, Airtel said. “This achievement was made possible through strong collaboration between Airtel and the Indian Army.

Army extended extensive logistical support throughout the project, including assistance for fiber deployment and power infrastructure,” it added. The company further said that in several locations where road access was not possible, the Indian Army provided the necessary assistance and logistics support to move Airtel technical teams and telecommunication equipment deep into the mountains.",Pioneer Daily,https://dailypioneer.com/news/slug-lite/airtel-provides-mobile-connectivity-in-remote-army-locations-in-arunachal?year=2026,"06/18/2026, 07:00 AM, +0000 UTC",Development & Infrastructure
"No Chinese intrusion in Arunachal Pradesh, says Kiren Rijiju as Army rejects claims","Union Minister Kiren Rijiju and the Indian Army have rejected claims of Chinese intrusion into Arunachal Pradesh, saying there has been no encroachment

Union Minister Kiren Rijiju has rejected allegations that the Chinese People's Liberation Army (PLA) has entered Indian territory in Arunachal Pradesh, saying there has been ""no intrusion"" and attributing border incidents to differing perceptions of the boundary. His remarks came as the Indian Army also dismissed reports claiming the Chinese military had recently established camps inside the state.

Speaking to TOI, Rijiju said the absence of a clearly demarcated border between India and China results in transgressions by both sides but maintained that these should not be interpreted as intrusions.

""There is no intrusion. Transgressions from both sides happen due to the absence of demarcation,"" he said.

Advertisement

The Arunachal West MP explained that the lack of a mutually demarcated boundary leads to differing perceptions of the border, resulting in occasional transgressions by both countries.

His remarks followed allegations by a tribal body from Arunachal Pradesh that the PLA had occupied parts of its ancestral grazing, hunting and farming land in the state's Upper Subansiri district over the past six years. The organisation has sought an official verification of its claims.

Army dismisses reports of Chinese encroachment

Backing the government's position, the Indian Army rejected media reports alleging that the Chinese military had recently entered Indian territory and established camps in Arunachal Pradesh.

More from India More from India

""We have seen some media reports alleging recent encroachment by the Chinese PLA and the setting up of camps in Arunachal Pradesh. These reports are incorrect and without any basis,"" the Army said, according to ANI.

The clarification came amid growing attention over the allegations made by the tribal organisation regarding the reported occupation of ancestral land.

Border infrastructure now a priority

Rijiju also highlighted the government's efforts to improve infrastructure in Arunachal Pradesh's border regions.

He said previous Central governments had not invested adequately in frontier areas, while the Narendra Modi-led government had made border infrastructure a priority and accelerated development projects in the strategically important state, the largest in the Northeast by area.

Advertisement

The Union minister also said the current administration has focused on improving connectivity and other facilities in border areas.

India and China continue border dialogue

According to ANI, India and China held the 35th meeting of the Working Mechanism for Consultation and Coordination (WMCC) on India-China Border Affairs in Beijing last month.

The Ministry of External Affairs later described the discussions as ""constructive and forward-looking"".

Both sides reviewed the border situation and expressed satisfaction with progress in maintaining peace and tranquillity, which has supported the gradual normalisation of bilateral relations.

The two countries also discussed border delimitation, border management, institutional mechanisms and cross-border cooperation.

The Indian side additionally emphasised the need for an early meeting of the next Expert Level Mechanism on Trans-border Rivers.

Army chief says LAC remains stable

Earlier on Monday, outgoing Army Chief General Upendra Dwivedi described the situation along the Line of Actual Control (LAC) as stable, though sensitive, according to ANI.

He said the Indian and Chinese militaries conduct more than 1,100 ground-level interactions every year to prevent misunderstandings and resolve routine border issues.

Advertisement

General Dwivedi said disengagement agreements had significantly improved stability on the ground and that local issues arising from differing perceptions of the LAC are addressed through military-to-military interactions, hotlines, flag meetings and commander-level engagements.

Reiterating the Army's approach, he said India remains committed to dialogue while maintaining a ""firm, credible, vigilant and fully capable"" posture to safeguard the country's territorial integrity and national interests, according to ANI.",Firstpost,https://www.firstpost.com/india/no-chinese-intrusion-in-arunachal-pradesh-says-kiren-rijiju-as-army-rejects-claims-14027879.html,"07/01/2026, 07:00 AM, +0000 UTC",Development & Infrastructure
Border Tensions Resurface as Arunachal Group Alleges Fresh PLA Encroachment Near Taksing,"ITANAGAR- Fresh concerns have emerged from Arunachal Pradesh’s remote border region after the Nah Welfare Society (NWS), a local civil society organisation, alleged that the Chinese People’s Liberation Army (PLA) has gradually expanded its presence in areas close to Taksing in Upper Subansiri district.

HINDI TUTION

According to the organisation, the alleged expansion has taken place in several strategically significant locations situated near the Line of Actual Control (LAC). The society claimed that the developments could have implications for both local communities and India’s broader border management strategy.

In a public statement, the Nah Welfare Society urged the Government of Arunachal Pradesh and the Government of India to conduct an immediate verification of the reported developments. It also called for enhanced surveillance, improved road connectivity, and stronger border infrastructure to ensure the security of frontier villages.

Also Read- Maharashtra TET Paper Leak Rekindles Debate Over India’s Exam Security

The organisation further appealed for greater attention to the concerns of residents living in remote border areas, arguing that sustained administrative presence and infrastructure development remain essential for safeguarding India’s territorial interests.

As of now, neither the Indian Army nor the Ministry of Defence has officially confirmed the allegations. Government agencies have also not issued any statement verifying claims of fresh encroachment in the reported locations.

Border-related claims in Arunachal Pradesh often remain sensitive because of competing territorial claims between India and China. While India maintains that Arunachal Pradesh is an integral part of the country, China continues to claim large parts of the state, referring to it as “South Tibet.”

Also Read- Sikkim Floods: Key Bridge Destroyed, Phidang–Sankalang Road Link Severed

The India-China frontier has remained under close scrutiny since the military standoff in eastern Ladakh began in 2020. Although several rounds of military and diplomatic talks have helped ease tensions in some sectors, differences along various stretches of the LAC continue to require constant monitoring.

Security analysts have repeatedly argued that strengthening border infrastructure, improving communication networks, and maintaining civilian habitation in frontier regions are critical components of India’s long-term border strategy. Local organisations have similarly stressed that timely verification of reported activities and transparent communication from authorities help prevent misinformation while addressing genuine security concerns.

Until official agencies verify the latest allegations, the claims made by the Nah Welfare Society remain unconfirmed. However, they have once again drawn attention to the strategic importance of Arunachal Pradesh’s remote border districts and the continuing sensitivities surrounding the India-China boundary.",NorthEast India24,https://northeastindia24.com/border-tensions-resurface-as-arunachal-group-alleges-fresh-pla-encroachment-near-taksing/,"06/29/2026, 07:00 AM, +0000 UTC",Development & Infrastructure
From Security Guard to Soldier: Laishram Nongsaba Singh Joins Indian Army’s Brigade of the Guards,"In a powerful example of grassroots transformation in Manipur, a joint skill development initiative by the Assam Rifles and training partner Homeland Security is helping local youth overcome socio-economic barriers and step into careers in the armed forces and corporate sector. The success of Laishram Nongsaba Singh, a young man from Pangantabi Makha Leikai in Kakching district, who has now been inducted as an Agniveer into the elite Brigade of the Guards of the Indian Army, stands as a strong testament to the impact of this collaborative effort.

Laishram’s journey is not merely the story of one young man joining the Army. It reflects how structured training, disciplined mentorship and institutional support can change the direction of a youth’s life. Before his selection, Laishram was working as a civilian security guard, facing the same challenges that many young aspirants from remote and semi-urban areas of the Northeast encounter, including limited exposure, communication barriers and lack of access to professional training ecosystems.

Despite these hurdles, his determination and willingness to improve brought him into the fold of the Assam Rifles and Homeland Security initiative. What followed was a focused period of training that helped him prepare for the demanding Indian Army selection process. The initiative provided him not only physical training, but also the confidence, discipline and personality development needed to compete at the national level.

The Assam Rifles played a crucial role by creating the enabling ecosystem for the programme. It facilitated training space, logistical arrangements and administrative support, ensuring that motivated youth from the region had access to a structured platform. Homeland Security, as the training partner, brought in specialised instruction through modules focused on discipline, communication, personality development, tactical preparedness and employment-oriented grooming.

For Laishram, one of the biggest initial challenges was communication, particularly in Hindi and English. These barriers often become a major disadvantage for candidates from remote areas when they appear for recruitment processes, interviews or formal training environments. Through regular mentorship and communication-focused modules, he gradually developed the confidence required to present himself effectively and meet the expectations of the Indian Army selection pipeline.

His successful induction as an Agniveer into the Brigade of the Guards marks a proud moment not only for his family and village, but also for the larger training ecosystem that supported him. The Brigade of the Guards, one of the Indian Army’s distinguished infantry regiments, is known for its proud traditions and high standards. For a young man from Kakching district to earn a place in such a regiment highlights the potential that exists among Manipur’s youth when given the right guidance and opportunity.

However, Laishram’s success is not an isolated case. The first training batch under this Assam Rifles-Homeland Security partnership has already produced multiple success stories across different sectors. The initiative is gradually emerging as a model for how public-paramilitary support and private-sector training expertise can be combined to generate meaningful employment outcomes for youth in the Northeast.

Another inspiring example is that of Ningthoujam Ranjit Singh from Heirok. Coming from a background of severe socio-economic hardship, Ranjit had worked as a labourer in a brick factory before joining the programme. His journey from brick kilns to a corporate role reflects the wider scope of the initiative, which is not limited to military recruitment alone.

Through communication training, personality development and professional grooming, Ranjit was able to improve his employability and secure a position as a Senior Supervisor at a major corporate enterprise in Pune. His achievement underlines the fact that disciplined training and structured mentorship can open doors far beyond the immediate region, allowing young people from Manipur to compete and succeed across India.

The success of both Laishram and Ranjit demonstrates the versatility of the programme. While one has moved into the frontlines of national service as an Agniveer in the Indian Army, the other has entered a corporate leadership role. Together, their stories represent two different but equally important pathways of empowerment — one through military service and the other through professional employment.

At a time when youth employment, skill development and social stability remain critical issues in many parts of the Northeast, such initiatives carry deep significance. They help channel the energy of young people into constructive careers, reduce vulnerability to negative influences and strengthen their sense of confidence, discipline and national belonging.

The Assam Rifles, often described as the “Sentinels of the Northeast,” has long played a role beyond conventional security duties in the region. Through civic action programmes, youth engagement, medical assistance, education support and recruitment-oriented activities, the force has consistently worked to build bridges with local communities. This latest partnership with Homeland Security adds another dimension to that outreach by linking training directly with employment outcomes.

For Homeland Security, the initiative reflects the importance of industry-oriented training in regions where talent is abundant but exposure remains limited. By focusing on communication, discipline, grooming and practical employability skills, the programme is helping young aspirants bridge the gap between ambition and opportunity.

The larger impact of this initiative lies in its replicable model. By combining the grassroots reach and credibility of Assam Rifles with the training expertise of Homeland Security, the programme has created a blueprint that can be expanded to other districts and communities. It shows that employment generation in sensitive and remote regions does not depend only on large infrastructure projects; it can also begin with targeted training, mentorship and institutional trust.

For the youth of Manipur, stories like those of Laishram Nongsaba Singh and Ningthoujam Ranjit Singh carry a powerful message. They show that humble beginnings, whether as a security guard or a brick kiln worker, need not define one’s future. With the right platform, discipline and guidance, young people can rise from difficult circumstances and build careers of dignity, responsibility and national relevance.

The Assam Rifles and Homeland Security initiative is therefore more than a training programme. It is a grassroots nation-building effort that is turning local potential into professional achievement. From security posts to Army frontlines, and from brick factories to corporate offices, the programme is transforming lives and contributing to socio-economic progress in the Northeast.

As more success stories emerge from Manipur, this partnership stands as a reminder that meaningful empowerment begins when institutions invest in the aspirations of ordinary youth. In Laishram’s Army uniform and Ranjit’s corporate role lies a shared story of resilience, opportunity and transformation — a story that reflects the changing face of youth development in the region.",SSBCrack,https://www.ssbcrack.com/2026/05/from-security-guard-to-soldier-laishram-nongsaba-singh-joins-indian-armys-brigade-of-the-guards.html,"05/27/2026, 07:00 AM, +0000 UTC",Development & Infrastructure
"Indian Army, Airtel Partner to Boost 4G Connectivity in Arunachal Border Regions","The Indian Army has formalized a strategic partnership with telecom giant Bharti Airtel through a Memorandum of Understanding (MoU), focused on dramatically improving 4G mobile connectivity across the remote and strategically vital border areas of Arunachal Pradesh. This collaborative effort is set to address long-standing communication challenges in the region, benefiting both military personnel stationed there and the local communities.

Under the terms of the agreement, Airtel will undertake the deployment of advanced 4G services, thereby extending robust network coverage to areas that have historically suffered from limited or no cellular access. This initiative is particularly crucial for troops operating along the Line of Actual Control (LAC), ensuring reliable communication channels essential for operational effectiveness and coordination.

Beyond military applications, the expansion of high-speed internet services is expected to bring substantial benefits to the civilian population residing in these frontier districts. Improved connectivity will facilitate access to essential digital services, enhance educational opportunities, support telemedicine initiatives, and stimulate local economies by connecting residents to broader markets. This move aligns with the national vision of digital inclusion and equitable access to modern amenities for all citizens, irrespective of their geographical location.

The initiative underscores the government's sustained focus on bolstering infrastructure development in India's northeastern border states, particularly Arunachal Pradesh, given its unique geopolitical significance. Enhancing telecommunications infrastructure is seen as a critical component of national security and regional development, complementing ongoing efforts in road, rail, and air connectivity. This joint endeavor between the armed forces and a private sector leader marks a significant step towards fortifying India's border regions and integrating them more fully into the nation's digital fabric.",pragnews.com,https://pragnews.com/en/indian-army-airtel-partner-to-boost-4g-connectivity-in-arunachal-border-regions,"06/15/2026, 07:00 AM, +0000 UTC",Development & Infrastructure
Army steps up patrols in Manipur hills to block hostile infrastructure,"Live Events



as a Reliable and Trusted News Source Addas a Reliable and Trusted News Source Add Now!

(You can now subscribe to our

(You can now subscribe to our Economic Times WhatsApp channel

Guwahati: In continuation of ongoing operations astride NH-202, the Security Forces led by the Indian Army launched a coordinated Joint Area Domination Patrols again in the general areas of Jalenbung hills and Thoyee Heights in Ukhrul district of Manipur to maintain the security situation and preventing re-establishment of hostile infrastructure The operation commenced with two joint columns comprising teams from the Indian Army, CAPF and Manipur Police carrying out the operation on both sides of the highway respectively. In the Jalenbung Hills, a systematic sweep resulted in the identification and subsequent destruction of multiple bunkers that had previously been dismantled but were found to be re-established. A total of five such bunkers were destroyed in the area.Simultaneously, in Thoyee Heights, a series of bunkers along the Mahadev Hills and Thoyee Heights were identified, five repaired bunkers that had earlier been dismantled were destroyed again.Overall, a total of ten bunkers were destroyed during the coordinated operation.The operation underscores the continued synergized resolve of the Security Forces to deny any attempts at re-establishment of hostile firing positions, while ensuring peace and stability in the region through sustained and coordinated efforts.",The Economic Times,https://m.economictimes.com/news/india/army-steps-up-patrols-in-manipur-hills-to-block-hostile-infrastructure/articleshow/130324757.cms,"04/17/2026, 07:00 AM, +0000 UTC",Development & Infrastructure
Army builds unique café on decommissioned bridge,"[ Prem Chetry ]

ZEMITHANG, 19 Mar: Promoting community development and sustainable tourism, the Indian Army has built a unique café – Border Brew Café – on a decommissioned bridge here in Tawang district, under Operation Sadbhavana.

The café, which was inaugurated on Wednesday, stands as a unique and pioneering initiative, constructed on a decommissioned Bailey bridge over the Nyamjang Chu river. This innovative concept makes it one of a kind in the entire Northeast India, blending heritage infrastructure with modern utility.

Developed with a vision to create livelihood opportunities and enhance local engagement, the café is poised to emerge as an iconic pit stop in Zemithang, attracting tourists, visitors, and travellers exploring the region.

Lumla MLA Tsering Lhamu lauded the innovative idea of the Indian Army, stating that it is a proud moment for the people of the valley. She said that “this initiative has beautifully blended creativity with community welfare.

“This cafe stands as a symbol of opportunity for locals, a boost to border tourism, and a step towards sustainable development in our remote regions,” she added, noting that such efforts truly strengthen the bond between the armed forces and the people while opening new avenues for livelihood and growth.

Demonstrating exceptional planning, dedication, and execution capability, the Indian Army completed the construction of this landmark project in a record time of just 31 days.

The project underscores the ethos of Operation Sadbhavana, which aims to foster goodwill, strengthen civil-military relations, and contribute meaningfully to the socioeconomic upliftment of border communities.

The inauguration ceremony witnessed enthusiastic participation of local residents, dignitaries, and Army personnel, marking a proud moment for the region and setting the stage for enhanced tourism and community development in Zemithang valley.",The Arunachal Times,https://arunachaltimes.in/article/army-builds-unique-cafe-on-decommissioned-bridge,"03/20/2026, 07:00 AM, +0000 UTC",Development & Infrastructure
‘China Stopped Indian Army From Patrolling In Parts Of Arunachal’: Claims Rahul Gandhi,"NET Web Desk

Congress leader Rahul Gandhi on Thursday alleged that China has prevented Indian troops from patrolling certain areas along the Line of Actual Control (LAC) in Arunachal Pradesh, claiming the government was attempting to keep the development from public attention.

There was no immediate response from the government to the allegations. No official confirmation has been issued regarding any such development in Arunachal Pradesh.

Gandhi made the allegations while addressing the national convention of the ‘Rachnatmak Congress’. He claimed that China had told Indian troops they could not patrol areas that India considers its own and alleged that the government was pressuring media organisations not to report the matter.

His remarks came after the Ministry of External Affairs (MEA) said on Tuesday that border issues with China remain a matter of serious concern and that maintaining peace and tranquillity along the LAC is of utmost importance for the broader relationship between the two countries.

The MEA statement followed reports of increased Chinese military activity in Arunachal Pradesh’s Upper Subansiri region. China on Wednesday described the situation along the India-China border as “generally stable”, while declining to comment on reports of increased military activity near Arunachal Pradesh.

The Congress Foreign Affairs Department, headed by former external affairs minister Salman Khurshid, also expressed concern over reports that China had allegedly restricted Indian access to traditional patrolling points in Taksing, Arunachal Pradesh.

The party cited claims regarding Chinese infrastructure development near the border and called on the government to take steps to protect India’s territorial integrity.

The Congress demanded that Prime Minister Narendra Modi address the nation on the reported developments and constitute an all-party delegation to assess the situation on the ground. It also urged Modi to raise the issue directly with Chinese President Xi Jinping during his proposed visit to India.",Northeast Today,https://northeasttoday.in/northeast/arunachal-pradesh/china-stopped-indian-army-from-patrolling-in-parts-of-arunachal-claims-rahul-gandhi/,"08/14/2026, 07:00 AM, +0000 UTC",Development & Infrastructure
Arunachal: Indian Army Builds Homestay in Border Village Taksing,"TAKSING- As part of border area development initiatives, the Indian Army has constructed a double-storey homestay at the remote border village of Taksing in Upper Subansiri district of Arunachal Pradesh under Operation Sadbhavna. The facility has been dedicated to the local community under the Vibrant Village Programme, officials said.

The project was executed by the Spearhead Division of Spear Corps with the objective of strengthening community welfare, generating sustainable livelihood opportunities and promoting border tourism in the region. Located close to the international border, Taksing is among the most remote villages of the state and holds strategic significance.

Also Read- Longding Registers 827 Tourist Arrivals in November

According to officials, the newly constructed homestay is expected to provide a stable source of income for local residents by encouraging tourism and improving hospitality infrastructure in the area. The initiative is also aimed at creating economic opportunities while enhancing connectivity between border communities and the rest of the country.

Local villagers have welcomed the initiative and expressed appreciation for the Indian Army’s continued efforts towards inclusive development and civil-military cooperation in border regions. Residents said the homestay would help attract visitors and create employment opportunities for youth and households in the village.

Also Read- IMD Forecasts Snowfall in Arunachal’s Higher Reaches

Officials said the project reflects the broader vision of the Vibrant Village Programme, which focuses on improving living conditions, infrastructure and economic prospects in border villages to prevent migration and strengthen local communities.

The initiative aligns with the guiding principle of “Seema Suraksha ke Saath Sabka Vikas & Sabka Vishwas,” underlining the Indian Army’s role not only in safeguarding national security but also in contributing to the socio-economic development of people living in frontier areas",Arunachal24,https://arunachal24.in/arunachal-indian-army-builds-homestay-in-border-village-taksing/,"12/30/2025, 08:00 AM, +0000 UTC",Development & Infrastructure
"Army key to peace, stability in Northeast: Himanta Sarma","Assam Chief Minister, Himanta Biswa Sarma, held a meeting with General Officer Commanding (GOC) of the Indian Army's Gajraj Corps, Lieutenant General Neeraj Shukla, and discussed issues related to peace, stability and th...

ARCHIVE RESTRICTION (OLDER THAN 30 DAYS)

This News Story is in the Tripuratimes Digital Archive

Free online public access is provided for news content published within the last 30 days. For full historical editions and complete archives, please subscribe to Tripura Times ePaper & Archives,

For further assistance feel free to write to us at tripuratimesdigital@gmail.com",Tripuratimes,https://tripuratimes.com/ttimes/army-key-to-peace-stability-in-northeast-himanta-sarma-39711.html/,"07/17/2026, 07:00 AM, +0000 UTC",Development & Infrastructure
Sweet smell of bread from Army camps in Arunachal's Menchuka,"GUWAHATI: Army camps along the Indo-China border in Arunachal Pradesh's Menchuka sometimes smell like freshly baked bread.

In a new initiative aimed at empowering local communities and promoting self-reliance, the Army organised a month-long comprehensive bakery training programme for civilians at Menchuka (also Mechuka) town.

The training was designed to provide participants with practical knowledge and hands-on experience in bakery techniques, including breadmaking, cake preparation, pastry production and hygiene standards in food processing.

15 women had enrolled for the training that concluded on March 1.

“The response was extremely positive from the participants who expressed a keen interest in learning bread and cakemaking. They demonstrated remarkable improvement over the duration of the training,” an Army officer told TNIE.

He further stated that locally deployed personnel, with prior training, experience and proficiency in the trade, were engaged in conducting and supervising the training, so the participants could establish small-scale bakery enterprises, contributing to local economy and employment generation.",The New Indian Express,https://www.newindianexpress.com/india/2026/Mar/02/sweet-smell-of-bread-from-army-camps-in-arunachals-menchuka,"03/02/2026, 08:00 AM, +0000 UTC",Development & Infrastructure
Airtel partners with Indian Army to extend mobile coverage across Arunachal Pradesh,"Airtel has announced the successful completion of the first phase of a strategic initiative to enhance mobile connectivity across remote regions in Arunachal Pradesh. The project was executed in partnership with the 4 Corps of the Indian Army, which is headquartered in Tezpur.

With this deployment, Airtel has established mobile connectivity in several mountainous, high-altitude, and historically difficult-to-access sectors of the state. The infrastructure upgrade is designed to provide reliable voice and data services for both military personnel and local civilian populations residing in these remote border areas.

Infrastructure Deployment and Challenges

During the initial phase of the initiative, Airtel deployed network infrastructure across 30 Army stations situated in challenging terrain. Telecommunications expansion in these regions has historically been restricted by severe geographical and logistical constraints.

The project relied heavily on joint collaboration between the service provider and the Indian Army. To overcome the lack of conventional road access in multiple locations, the Indian Army provided logistical assistance, which included:

Transporting Airtel technical teams and specialized telecommunication equipment deep into mountainous zones.

Assisting with fiber-optic cable deployment.

Supporting the establishment of necessary power infrastructure.

Future Expansion: Phase 2

Following the completion of the first phase, Airtel and the Indian Army have agreed to initiate Phase 2 of the project. This next stage will extend the network infrastructure to 15 additional locations across Arunachal Pradesh, continuing the efforts to reduce connectivity gaps in the region’s most isolated environments.

Regarding this, Balaji R, CEO – North East and Assam, Bharti Airtel, said:

This initiative reflects Airtel’s continued commitment to extending connectivity to some of the country’s most difficult terrains. The rollout required extensive coordination between Airtel teams and local support units to overcome immense terrain and weather-related challenges. Our teams operated under demanding high-altitude conditions and adverse weather to ensure timely and secure network activation. We are deeply grateful to the Indian Army for their unparalleled logistical support, which made it possible to bring digital connectivity to these frontier regions.",FoneArena.com,https://www.fonearena.com/blog/485236/airtel-mobile-network-arunachal-pradesh-indian-army.html,"06/17/2026, 07:00 AM, +0000 UTC",Development & Infrastructure
Indian Army accelerates the induction of indigenous small arms,"The Indian Army is inducting a growing number of indigenously developed small arms, signalling rising momentum for the country’s still maturing small-arms industry.

Amongst the slew of domestically developed carbines and machine guns entering the fray, the Indian paramilitary force the Assam Rifles is set to induct the domestically developed ASMI 9x19mm machine pistol.

In February, the Indian firm Lokesh Machines – the production partner for the weapon – disclosed in a stock exchange filing that it had gained this order from Assam Rifles. Deliveries are to conclude within 90 days.

The Indian Army’s Northern Command had earlier inducted 550 units in November 2024.

The ASMI was jointly developed by the Armament Research & Development Establishment (ARDE), a laboratory under the Defence Research & Development Organisation (DRDO), in collaboration with the Indian Army’s Infantry School in Mhow.

The weapon features a unique, semi-bullpup design that allows single-handed operation either as a pistol or a submachine gun. It was designed primarily for close-quarters battle (CQB) and specialised operations.

Chambered for in-service 9x19mm ammunition, the ASMI features an upper receiver made from aircraft-grade aluminium and a carbon-fibre lower receiver. Various other components, including trigger elements, are produced using additive manufacturing.

Its development commenced in 2020, with the weapon unveiled in January 2021. India’s Ministry of Defence (MoD) stated the weapon can be used as a personal weapon for heavy-weapon detachments, vehicle crews, drivers/despatch riders and radio/radar operators, in addition to troops engaged in counterinsurgency and counterterrorism operations.

At the time, the projected cost of each machine pistol was pegged at approximately INR50,000 (US$685).

Additional carbines and pistols

Elsewhere, Bharat Forge secured a major Indian Army order in December 2025 for 255,128 CQB carbines (5.56x45mm). The INR16.62 billion (US$189 million) contract is to be completed by 2031.

The carbine chosen had been jointly developed by ARDE and Bharat Forge. Weighing 3.3kg, the weapon has a 30-round magazine and an effective range of 200m. It can fire both NATO-standard and Indian Small Arms System (INSAS) ammunition. India’s MoD had approved the procurement of 425,213 5.56x45mm carbines in 2022.

In the same month of December 2025, India also issued a request for information for 100,000 9mm pistols to be produced domestically. The new pistol will replace the long-serving 9mm Browning Hi-Power, which is produced under license in India at Ishapore.

Assault rifle developments

In February, India’s SSS Defence announced it had taken the decision to participate in the UK MoD’s Project Grayburn. The UK announced in January its intent to replace the SA80 family of rifles.

Project Grayburn will deliver five distinct variants, most likely based upon a common lower receiver. A dismounted close-combat rifle and another shortened version will replace the SA80A3, a personal defence weapon will replace the L22 carbine, while a generalist weapon will replace the SA80A2. A cadet rifle to replace the L98 Cadet GP will also be acquired.

Chambered for 5.56x45mm ammunition, SSS Defence’s M72 solution can be configured with different barrel lengths – 10.5, 12.5, 14.5 and 16 inches. The barrel with high-wear resistance is offered with a chrome plating or nitride finish.

The rifle’s ambidextrous controls include a multi-mode fire selector, charging handle and magazine catch. The M72 is also equipped with a drop-in trigger, an adjustable buttstock and Picatinny rails at the 3, 6, 9 and 12 o’clock positions.

Separately, India’s Ministry of Science and Technology is supporting the indigenously developed Ugram 7.62x51mm assault rifle through programme funding from the Technology Development Board.

This Ugram assault rifle, developed in partnership with ARDE, is tailored for counterinsurgency and counterterrorism operations. The weapon employs a long-stroke piston mechanism, and all pressure-bearing parts use high-strength steel. The weapon incorporates a high-grade, nylon-based handguard, pistol grip and buttstock, along with ambidextrous controls and a side-mounted cocking handle.

Five Ugram prototypes concluded initial testing with ARDE in 2025.

by Mike Rajkumar",Asian Military Review,https://www.asianmilitaryreview.com/2026/02/indian-army-accelerates-the-induction-of-indigenous-small-arms-foc/,"02/24/2026, 08:00 AM, +0000 UTC",Development & Infrastructure
COAS reviews Manipur security,"Imphal, July 28: Chief of the Army Staff (COAS), General Dhiraj Seth, on Monday reviewed the prevailing security situation in Manipur during his ongoing visit to the Spear Corps, reaffirming the Indian Army's commitment to maintaining peace, stability and operational preparedness in the region.

During the visit, General Seth received a comprehensive briefing from senior military commanders on the current security environment, ongoing operational deployments and measures being undertaken to address evolving security challenges in the state.

The Army Chief was also briefed on the operational preparedness of the Inspector General Assam Rifles (South), Inspector General Assam Rifles (East), and the Red Shield Division. The presentations focused on counter-insurgency operations, border management, force readiness and coordination among various security agencies to ensure stability across the region.

Reviewing the Army's wider role beyond security operations, General Seth assessed the extensive nation-building initiatives being undertaken by the Army formations and the Assam Rifles. These initiatives include community outreach programmes, infrastructure development, educational support, healthcare assistance and other civic action projects aimed at promoting peace, trust and sustainable development in Manipur and other parts of the Northeast.

The Army Chief appreciated the efforts of the formations in strengthening engagement with local communities while maintaining a high level of operational effectiveness.

General Seth also interacted with troops deployed in the region and commended them for their professionalism, dedication and unwavering commitment under challenging operational conditions. He urged all ranks to remain vigilant, operationally agile and future-ready to effectively tackle emerging security threats.

He emphasised the importance of maintaining the highest standards of readiness while continuing to contribute towards lasting peace, security and development in the region.

The visit underscores the Indian Army's continued focus on enhancing operational capability, strengthening civil-military cooperation and supporting initiatives that foster long-term stability and progress across Manipur and the Northeast.",Brighter Kashmir,https://brighterkashmir.com/coas-reviews-manipur-security,"07/29/2026, 07:00 AM, +0000 UTC",Development & Infrastructure
Airtel Becomes First Telecom Operator to Extend Mobile Network to High-Altitude Army Locations in Arunachal Pradesh,"Bharti Airtel has announced the completion of the first phase of a strategic connectivity initiative undertaken in collaboration with the Indian Army’s 4 Corps headquartered at Tezpur. The project has enabled the deployment of mobile network infrastructure across remote and high-altitude Army locations in Arunachal Pradesh, one of India’s most challenging regions for telecommunications deployment.

BSNL Takes a Different Approach to Fixed Broadband Than Jio and Airtel

Jio, Airtel and Vi Don’t Want Users to Cheapen Out

According to Bharti Airtel, the initiative makes it the first telecom operator to extend mobile connectivity to several high-altitude Army locations in the state. The company said the deployment is aimed at improving communication capabilities in remote areas while helping military personnel and local communities remain connected through mobile services.

As part of Phase 1 of the project, Airtel successfully deployed telecommunications infrastructure across 30 Army stations located in mountainous and difficult-to-access regions of Arunachal Pradesh. The company noted that many of these locations are situated in areas where geographical conditions make infrastructure deployment particularly challenging. The rugged terrain, high altitudes and limited accessibility have historically made network expansion difficult in these regions.

With the completion of the rollout, Airtel said mobile connectivity is now available across these locations, helping improve communication capabilities in areas that previously faced connectivity challenges.

TELECOMTALK INTELLIGENCE Follow the Global Telecom Conversation Get our weekly intelligence briefing covering telecom, AI, devices, data centres and digital infrastructure. in Subscribe on LinkedIn →

Also Read: One Airtel Plan Quietly Combines Data, OTT, Cloud Storage and More

The project forms part of a broader effort to enhance telecommunications access in remote regions and strengthen digital connectivity in strategically important areas of the country.

Indian Army Played a Key Role

Bharti Airtel highlighted the significant support provided by the Indian Army during the execution of the project.

According to the company, the Army played a critical role in facilitating the deployment by assisting with fibre rollout, power infrastructure and logistics support required for network installation activities the collaboration also helped Airtel overcome some of the operational challenges associated with working in difficult terrain.

In several locations where conventional road access was unavailable, Army personnel assisted with the transportation of Airtel’s technical teams and equipment. This support enabled the company to carry out network deployment activities in remote mountain regions that would otherwise have been difficult to access.

The partnership between Airtel and the Indian Army helped ensure that the first phase of the project could be completed successfully despite the challenging operating conditions.

Also Read: Cheapest 5G Plans Compared: Jio vs Airtel vs Vodafone Idea in June 2026

Phase 2 to Cover Additional Locations

Following the successful completion of the first phase, Airtel and the Indian Army have agreed to move forward with the second phase of the initiative under Phase 2, telecommunications infrastructure will be deployed across 15 additional locations in Arunachal Pradesh.

The next phase is expected to further expand connectivity coverage in remote regions of the state and build upon the progress achieved during the initial rollout.

Also Read: BSNL Takes a Different Approach to 5G FWA Than Jio and Airtel

The planned expansion reflects the continued collaboration between the two organisations and their shared objective of improving connectivity in frontier areas.

Airtel Reaffirms Commitment to Remote Connectivity

Commenting on the development, Balaji R, CEO – North East and Assam, Bharti Airtel, said the company remains committed to connecting some of India’s most remote and challenging locations. He noted that Airtel’s teams worked under difficult conditions, including high-altitude environments and challenging weather, to deploy network infrastructure across the designated locations.

Balaji R also acknowledged the support extended by the Indian Army, stating that the collaboration was instrumental in making the project possible. According to Airtel, the successful completion of Phase 1 demonstrates what can be achieved through coordinated efforts between telecommunications providers and government institutions when addressing connectivity requirements in difficult terrain.

Also Read: Airtel Expands 5G Footprint Across Punjab, Haryana, Himachal Pradesh and J&K

With mobile network infrastructure now deployed across 30 Army stations and plans in place to connect 15 additional locations, Airtel said it will continue supporting efforts to expand communications infrastructure in underserved and strategically important regions of the country.

The project represents another step in extending connectivity beyond urban centres and into remote areas where reliable communication services can play an important role for both security personnel and local communities.

If this article saved you time or helped you decide better, consider supporting our work.",TelecomTalk,https://telecomtalk.info/airtel-first-telecom-operator-extend-mobilenetwork-arunachalpradesh/1008729/,"06/17/2026, 07:00 AM, +0000 UTC",Development & Infrastructure
Indian Army launches community radio station in Sikkim,"The Indian Army has launched 88.4 FM Radio Sikkim Sundari, the first Border Village Community Radio Station in East Sikkim, to enhance communication and information access in remote high-altitude border areas of the state.

The station, established in Sikkim, addresses challenges such as geographic isolation, harsh weather conditions, and limited mobile and internet connectivity, according to a press release. It aims to bridge the information gap by providing reliable and timely communication for citizens in this region.

ADVERTISEMENT

Stay connected Make The News Mill your preferred source See more TNM stories when you search for news on Google. Add TNM on Google

Radio Sikkim Sundari will broadcast local news, weather updates, and information on government schemes. It will also promote regional culture and address community issues, while offering local youth an opportunity to participate and develop communication skills, thereby fostering community engagement.

The inauguration was attended by senior officers of the Trishakti Corps, representatives of the civil administration, and members of the local community.

ADVERTISEMENT

The station’s programmes will focus on agriculture, education, and community development.

A senior military official commented that the initiative will help connect communities, amplify local voices, and support development in remote areas.

Separately, Additional Director General Border Roads (East), Jitendra Prasad, VSM, visited the landslide-affected area at Taramchu in North Sikkim, one of the most challenging terrains in the region. According to the Defence PRO, he personally assessed the ground situation and interacted with Border Roads Organisation (BRO) personnel deployed there.

ADVERTISEMENT

During the visit, he reviewed ongoing restoration efforts and issued instructions to expedite works to ensure early reopening of the route. He also carried out a detailed inspection of progress, emphasising the BRO’s commitment to restoring and strengthening connectivity in the area.

He stated that in such remote and sensitive regions, roads are vital not only as infrastructure but for survival, development, and maintaining crucial links between border communities and the rest of the nation.

The Defence PRO noted that the visit boosted personnel morale and reaffirmed the BRO’s ethos of leading from the front, highlighting its dedication to nation-building in demanding environments.",The News Mill,https://thenewsmill.com/2026/04/indian-army-launches-sikkims-first-border-village-community-radio-on-88-4-fm/,"04/12/2026, 07:00 AM, +0000 UTC",Development & Infrastructure
COAS reviews Eastern Command's forward preparedness,"Kolkata, July 17: Chief of the Army Staff (COAS) General Dhiraj Seth reviewed the operational preparedness and overall security situation in the Eastern Command during a three-day visit from July 14 to 16, reaffirming the Indian Army's focus on combat readiness, modernisation and development initiatives across the Northeast.

During the visit, the Army Chief was briefed on operational deployment along forward areas, infrastructure development, indigenous modernisation programmes and technology-driven capability enhancement aimed at strengthening the Army's operational effectiveness.

General Seth also reviewed measures being undertaken to improve combat preparedness and assessed ongoing community outreach initiatives designed to promote peace, stability and socio-economic development in the Northeast.

The COAS interacted with personnel of the Indian Army, Assam Rifles and Central Armed Police Forces (CAPFs), appreciating their professionalism, dedication and unwavering commitment to safeguarding the nation's frontiers.

He lauded the security forces for their exemplary role in Humanitarian Assistance and Disaster Relief (HADR) operations, as well as their continued contribution to nation-building through civic action programmes and community engagement initiatives.

Emphasising the importance of operational excellence, technological advancement and indigenous capability development, General Seth encouraged troops to maintain the highest standards of preparedness while strengthening cooperation with local communities.

The visit underscored the Indian Army's commitment to enhancing security, improving infrastructure in strategically important areas and fostering peace and development across the Northeast through close coordination among the Army, Assam Rifles and other security agencies.",Brighter Kashmir,https://brighterkashmir.com/coas-reviews-eastern-commands-forward-preparedness,"07/18/2026, 07:00 AM, +0000 UTC",Development & Infrastructure
Indian Army constructs double-storey homestay in remote border village of Arunachal,"The Indian Army constructed a homestay at the border village of Taksing under Vibrant Village Program through ‘Operation Sadbhavna’ in Arunachal Pradesh’s Upper Subansiri District, officials said on Monday.Defence spokesman Lt Col Mahendra Rawat said that as part of an initiative towards border area development, the Indian Army, under ‘Operation Sadbhavna’, has constructed a double-storey homestay at the remote border village of Taksing in Upper Subansiri district of Arunachal Pradesh.He said that the facility has been dedicated to the local community under the Vibrant Village Programme.According to the defence spokesman, the project has been executed by the Spearhead Division of Spear Corps to strengthen community welfare, generate sustainable livelihood opportunities and promote border tourism in the region.The homestay is expected to provide a reliable source of income to residents while improving tourism infrastructure in this strategically important border area, he said.According to Lt Col Rawat, the initiative has been warmly appreciated by the local villagers, who acknowledged the Indian Army’s continued efforts towards inclusive development and civil-military cooperation in remote and border regions.This endeavour reflects the spirit of “Seema Suraksha ke Saath Sabka Vikas & Sabka Vishwas (security of borders along with development for all and trust of all),” reinforcing the Indian Army’s commitment not only to safeguarding the nation’s borders but also to contributing meaningfully to the socio-economic development of border communities, the spokesman said.Indian Army’s ‘Operation Sadbhavana’ (Goodwill) is a long-running military-led civic action program, primarily in Jammu and Kashmir and Ladakh as well as in Northeastern region, focused on winning hearts and minds by addressing socio-economic needs through education (Army Goodwill Schools), healthcare (medical camps), infrastructure development (water, power, roads), and empowering women/youth via vocational training, counteracting alienation and fostering national integration.",Defence.in,https://defence.in/threads/indian-army-constructs-double-storey-homestay-in-remote-border-village-of-arunachal.16410/,"12/30/2025, 08:00 AM, +0000 UTC",Development & Infrastructure
Indian Army Extends Educational Support to Lachung School under Sadbhavana Project,"Lachung, Jan 26: Reinforcing its commitment to community development, the Indian Army, under the Sadbhavana Project, provided essential amenities to Lachung Government Secondary School in North Sikkim. The initiative aims to enhance the learning environment and support the holistic development of students—the future pillars of the village.

The support extended to the school reflects a deeper understanding of the challenges faced by children in remote and high-altitude areas. By improving basic infrastructure and facilities, the Army has contributed meaningfully to creating a more conducive atmosphere for education and growth.

This thoughtful gesture once again highlights that the Indian Army’s role goes beyond border security. Through sustained people-centric initiatives, it continues to stand with local communities, investing in education as a foundation for a stronger and more resilient future.",thesikkimchronicle.com,https://www.thesikkimchronicle.com/indian-army-extends-educational-support-to-lachung-school-under-sadbhavana-project/,"01/13/2026, 08:00 AM, +0000 UTC",Development & Infrastructure
"Operation Him Setu: Indian Army and BRO safely evacuate 1,321 tourists stranded by a landslide in Lachen, North Sikkim","Guwahati: Indian Army’s Trishakti Corps Launches Operation Him Setu to evacuate stranded tourists in Lachen, North Sikkim. Landslides have disrupted road connectivity between Lachen and Chungthang in North Sikkim, impacting movement in the region.

Responding swiftly, the Trishakti Corps under Eastern Command, Indian Army, launched Operation Him Setu to restore access and assist stranded tourists. Despite severe weather and heavy snowfall, troops have opened critical passes and activated alternate routes to enable evacuation.

The evacuation of all stranded tourists in Lachen, North Sikkim, was successfully completed in an incident-free, coordinated, and seamless manner within 48 hours, despite adverse weather conditions. A total of 1321 tourists and 84 local residents were safely evacuated during the operation.

Connectivity in the affected area had been restored through the construction of a footbridge, enabling safe and continuous evacuation across disrupted stretches following landslide damage on the Lachen–Chungthang road.

Reception centres were established at key locations to provide food, shelter and medical care, while medical teams remained deployed to assist those in need. Army vehicles also assisted in towing civilian vehicles across difficult terrain.

The operation was executed in close coordination with the civil administration and the Border Roads Organisation (BRO), which simultaneously undertook road clearance, snow removal and restoration of connectivity under challenging terrain and weather conditions.

The evacuation effort was led by the Trishakti Corps under Eastern Command, Indian Army, with troops maintaining a continuous ground presence to ensure safe and orderly movement throughout the operation.

An Army official stated, “Troops ensured restoration of connectivity, including construction of temporary bridges and safe crossing points, enabling uninterrupted evacuation despite adverse conditions.”

The Border Roads Organisation is working in close coordination with troops of Trishakti Corps, undertaking continuous road clearance, snow removal and restoration of connectivity under challenging weather and terrain conditions. Army vehicles were employed for towing civilian vehicles across steep and snowbound stretches. Medical emergencies and citizens requiring assistance have been evacuated promptly.

The Indian Army is working in close coordination with the civil administration, providing on-ground assistance, medical aid and facilitating de-induction as conditions permit. An Army official stated, “Our foremost priority is the safety and well-being of every citizen. Our teams remain committed to providing all necessary assistance on the ground.” The situation continues to be closely monitored.",organiser.org,https://organiser.org/2026/04/09/347967/bharat/operation-him-setu-indian-army-and-bro-safely-evacuate-1321-tourists-stranded-by-a-landslide-in-lachen-north-sikkim/,"04/09/2026, 07:00 AM, +0000 UTC",Development & Infrastructure
Indian Army builds log hut in remote village,"TAKSING, 5 Jan: The Indian Army’s Spearhead Division has constructed a log hut with water storage facility in Ojugo village here in Upper Subansiri district.

The infrastructure was created as part of Operation Sadbhavana, the Indian Army’s flagship initiative aimed at promoting welfare, development and trust-building among local communities in far-flung and strategically important regions. The newly constructed facility will provide essential shelter and assured water availability, directly benefitting local villagers and graziers.",The Arunachal Times,https://arunachaltimes.in/article/indian-army-builds-log-hut-in-remote-village,"01/06/2026, 08:00 AM, +0000 UTC",Development & Infrastructure
Security forces intensify joint ops after militants fire on Army post in Manipur,"Imphal, March 26: Continuing massive joint operations in Manipur, security forces on Thursday intensified combing operations in Bishnupur district following an attack by suspected Kuki militants targeting an Indian Army post at Phougakchao Awang Leikai.

The joint operation, involving the Indian Army, Central Reserve Police Force (CRPF), Manipur Police and Indian Reserve Battalion (IRB), has been launched in the affected areas and adjoining hill regions to track down the attackers and prevent any further escalation.

The incident that triggered the operation occurred late Wednesday night along the Bishnupur–Churachandpur axis, when suspected armed militants opened fire in the Phouljang and Gothol areas.

“On 25 March 2026, at approximately 11:40 PM, suspected armed Kuki militants opened fire in the general area of Phouljang/Gothol, directing their fire towards an Indian Army post,” Manipur Police said in a statement.

“The Indian Army and the Central Reserve Police Force (58th Battalion), deployed in the area, responded swiftly by returning fire towards the source, resulting in an exchange that lasted approximately 30 minutes,” it further added.

A police official said that the forces retaliated promptly, leading to a gunbattle that continued for around half an hour.

Security forces have since intensified vigil in the region, with search operations underway in surrounding areas.

“The situation continues to be closely monitored, and security forces will persist with operations in the surrounding hill areas. Civilians are requested to refrain from spreading rumours and to verify information before sharing,” the police said.

In a separate development, Manipur security forces dismantled six illegally constructed bunkers in the Litan and Mongkat Chepu Upper village areas of Ukhrul district.

“In continuation of the operation by security forces which commenced yesterday, six bunkers illegally constructed were dismantled on Wednesday at Litan and Mongkat Chepu Upper village areas,” a police statement said.

The development comes amid heightened tensions between Kuki and Tangkhul Naga villagers near Litan Sareikhong, where a Kuki woman sustained injuries in firing at Mongkot Chepu earlier this week, while two Tangkhul Naga persons were injured in a separate firing at Sharkaphung in neighbouring Kamjong district.

Both sides have since traded allegations over the attacks, further escalating tensions in the region.

Officials said the bunkers, which were used in recent gunfights between armed groups in the violence-affected Litan area, have largely been rendered ineffective following the operation.

Security forces remain on high alert, with troops strategically deployed to prevent any escalation of violence in the region.

Security forces have intensified search operations and area domination exercises in fringe and vulnerable areas to stabilise the situation and prevent further flare-ups, officials added.

With inputs from agencies",The Assam Tribune,https://assamtribune.com/north-east/security-forces-intensify-joint-ops-after-militants-fire-on-army-post-in-manipur-1609872,"03/26/2026, 07:00 AM, +0000 UTC",Development & Infrastructure
INDIAN ARMY ORGANISES A STRATEGIC SEMINAR ON ARUNACHAL PRADESH: INDIA’S DYNAMIC FRONTIER” AT DINJAN MIL...,"​The Indian Army successfully concluded a two-day seminar at Dinjan Military Station on the theme “Arunachal Pradesh: India’s Dynamic Frontier”, organised by Dao Division under the aegis of Spear Corps. The event witnessed active participation from representatives of the armed forces, civil administration and academia, reinforcing the importance of a whole-of-nation approach towards border management and regional development.

The Governor of Arunachal Pradesh, Lt Gen K T Parnaik PVSM, UYSM, YSM (Retd), graced the valedictory session of the two-day seminar as the Chief Guest and delivered the keynote address. In his remarks, he elucidated the intrinsic linkage between security and sustainable growth, underscoring that robust border management, infrastructure augmentation and inclusive development are mutually reinforcing pillars that collectively advance national resilience, regional stability and enduring prosperity in India’s eastern frontier.

Other speakers provided incisive perspectives on operational realities along the eastern frontier, emerging security challenges and the broader strategic environment. The deliberations analysed adversarial strategies and evolving threat patterns, highlighting the need for long-term security planning, integrated policy frameworks and institutional coordination to enable balanced development in frontier regions.

The deliberations culminated in valuable recommendations aimed at enhancing strategic awareness, upholding and fostering Arunachal Pradesh’s rich cultural heritage, advancing sustainable development initiatives and reinforcing civil–military convergence in the state, thereby contributing to enduring peace, stability and prosperity in the region.",NE India Broadcast,https://neindiabroadcast.com/2026/02/15/indian-army-organises-a-strategic-seminar-on-arunachal-pradesh-indias-dynamic-frontier-at-dinjan-military-station/,"02/15/2026, 08:00 AM, +0000 UTC",Development & Infrastructure
Army’s eco-tourism exposure tour to empower Arunachal students: PRO,"By Special Correspondent

ITANAGAR, Jan 11: Indian Army organised an exposure tour of college students of Arunachal Pradesh to West Bengal to promote practical learning in eco-tourism sector and develop livelihood-oriented skills, Defence spokesman Lt Col Mahendra Rawat said on Sunday.

The ongoing trip under the aegis of local military authorities, as part of ‘Operation Sadbhavna’ to enhance practical learning and livelihood-oriented skills among students.

The team – 30 students and two faculty members of NEFTU College – was flagged off from Wet Siang district HQ Aalo on January 5 to hill destinations of Darjeeling and Kalimpong.

The participants gained first-hand insights into planning and execution of sustainable eco-tourism in a fragile mountain ecosystem during Darjeeling leg, he said.

The team also interacted with district tourism officials, tea-estate stakeholders and local homestay owners, focusing on community-led hospitality, environmental conservation, responsible waste management, cleanliness practices and Happy Valley Tea Estate to understand tea tourism.

The 11-day itinerary included visits to key heritage and eco-tourism sites, like Batasia Loop War Memorial, Ghoom Monastery, Himalayan Mountaineering Institute, Padmaja Naidu Himalayan Zoological Park and Tiger Hill.

Darjeeling segment has concluded and the team has proceeded to Kalimpong. The initiative aims to empower participants to replicate sustainable eco-tourism models in their home region, promoting both conservation and local livelihoods.

They will gain first-hand exposure to homestay management, tour guiding, trek leading, visitor interaction, and eco-tourism operations, enabling them to understand best practices that can be adapted to local conditions in West Siang district, he said.

By investing in education, skill development and exposure, the Indian Army continues to strengthen civil-military bonds and support the socio-economic progress of Arunachal Pradesh, ensuring that development and opportunity reach even the most remote corners of the region, the PRO added.

This initiative reflected Indian Army’s continued commitment to nation-building beyond its core security role by empowering local youth, encouraging self-reliance and promoting sustainable livelihoods in remote and border areas, the college authority said.",Arunachal Observer,https://arunachalobserver.org/2026/01/13/armys-eco-tourism-exposure-tour-to-empower-arunachal-students-pro/,"01/13/2026, 08:00 AM, +0000 UTC",Development & Infrastructure
Operation HimSetu Rescue Mission in North Sikkim,"Background of the Operation

Operation HimSetu Rescue Mission in North Sikkim: The Indian Army launched Operation HimSetu in April 2026 to rescue stranded individuals in North Sikkim. The crisis emerged after massive landslides and heavy snowfall disrupted connectivity near the India-China border.

The operation was conducted under the Trishakti Corps, which functions under the Eastern Command. The mission demonstrated rapid response capability in one of India’s most difficult terrains.

Static GK fact: The Eastern Command of the Indian Army is headquartered in Kolkata.

Trigger Behind the Crisis

The disaster was caused by a combination of relentless snowfall and landslides in the high-altitude region. A newly constructed bridge near Tarum Chu collapsed, cutting off access to Lachen.

The bridge had been inaugurated in February 2026, highlighting infrastructure vulnerability in extreme Himalayan conditions. Road connectivity was severely damaged, isolating hundreds of civilians.

Static GK Tip: Sikkim shares international borders with China, Nepal, and Bhutan, making it strategically significant.

Scale of Rescue Operation

The Army successfully evacuated 1,321 tourists and 84 local residents, totaling over 1,400 individuals. The entire evacuation was completed within 48 hours, despite harsh weather conditions.

Rescue teams worked continuously, prioritizing medical emergencies and ensuring safe movement of stranded people. The mission was executed without any casualties, reflecting high operational efficiency.

On-Ground Response Measures

The Army implemented immediate infrastructure solutions to restore movement in the region. A temporary footbridge was constructed to allow safe crossing over damaged sections.

Multiple Army vehicles were deployed to transport evacuees, while civilian vehicles were carefully moved across difficult terrain. Reception centres were also established to provide food, shelter, and medical assistance.

Coordination with Agencies

The operation involved close coordination with the Border Roads Organisation (BRO) and local administration. Simultaneous efforts were made for snow clearance, road restoration, and connectivity repair.

Such inter-agency coordination ensured faster response and minimized delays in evacuation. It also highlighted the importance of civil-military cooperation in disaster management.

Static GK fact: The BRO was established in 1960 to develop and maintain road networks in border areas.

Strategic Importance

Operations like HimSetu highlight the Indian Army’s preparedness in border regions with extreme climatic challenges. The rescue reinforces India’s capability to protect civilians even in remote areas.

It also underlines the importance of resilient infrastructure in Himalayan regions prone to natural disasters. The mission sets a benchmark for future high-altitude rescue operations.

Static Usthadian Current Affairs Table

Operation HimSetu Rescue Mission in North Sikkim:",usthadian.com,https://www.usthadian.com/operation-himsetu-rescue-mission-in-north-sikkim/,"04/13/2026, 07:00 AM, +0000 UTC",Development & Infrastructure
"Indian Army inaugurates unique ‘Border Brew Cafe’ in Arunachal to boost tourism, local livelihoods","The initiative embodies the core ethos of ‘Operation Sadbhavna’, which focuses on fostering goodwill, strengthening civil-military relations, and contributing to the socio-economic development of border communities. The inauguration ceremony witnessed enthusiastic participation from local residents, dignitaries, and Army personnel, marking a proud and promising milestone for Zemithang and the region at large, Lt Col Rawat stated.",NewsGram,https://www.newsgram.com/india/2026/03/24/indian-army-inaugurates-unique-border-brew-cafe-in-arunachal-to-boost-tourism-local-livelihoods,"03/24/2026, 07:00 AM, +0000 UTC",Development & Infrastructure
"Indian Army builds homestay at remote Taksing village, close to China border","By Special Correspondent

ITANAGAR, Dec 30: The Indian Army has constructed a homestay at border village of Taksing under Vibrant Village Programme through ‘Operation Sadbhavna’ in Upper Subansiri district, as part of an initiative for border area development, Defence PRO Lt Col Mahendra Rawat said on Tuesday.

The project was executed by the Spearhead Division of Spear Corps to strengthen community welfare, generate sustainable livelihood opportunities, and promote border tourism in the region. The homestay is expected to provide a reliable source of income to residents while improving tourism infrastructure in this strategically important area.

The village, located approximately 22 km from the Line of Actual Control (LAC)., is one of the last administrative centers and inhabited areas on the Indian side of the border.

The initiative has been warmly appreciated by local villagers, who acknowledged the Indian Army’s continued efforts towards inclusive development and civil-military cooperation in remote border regions, the PRO said.

This endeavour reflects the spirit of “Seema Suraksha ke Saath Sabka Vikas & Sabka Vishwas” (security of borders along with development and trust for all), reinforcing the Army’s commitment not only to safeguarding the nation’s borders but also to contributing to the socio-economic development of border communities.

The Indian Army’s ‘Operation Sadbhavana’ is a long-running military-led civic action program, primarily in Jammu and Kashmir, Ladakh and NE states. It focuses on winning hearts and minds by addressing socio-economic needs through initiatives in education (Army goodwill schools), healthcare (medical camps), infrastructure development (water, power& roads), and empowerment of women and youth via vocational training, fostering national integration and countering alienation, he added.",Arunachal Observer,https://arunachalobserver.org/2025/12/31/indian-army-builds-homestay-at-remote-taksing-village-close-to-china-border/,"12/31/2025, 08:00 AM, +0000 UTC",Development & Infrastructure
Army And BRO Step Up Efforts To Restore Connectivity In Landslide-Hit North Sikkim,"NET Web Desk

Gangtok, April 11: Senior officers of the Indian Army visited the landslide-affected Taramchu area in North Sikkim on Friday and reviewed ongoing restoration work on the Chungthang–Lachen road.

Heavy rainfall and landslides on April 5 caused damage to the Tarum Chu bridge, disrupting road connectivity and leaving more than 1,300 tourists stranded in the region. A total of 1,321 tourists were evacuated from Lachen on April 9 through coordinated efforts by the Indian Army, the Border Roads Organisation (BRO), district administration, and the Lachen Dzumsa.

Additional Director General of the Border Roads Organisation (East), Jitendra Prasad, inspected the affected site, reviewed the progress of repair work, and directed teams to expedite restoration of the route.

The Chungthang–Lachen road is a key link for connectivity in North Sikkim, and repair efforts are currently underway by the Border Roads Organisation in coordination with the Indian Army and local authorities.",Northeast Today,https://northeasttoday.in/northeast/army-and-bro-step-up-efforts-to-restore-connectivity-in-landslide-hit-north-sikkim/,"04/11/2026, 07:00 AM, +0000 UTC",Development & Infrastructure
HAL to set up MRO hub in Assam to boost Army helicopter readiness,"Advt

Join the community of 2M+ industry professionals. Subscribe to Newsletter to get latest insights & analysis in your inbox. All about ETInfra industry right on your smartphone! Download the ETInfra App and get the Realtime updates and Save your favourite articles.

In a step aimed at strengthening indigenous defence capability and operational readiness in the eastern theatre, the General Officer Commanding (GOC), Gajraj Corps, interacted with P.B. Rangarao , Chief Executive Officer of Helicopter Complex, Hindustan Aeronautics Limited (HAL), officials said on Tuesday.The interaction focused on enhancing the serviceability of Army helicopters and strengthening Maintenance, Repair and Overhaul (MRO) support to ensure higher operational availability and responsiveness.Subsequently, the GOC, Blazing Sword Division, along with P.B. Rangarao, unveiled the foundation stone of HAL's MRO Hub at Missamari in Assam. The upcoming facility is expected to significantly reduce repair turnaround time, streamline logistics support and provide sustained MRO support to Army Aviation and the Indian Air Force Officials said the establishment of the MRO Hub will enhance combat readiness in the region and mark a major milestone in strengthening indigenous aerospace support infrastructure.The initiative aligns with the Government of India's vision of #AtmanirbharBharat and underscores the Indian Army's commitment to self-reliance, operational excellence and long-term capability development in partnership with the defence public sector industry, officials added.",ET Infra,https://infra.economictimes.indiatimes.com/news/aviation/hal-to-set-up-mro-hub-in-assam-to-boost-army-helicopter-readiness/127114482,"01/22/2026, 08:00 AM, +0000 UTC",Development & Infrastructure
Indian Army Organises Skill Development and Eco-Tourism Exposure Tour for Arunachal Pradesh Border Area Students,"Itanagar, Jan 11 (IANS) To promote practical learning in the eco-tourism sector and develop livelihood-oriented skills among college students from Arunachal Pradesh’s border areas, the Army has organised an exposure tour to West Bengal, which is currently underway, officials said on Sunday.Defence spokesman Lt Col Mahendra Rawat said that under the aegis of local military authorities, a skill development eco-tourism exposure tour is being conducted as part of ‘Operation Sadbhavna’ to enhance practical learning and livelihood-oriented skills among youths and students of Arunachal Pradesh.A team comprising 30 students of NEFTU College at Aalo in West Siang district, along with two faculty members, was flagged off from Aalo on January 5 for an educational exposure programme to the hill destinations of Darjeeling and Kalimpong in West Bengal.According to Lt Col Rawat, during the Darjeeling leg, the participants gained first-hand insights into the planning and execution of sustainable eco-tourism in a fragile mountain ecosystem.The 11-day itinerary included visits to key heritage and eco-tourism sites such as Batasia Loop War Memorial, Ghoom Monastery, Himalayan Mountaineering Institute, Padmaja Naidu Himalayan Zoological Park, Tiger Hill, and the Happy Valley Tea Estate to understand tea tourism.The team also interacted with district tourism officials, tea-estate stakeholders and local homestay owners, focusing on community-led hospitality, environmental conservation, responsible waste management and cleanliness practices.The Darjeeling segment has concluded, and the team has now proceeded to Kalimpong for the next part of the tour. The initiative aims to empower participants to replicate sustainable eco-tourism models in their home region, promoting both conservation and local livelihoods.The defence spokesman said that the participants will gain first-hand exposure to homestay management, tour guiding, trek leading, visitor interaction, and eco-tourism operations, enabling them to understand best practices that can be adapted to local conditions in West Siang district.According to the officials, the initiative reflects the Indian Army’s continued commitment to nation-building beyond its core security role by empowering local youth, encouraging self-reliance, and promoting sustainable livelihoods in remote and border areas.By investing in education, skill development and exposure, the Indian Army continues to strengthen civil-military bonds and support the socio-economic progress of Arunachal Pradesh, ensuring that development and opportunity reach even the most remote corners of the region.",Defence.in,https://defence.in/threads/indian-army-organises-skill-development-and-eco-tourism-exposure-tour-for-arunachal-pradesh-border-area-students.16563/,"01/11/2026, 08:00 AM, +0000 UTC",Development & Infrastructure
“Sikkim Sundari”: Indian Army Launches Sikkim’s First Border Community Radio,"The Indian Army’s Trishakti Corps has launched Sikkim’s first community radio station in a border village, named “Sikkim Sundari,” in a significant step toward improving communication in remote high-altitude regions. The initiative is designed to bridge information gaps and provide residents with access to essential updates.

According to officials, the station will broadcast local news, weather forecasts, and details of government schemes, while also serving as a platform to highlight regional culture. It is expected to encourage participation among local youth by offering opportunities to develop communication skills and engage with community-driven content.



If you enjoyed reading this article, you can help support our journalism by adding OHeraldo as a preferred source.

Army officials stated that the project aims to strengthen connectivity, amplify grassroots voices, and support development in isolated areas. The station was inaugurated in the presence of senior Trishakti Corps officers, civil administration representatives, and members of the local community.

Separately, Border Roads Organisation officials reviewed landslide damage in North Sikkim and directed teams to speed up restoration work to ensure road connectivity is restored quickly.",heraldgoa.in,https://www.heraldgoa.in/globe-nation/sikkim-sundari-indian-army-launches-sikkims-first-border-community-radio/471615/,"04/12/2026, 07:00 AM, +0000 UTC",Development & Infrastructure
Bakery Training to Civilians by the Indian Army at Menchuka,"Bakery Training to Civilians by the Indian Army at Menchuka

In a significant initiative aimed at empowering local communities and promoting self-reliance, the Indian Army organized a one-month-long comprehensive bakery training program for civilians at Menchuka, Arunachal Pradesh. The initiative forms part of the Army’s ongoing efforts to support skill development, enhance livelihood opportunities, and strengthen civil-military relations in remote border areas.

The training program was designed to provide participants with practical knowledge and hands-on experience in bakery techniques, including bread making, cake preparation, pastry production, and hygiene standards in food processing. Instructors from the Army conducted the sessions, ensuring that trainees gained both theoretical understanding and practical skills.

Bakery Training to Civilians by the Indian Army at Menchuka, Arunachal Pradesh.

The program witnessed enthusiastic participation from local residents, particularly women, who expressed keen interest in acquiring entrepreneurial skills in the bakery sector. In total, 15 women attended the training over a period of one month. The training aimed to enable participants to establish small-scale bakery enterprises, thereby contributing to local economic growth and employment generation.

Such initiatives reflect the Indian Army’s commitment to community welfare and socio-economic development in border regions. By equipping civilians with valuable vocational skills, the Army continues to play a vital role in fostering goodwill and supporting sustainable development.

Participants appreciated the initiative and highlighted its positive impact on their confidence and future livelihood prospects.

The Indian Army remains dedicated to organizing similar welfare and skill development programs in the future to promote inclusive growth and strengthen the bond between the armed forces and local communities.",IBG News,https://ibgnews.com/2026/03/02/bakery-training-to-civilians-by-the-indian-army-at-menchuka/,"03/02/2026, 08:00 AM, +0000 UTC",Development & Infrastructure
"GoC Kalia, Maj Gen Mavi call on Nagaland Governor","Kohima, May 18: Lieutenant General Girish Kalia, General Officer Commanding (GOC) 3 Corps, and Major General Harinder Singh Mavi, Inspector General Assam Rifles (North), called on Nagaland Governor Shri Nand Kishore Yadav at Lok Bhavan, Kohima.

During the meeting, the senior Army leadership is understood to have discussed matters related to security preparedness, coordination between civil administration and security forces, and ongoing operational and developmental activities in the region.

The interaction also focused on strengthening synergy among security agencies operating in the North Eastern region to ensure peace, stability, and effective implementation of developmental initiatives in border and sensitive areas.

The Governor appreciated the role of the Indian Army and Assam Rifles in maintaining peace and assisting civil authorities in various humanitarian and development-related tasks across Nagaland.

The meeting underscored the importance of continued cooperation between the armed forces and the state administration in addressing security challenges and supporting long-term development goals in the region.",Brighter Kashmir,https://brighterkashmir.com/--goc-kalia-maj-gen-mavi-call-on-nagaland-governor,"05/19/2026, 07:00 AM, +0000 UTC",Development & Infrastructure
Indian Army to lead Galo pilgrimage to Arunachal's Topo Gone from Jan 19,"Itanagar, Dec 22: The Indian Army will organise an expedition to the holy Topo Gone, a pilgrimage site of the Galo community in Arunachal Pradesh's Shi Yomi district, from January 19 to 24 next year.

A 24-member expedition team, including four women, will embark on the expedition, jointly organised by the Army and the Galo Welfare Society (GWS), from January 19.

The expedition will be flagged off from the Aalo Brigade in West Siang district.

A senior army official stated that the expedition will mark a landmark collaboration in preserving the indigenous cultural fabric of the community.

The Indian army is committed to ensuring the pilgrimage is conducted with the highest standards of safety, dignity, and logistical precision, the official added.

In a recent meeting with the Army, GWS Research and Documentation chairman Moi Bagra shared the historical significance of the Topo Gone.

He highlighted how the peak has served as a vital ancestral landmark symbolising the resilience and heritage of the Galo people.

Priest Mogi Ori emphasised the religious importance of the expedition, which aims to reconnect the community with a spiritual meridian that has been geographically challenging to access for generations.

During the discussion, the opening up of the area by the Defence and Home Ministry for civilian access, development of tourism infrastructure, and strengthening of national security and territorial sovereignty were discussed.

Topo Gone is a 2,900-metre peak along the McMahon Line, and it finds mention in the folklore and folktales of the community.

PTI",The Assam Tribune,https://assamtribune.com/north-east/indian-army-to-lead-galo-pilgrimage-to-arunachals-topo-gone-from-jan-19-1602131,"12/22/2025, 08:00 AM, +0000 UTC",Development & Infrastructure
India eyes fourth Army base in Mizoram to strengthen security of Siliguri Corridor,"The recent death of Lashkar-e-Taiba commander Musa, also known as Asif Fauji, has led security agencies to refocus their efforts on foreign terrorists operating...",The CSR Journal,https://thecsrjournal.in/india-fourth-army-base-mizoram-security-siliguri-corridor,"12/23/2025, 08:00 AM, +0000 UTC",Development & Infrastructure
Indian Army supports community-led adventure tourism in Sikkim,"The Indian Army has extended support to the local community of Yumthang Valley by providing specialised high-altitude adventure equipment to strengthen community-led tourism initiatives in the region, an effort aimed at promoting sustainable livelihoods and responsible tourism in one of Sikkim’s most scenic destinations, officials said on Thursday.

The equipment support includes a wide range of essential items such as camping gear, climbing tools, safety equipment, cooking sets and basic high-altitude support systems.

These resources will enable local villagers to establish structured adventure camps capable of catering to the daily footfall of around 20 to 25 tourists who visit the valley.

With proper equipment now in place, the local youth can offer guided trekking, camping and introductory adventure activities in a safer and more organised manner, significantly improving the overall visitor experience.

Located at a high altitude and known for its snow-covered peaks, alpine flowers and pristine landscapes, Yumthang Valley attracts a steady stream of tourists every year.

However, harsh terrain and the lack of proper equipment had previously limited opportunities for locals.

The Army’s initiative is expected to bridge this gap by equipping the community with the tools required to operate adventure programmes professionally and sustainably.

Pema Dorjee, Pipon of Lachung Dzumsa, who is overseeing the community venture, welcomed the support and said that it would empower the local youth both economically and socially.

Download Nagaland Tribune app on Google Play



“This support allows our youth to organise adventure activities in a structured way and welcome more visitors with confidence. It strengthens our ability to manage tourism responsibly and create sustainable livelihood opportunities,” he said.

A senior Army official stated that the initiative is part of a broader effort to build local capacity while promoting eco-friendly and community-driven tourism in high-altitude areas.

An official statement mentioned that such collaborations help improve infrastructure, generate employment and strengthen the bond between the armed forces and remote border communities.

The effort also complements the Indian Army’s ongoing outreach programmes in North Sikkim, including the ‘Ranbhoomi Darshan’ initiative, which aims to promote border-area tourism and deepen engagement with local communities.

“By supporting grassroots-level ventures, the Army continues to play an important role in fostering development, resilience and self-reliance among people living in challenging and remote regions,” an official release added.",nagalandtribune.in,https://nagalandtribune.in/indian-army-supports-community-led-adventure-tourism-in-sikkim/,"11/27/2025, 08:00 AM, +0000 UTC",Development & Infrastructure
Indian Army Deploys Concrete 3D Printing for Rapid Border Infrastructure Construction in Sikkim,"The Indian Army's Trishakti Corps has operationalised on-site 3D concrete printing technology in forward areas of Sikkim and adjoining locations, marking a significant advancement in defence infrastructure development along challenging border regions. In a strategic move to address construction challenges in mountainous terrain, the Indian Army deploys concrete 3D printing systems developed through collaboration with IIT Hyderabad under Project PRABAL (Portable Robotic Printer for Printing Bunkers and Accessories).

These indigenous robotic systems enable rapid construction of bunkers, sentry posts, and protective structures, with the technology already proven in other operational areas before addressing longstanding infrastructure challenges in difficult terrains including Sikkim and Arunachal Pradesh.

The indigenous Robotic 3D Concrete Printer features a robotic arm, circular mixer, piston pump, and generator, configured as a fully vehicle-portable system optimised for rapid movement across mountainous environments. Designed for forward-area deployment, the system enables quick construction of protective infrastructure whilst addressing the unique logistical challenges presented by Himalayan operational conditions.

Indian Army Deploys Concrete 3D Printing

The printed structures have undergone rigorous live ballistic trials, validating their strength and protective performance under operational conditions. Defence spokesman Lt Col Mahendra Rawat confirmed that the capability represents a significant step towards faster, more efficient infrastructure development along the country's borders, demonstrating strategic utility in challenging environments.

The 3D concrete printing technology provides substantial operational advantages across multiple dimensions. Customised designs enable terrain-specific configurations that traditional construction methods cannot easily accommodate. Enhanced blast and ballistic resistance ensures structures meet stringent protective requirements for forward positions, whilst higher compressive strength compared to conventionally constructed alternatives provides additional durability in harsh environmental conditions.

Improved quality control through automated printing processes ensures consistent structural integrity across multiple installations. The efficient use of local materials reduces logistical burdens associated with transporting construction supplies to remote locations, whilst rapid construction timelines enable infrastructure development within tactically acceptable timeframes. The system also supports terrain-specific designs and advanced camouflage needs, critical considerations for forward defensive positions.

Project PRABAL aims to Advances Defence Infrastructure Innovation

Indian Army deploys Concrete 3D printers to develop border infrastructure/Source:X/@trishakticorps

Project PRABAL represents a collaborative effort between military operational requirements and academic research expertise. The partnership with IIT Hyderabad has produced a system specifically engineered to address the unique challenges of forward-area construction in mountainous terrain. The vehicle-portable design ensures the system can be transported to locations where traditional construction equipment cannot operate effectively.

The robotic arm configuration enables precise material placement whilst the integrated circular mixer and piston pump ensure consistent concrete quality throughout the printing process. The self-contained generator provides independent power supply, critical for operations in areas with limited or unreliable electrical infrastructure. This comprehensive integration addresses the full spectrum of requirements for autonomous operation in forward locations.

The capability has now been effectively employed by Trishakti Corps, demonstrating successful transition from development to operational deployment. The system's proven performance in multiple operational areas validates the technology's reliability and effectiveness across varied terrain conditions and operational requirements.

Modernising Border Infrastructure Development

The continued adoption of on-site 3D printing represents a significant leap in the Army's engineering and operational readiness, enabling fast, sustainable, and mission-oriented infrastructure development in challenging environments. Traditional construction methods in mountainous border regions face substantial logistical challenges including material transportation, equipment deployment, and extended construction timelines that leave positions vulnerable during development.

The 3D printing approach transforms these operational constraints by enabling on-site construction using locally sourced materials, reducing dependence on extended supply chains whilst accelerating project completion. The technology's rapid deployment capability proves particularly valuable in forward areas where construction speed directly impacts operational security and readiness.

Defence infrastructure in regions like Sikkim presents unique challenges due to extreme terrain, limited accessibility, and harsh environmental conditions. The vehicle-portable nature of the 3D concrete printer addresses these constraints whilst maintaining construction quality and structural integrity. The system's optimisation for rapid movement ensures it can be repositioned as operational requirements evolve, providing flexibility in infrastructure development planning.

The ballistic trial validation demonstrates the technology's readiness for operational deployment, confirming that 3D-printed structures meet or exceed protective standards required for forward positions. This validation proves critical for widespread adoption, ensuring commanders can deploy the technology with confidence in its protective capabilities.

The integration of advanced camouflage capabilities within the design process enables structures to blend effectively with surrounding terrain, reducing visual signatures whilst maintaining functional requirements. This consideration proves particularly important in border regions where concealment contributes to defensive effectiveness.

Operational Readiness and Future Implications

The successful operationalisation of 3D concrete printing technology in Sikkim's forward areas establishes a foundation for expanded deployment across other challenging border regions. The technology's demonstrated effectiveness in one of India's most difficult operational environments validates its potential for broader application in defence infrastructure development.

The collaboration between the Indian Army and IIT Hyderabad under Project PRABAL demonstrates effective integration of academic research capabilities with operational military requirements. This partnership model enables rapid development and deployment of innovative technologies specifically tailored to defence needs whilst leveraging institutional expertise in robotics, materials science, and construction engineering.

The system's ability to support terrain-specific designs enables customisation for local conditions, ensuring structures optimally address site-specific challenges whilst maintaining standardised protective capabilities. This flexibility proves valuable across India's diverse border regions, each presenting unique environmental and operational considerations.",Manufactur3D,https://manufactur3dmag.com/indian-army-deploys-concrete-3d-printing/,"12/08/2025, 08:00 AM, +0000 UTC",Development & Infrastructure
Civil–military relations in Arunachal Pradesh: A frontier of cooperation and coexistence,"Arunachal Pradesh offers a rare model of harmony between civilians and the military, where security and community coexist through trust, collaboration, and shared resilience. From border infrastructure to...

The nature of civil-military interaction in Arunachal Pradesh offers a unique perspective on how cooperation between security, governance, and community life interacts in India’s frontier. Arunachal Pradesh is central to India’s national security calculus as it is one of the most strategically sensitive states which has a history of border disputes with China. Yet, the heavy military presence that this strategic importance necessitates has a profound impact on civilian life.

Unlike other border states where militarisation has often generated conflict between armed forces and civilians, Arunachal Pradesh presents a relatively harmonious model of coexistence. Here, a partnership based on collaboration, respect, and mutual reliance has grown between the Indian Army, paramilitary forces, and local populations. This balance has been achieved through sustained efforts on both sides, involving developmental initiatives, cultural engagements, and institutional trust-building over several decades.

A relationship built on trust and cooperation

In the years subsequent to the 1962 conflict, the Army made conscious efforts to improve ties with the people of Arunachal Pradesh. Over time, what began as a purely strategic presence gradually developed into a relationship based on mutual trust. Through continuous outreach, the Army has emerged as both protector and partner.

Initiatives such as Operation Sadbhavana have transformed civil-military relations in significant ways. Under this programme, the Army has organised free medical camps, distributed school materials, built infrastructure in far-flung villages, and offered vocational training to youth. These initiatives are not confined to major towns; they reach the last villages along the Line of Actual Control (LAC), where access to even basic services can be challenging.

During emergencies and natural disasters, the Army often becomes the first responder. Whether airlifting patients from Tuting to Dibrugarh, rescuing people stranded during flash floods in Dibang Valley, or reopening snow-blocked roads near Sela Pass, the response of the defence personnel has consistently demonstrated both discipline and empathy. Such gestures, though rarely documented, sustain the quiet trust between civilians and soldiers.

The Army also relies on local porters since they are familiar with the terrain, including the mountain trails, weather patterns, and shortcuts that maps don’t show. For the villagers, this work provides a steady source of income, while for the Army, it ensures essential logistical support in places where machines cannot reach. The arrangement, born out of necessity, has evolved into a relationship of trust and interdependence.

Connecting the inaccessible

The Indian Army and the Border Roads Organisation (BRO) are mostly responsible for the development of Arunachal’s infrastructure. In a place where the climate and terrain pose major challenges, road connectivity is frequently equated with survival and security. The BRO’s relentless efforts to cut through mountains, build bridges, and maintain roads under challenging conditions have not only improved the state’s strategic mobility but also transformed lives.

The road to Tawang through Sela Pass, the bridges along the Anjaw and Siang valleys, and the infrastructure toward the McMahon Line are testaments to the perseverance of defence engineers and labourers who risk difficult weather and altitude every day. These roads are not just strategic corridors, they are arteries of civilian life, connecting villages to hospitals, schools, and markets. “During winter, when heavy snowfall blocks roads, the Army helps in clearing the road. They also give us a lift,” Tenzing, a resident of Bomdila shared.

The Indian Air Force’s Advance Landing Grounds (ALGs), from Mechuka to Walong and Pasighat, have also become lifelines for civilians. In regions cut off by landslides or snow, the IAF ferries essentials, carries medical emergencies, and sometimes ferries patients in critical condition. The dual-use nature of such facilities reflects the humanitarian dimension of military infrastructure in frontier areas.

Everyday frictions

Life in border districts is characterised by both cooperation and quiet friction. The Army’s presence brings a sense of safety, but it also shapes how people move, work, and live. During a visit to Tawang, I witnessed traffic come to a standstill at a check-gate because an Army vehicle was being towed for repairs. Public vehicles were halted for more than an hour to let the Army convoy pass, as the roads are narrow. Local tourist drivers grew anxious about missing the border-closing time at Bum La and about losing a day’s earnings. “We understand their duty,” a tour operator said, “but sometimes our livelihood depends on reaching on time.” The villagers were agitated, as such incidents of road-clearance have become routine. They recounted an instance when they were made to wait until late at night. Such moments capture the small negotiations that come with living in a militarised landscape.

Land disputes sometimes add to this complexity. In Anjaw district’s Kibithoo Circle, a Meyor family and the Army have long debated compensation for land used for a communication tower. While the project promises better connectivity for both troops and villagers, the family argues that earlier deals were unfair. The Army maintains that it strives for amicable solutions, showing how national security and local rights often intersect on delicate ground.

For herders and farmers, Army protocols are part of daily life. The Brokpa community in Tawang and West Kameng must inform soldiers before moving their cattle to high-altitude pastures. Many see this as necessary for safety, though it sometimes feels restrictive. “Even delays caused by the weather need explanation,” one herder said with a smile, “as if we are guests on our own land.”

Across the border in Tibet, the Mishmi people can see their ethnic kin living in neat, solar-lit villages. “They seem comfortable there,” said a villager from Kibithoo, “sometimes we wonder why we can’t visit freely.” Such reflections remind us that for those who live at the edge of the nation, borders are both real and deeply personal – places where duty, belonging, and everyday life constantly meet.

Community engagement and welfare

The Army’s welfare programmes have a profound impact on the local communities. Regular medical and veterinary camps organised in border villages, tree plantation drives, and educational assistance under the Sadbhavana initiative have fostered goodwill and cooperation. Defence personnel have often volunteered as resource persons, helping students with general awareness, discipline, and national integration activities.

Through recruitment drives and sports events the army has also reached out to the Youth. Football, volleyball, and athletics tournaments sponsored by the defence forces have encouraged young talent from interior districts to participate and connect with the wider world.

The National Integration Tours arranged by the Army for students from border villages, which allows them to visit Delhi, Kolkata, Chandigarh, or Guwahati, have played a subtle but powerful role in building confidence and a sense of inclusion within the national mainstream. For many participants, such exposure is life-changing.

Guardians of peace and partners in progress

In border areas, the Army’s presence provides a sense of security that extends beyond the immediate border. Villagers frequently describe the Army as a “reassuring presence” – one that allows them to live without fear of intrusion or isolation.

Women’s groups often recall how the Army has supported local handloom and handicraft cooperatives by setting up a traditional handcraft skill centre, providing self-powered weaving machines, purchasing their products, or facilitating exhibitions. These small but meaningful interactions contribute to both livelihood generation and cultural preservation.

Today, Arunachal Pradesh serves as an example of civil-military cooperation, with the Army and civil administration collaborating to tackle local issues. Commanding officers and district officials hold regular collaborative meetings to monitor visitor movement near sensitive regions, expedite road projects, and respond to natural disasters.

This coordination was particularly visible during the COVID-19 pandemic, when the Army assisted local administrations by providing logistical support, medical supplies, and transportation in remote border blocks. The seamless collaboration that was shown during that time confirmed how strong institutional trust in the state is.

Respecting local traditions and customs

One of the reasons behind the relatively smooth civil-military relationship in Arunachal is the Army’s sensitivity toward local traditions. Defence personnel posted in tribal areas often take part in community festivals such as Losar, Unying Aaran, or Buddha Purnima, and are warmly welcomed by villagers. In return, locals are frequently invited to Army Day celebrations or flag hoisting ceremonies, where they share meals and songs with soldiers.

This cultural exchange has played a subtle yet powerful role in building a sense of unity. It reinforces the idea that national security and community values are complementary rather than antagonistic.

Towards a secure and inclusive frontier

Arunachal Pradesh continues to serve as an example of how inclusive development and strategic readiness may coexist as India extends the Vibrant Villages Programme and fortifies its border infrastructure. The Army’s role in this process is indispensable, not just as a military force, but as a developmental partner, humanitarian actor, and trusted ally of the people.

Yet, as the state grows and connectivity improves, maintaining this balance will require sustained communication between civilians and the defence establishment. The hallmark of the cooperation lies in dialogue, between the sentry guarding the pass and the villager tending his field, between the officer planning a road and the administration ensuring it benefits all.

The civil-military relationship in Arunachal Pradesh is a story of interdependence built over decades of shared resilience. It is a partnership that has turned the frontier from a zone of isolation into a space of cooperation. In the snowbound posts of Tawang, in the foggy terrains of Mechuka, and along the Siang, this bond continues to hold, quietly, resolutely, and with mutual respect. In the words of Lobsang from Tawang, “We feel safe in the presence of Army. They are very helpful.”",The Borderlens,https://www.borderlens.com/2025/11/03/civil-military-relations-in-arunachal-pradesh-a-frontier-of-cooperation-and-coexistence/,"11/03/2025, 08:00 AM, +0000 UTC",Development & Infrastructure
Indian Army Commissions Solar Power Plant in North Sikkim Border Village,"The Indian Army has commissioned a 10 kW solar power plant in Muguthang village in North Sikkim, bringing round-the-year electricity to one of India’s highest and most remote border settlements near the India–China frontier.

Located at an altitude of around 15,000 feet, Muguthang is home to 10 families with a population of 32 residents. The project was executed by the Army’s Trishakti Corps with the objective of improving basic infrastructure and enhancing living conditions in the strategically sensitive region.

Until now, villagers depended on small, individual solar panels that provided limited power, particularly during the harsh winter months. The lack of reliable electricity forced residents to migrate for nearly five to six months every year. With the commissioning of the centralized solar power plant, the village now has access to continuous and dependable electricity, enabling residents to remain in their homes throughout the year.

The initiative forms part of the Centre’s Vibrant Villages Programme, which focuses on strengthening infrastructure, livelihood opportunities, and connectivity in border villages to prevent depopulation and ensure sustainable development in remote areas.

Army officials said the solar solution was selected after consultations with local residents to address their specific challenges posed by extreme weather and difficult terrain. The new power facility is expected to significantly improve quality of life by enabling better lighting, communication, and overall safety in the village.

The project underscores the Indian Army’s broader role in community development alongside national security, while also highlighting the growing use of renewable energy solutions to support civilian populations in high-altitude and border regions.

Like this: Like Loading…",solarquarter.com,https://solarquarter.com/2026/01/05/indian-army-commissions-solar-power-plant-in-north-sikkim-border-village/,"01/05/2026, 08:00 AM, +0000 UTC",Development & Infrastructure
India lays foundation stone of military station just 30km away of Bangladesh border,"The establishment of this station marks a significant step in further strengthening the operational capabilities and infrastructure of the Indian Army in the region.

During the visit, the Army Commander reviewed the operational readiness and internal security situation in the bordering areas, along with the progress of ongoing infrastructure development initiatives undertaken by the formation.

Lieutenant General Tiwari expressed heartfelt gratitude to the Government of Assam and the Civil Administration for their unwavering support and proactive role in facilitating the establishment of the new military station. He also commended all ranks of Gajraj Corps for their commitment, professionalism, and collective efforts in ensuring the early operationalisation of the project.",Prothom Alo English,https://en.prothomalo.com/international/india/xkx9yzu85f,"11/07/2025, 08:00 AM, +0000 UTC",Development & Infrastructure
"Indian Army launches military station in Dhubri, closest to Bangla border","The foundation stone laying ceremony

Guwahati:





Indian Army on Thursday laid the foundation for a military station at the border town of Dhubri, India’s closest installation to the strategically vital Bangladesh border, and the first in western Assam, beyond Guwahati.Strategically positioned near the vulnerable ‘chicken’s neck’ corridor — a narrow stretch connecting India’s northeast to the mainland — the Dhubri station gains added significance amid recent threats from Bangladesh’s interim government to disrupt access through this critical zone.The newly announced military station in Assam’s border town of Dhubri by Army Commander Lt Gen RC Tiwari (Eastern Command) has been named Lachit Borphukan Military Station, in honour of the legendary Ahom commander renowned for his resistance against Mughal forces.The station will be under the jurisdiction of Tezpur-based 4th Corps and is at an aerial distance of 30 km from the Bangladesh border. It is being built on govt land at Bamuni part 1 and Bamuni part 2 villages. The land was earlier encroached upon by about 40 families, who have been evicted.Defence PRO Lt Col M Rawat said that the establishment of this station marks a significant step in further strengthening the operational capabilities and infrastructure of the Indian Army in the region.During the visit, the Army Commander also reviewed the operational readiness and internal security situation in the bordering areas, along with the progress of ongoing infrastructure development initiatives undertaken by the formation.What began as a politically driven proposal by Assam CM Himanta Biswa Sarma following communal tensions and heightened security concerns in Dhubri after Eid in June has now taken concrete shape as a formal military installation, marking a significant step in bolstering border security and regional stability, a source said.According to the source, the military station will serve as a strategic hub for counterintelligence operations and advanced signal monitoring, enabling the Army to maintain a vigilant watch along the Bangladesh border.Designed to bolster national security in one of Assam’s most sensitive regions, the station will accommodate approximately 1,500 personnel, including a specialized Para SF unit — underscoring its role in rapid response, surveillance, and high-impact tactical operations, the source added.“Intelligence inputs suggest that senior officers of the Bangladesh Army have been making frequent visits near the border in recent weeks, with the most recent visit occurring just 10 to 12 days ago — likely to assess the location of the upcoming military station,” the source said.Former Eastern Command Army Commander Lt Gen Rana Pratap Kalita (retd) told TOI that in western Assam beyond Tamulpur, Rangiya and Guwahati there is no Army establishment.“There is a requirement that they have taken this location. This is the closest to the Bangladesh border in Assam,” he said, adding: “If we have a permanent Army base here in this border area, in case of need it becomes easier, logistically.”The only other military station in Assam near the Bangladesh border is located at Masimpur in Silchar, approximately 80 km aerial distance from the international boundary. In contrast, the upcoming Lachit Borphukan Military Station at Dhubri is situated along the border, making it the closest Army installation to Bangladesh in the state.",The Times of India,https://timesofindia.indiatimes.com/city/guwahati/indian-army-launches-military-station-in-dhubri-closest-to-bangla-border/articleshow/125140858.cms,"11/06/2025, 08:00 AM, +0000 UTC",Development & Infrastructure
Army-backed free coaching helps 30 underprivileged Assam youth clear NEET 2026,"Among the successful candidates, Roshan Kujur from Dighaltarrang Tea Estate in Tinsukia emerged as an inspiring example of determination and perseverance by securing 402 marks in NEET 2026. Roshan lost his father at a young age, and his family has since been supported by his elder brother, who runs a small shop in Tinsukia. Despite financial hardships, he remained focused on his studies and successfully cleared one of the country’s toughest entrance examinations.",EdexLive,https://www.edexlive.com/news/army-backed-free-coaching-helps-30-underprivileged-assam-youth-clear-neet-2026,"07/18/2026, 07:00 AM, +0000 UTC",Development & Infrastructure
Indian Army Organises Yoga Day Precursor Event at Tripura’s Ujjayanta Palace,"Ads

The Indian Army organized a Yoga Day precursor event at Ujjayanta Palace in Agartala, Tripura, as part of preparations for the upcoming International Day of Yoga. The event brought together Army personnel, government officials, students, fitness enthusiasts, and members of the public to promote the importance of yoga and healthy living.

Held at one of Tripura’s most iconic heritage landmarks, the programme aimed to create awareness about the physical, mental, and emotional benefits of yoga while encouraging greater participation in the International Day of Yoga celebrations scheduled later this month.

The event reflected the Indian Army’s commitment to community engagement and its efforts to promote wellness among citizens through various outreach activities.

Read More: Centre to Invest Rs 427 Crore in Tripura Urban Development, 300 MW Power Target by Next Year

Ujjayanta Palace Hosts Yoga Awareness Programme

The Yoga Day precursor event took place at Ujjayanta Palace, a prominent historical and cultural landmark in Tripura. The venue provided a fitting backdrop for a programme focused on India’s ancient wellness tradition.

Participants gathered in large numbers to take part in yoga demonstrations and awareness activities. Instructors guided attendees through a series of yoga postures, breathing exercises, and relaxation techniques designed to improve physical fitness and mental well-being.

The event highlighted yoga’s growing popularity across different age groups and communities. Organizers emphasized that yoga offers a simple and effective way to maintain health and reduce stress in daily life.

Officials noted that hosting the programme at a heritage site added cultural significance to the event and encouraged wider public participation.

Indian Army Promotes Healthy Living

The Indian Army has actively supported initiatives aimed at promoting fitness, discipline, and healthy lifestyles among citizens. The Yoga Day precursor programme formed part of these broader efforts.

Army personnel participated alongside civilians, demonstrating the importance of physical fitness and mental resilience. Organizers stated that yoga complements the values of discipline, focus, and well-being that are central to military training.

The event also provided an opportunity for the Army to strengthen its connection with local communities. Through such programmes, the force continues to engage with citizens while contributing to public welfare and awareness.

Officials said the initiative aligns with national efforts to encourage healthier lifestyles and greater participation in wellness activities.

Preparations for International Day of Yoga

The programme served as an important step toward the celebration of the International Day of Yoga, observed annually on June 21. Across India, various organizations and institutions are conducting awareness campaigns and preparatory events ahead of the global observance.

The Indian Army’s event in Tripura aimed to generate enthusiasm and encourage citizens to participate in upcoming Yoga Day activities.

Participants received guidance on incorporating yoga into their daily routines. Instructors explained that regular practice can improve flexibility, enhance concentration, and support overall health.

Organizers expressed confidence that such awareness programmes would help increase participation during the main celebrations.

Yoga’s Benefits Highlighted

During the event, experts discussed the numerous benefits associated with yoga. They explained how regular practice can contribute to better physical fitness, improved posture, and increased energy levels.

Yoga also plays an important role in managing stress and promoting mental well-being. Breathing techniques and meditation practices can help individuals develop greater emotional balance and focus.

Speakers emphasized that yoga remains accessible to people of all ages and fitness levels. Participants learned that even a short daily practice can produce positive results over time.

The awareness sessions encouraged attendees to view yoga as a holistic approach to health rather than merely a form of exercise.

Community Participation Marks Event

A large number of participants attended the programme, reflecting growing interest in yoga and wellness activities. Students, professionals, senior citizens, and fitness enthusiasts joined the event and actively participated in the sessions.

Community engagement formed a key aspect of the initiative. Organizers encouraged attendees to share their experiences and motivate others to adopt healthy habits.

The programme created an inclusive environment where people from different backgrounds could learn about yoga and its benefits. Participants appreciated the opportunity to practice under expert guidance in a scenic and historic setting.

Many attendees expressed enthusiasm about participating in future Yoga Day events.

Strengthening Public Awareness

Awareness programmes such as this play an important role in promoting public health. Organizers emphasized that preventive health measures can help individuals lead healthier and more productive lives.

Yoga has gained global recognition for its contribution to physical and mental well-being. Events like the one held at Ujjayanta Palace help spread awareness and encourage people to integrate wellness practices into their routines.

Officials noted that public participation remains essential for the success of such campaigns. Greater awareness can lead to healthier communities and improved quality of life.

The programme also reinforced the importance of maintaining physical activity in an increasingly fast-paced world.

Heritage and Wellness Combined

The choice of Ujjayanta Palace as the venue added a unique dimension to the event. The historic landmark symbolizes Tripura’s rich cultural heritage and attracts visitors from across the region.

By combining heritage and wellness, organizers created an event that celebrated both cultural identity and healthy living. Participants had the opportunity to engage in yoga while appreciating the architectural and historical significance of the venue.

Officials said such initiatives help promote local heritage while encouraging community participation in public programmes.

The event showcased how cultural spaces can serve as effective venues for health and awareness campaigns.

Indian Army’s Community Outreach Efforts

The Yoga Day precursor programme forms part of the Indian Army’s broader community outreach activities in the Northeast. The Army regularly organizes events related to health, education, sports, and social awareness.

These initiatives strengthen relationships between security forces and local communities while contributing to public welfare. The Yoga Day event continued this tradition by promoting a message of health, harmony, and well-being.

Officials praised the enthusiastic response from participants and acknowledged the support provided by local authorities and community members.

The event demonstrated the positive impact that collaborative initiatives can have on public engagement and awareness.

Looking Ahead

The Yoga Day precursor event organized by the Indian Army at Ujjayanta Palace successfully promoted awareness about the benefits of yoga and encouraged community participation ahead of the International Day of Yoga.

By bringing together citizens, students, officials, and Army personnel, the programme highlighted the importance of physical fitness, mental well-being, and healthy living. The event also showcased the value of using cultural landmarks as platforms for public awareness initiatives.

As preparations continue for the International Day of Yoga, similar programmes are expected to inspire more people to embrace yoga as part of their daily lives. Through such efforts, the Indian Army and local communities are helping spread a message of wellness, harmony, and holistic health across Tripura and beyond.

Read More: Assam Launches ‘Mission 2 Lakh Govt Jobs’ With Dedicated Task Force Push",Borok Times,https://boroktimes.com/indian-army-organises-yoga-day-precursor-event-at-tripuras-ujjayanta-palace/,"06/01/2026, 07:00 AM, +0000 UTC",Development & Infrastructure
3D Concrete Printing Technology in Indian Army,"Gangtok, Dec 6: In a major boost to defence infrastructure and operational readiness, the Indian Army’s Trishakti Corps has successfully operationalised on-site 3D concrete printing technology in forward locations across Sikkim and nearby border areas.

The cutting-edge capability has been developed in collaboration with IIT Hyderabad under Project PRABAL (Portable Robotic Printer for Printing Bunkers and Accessories). The technology, which had earlier been tested in other operational sectors, is now being used actively in high-altitude and difficult terrain.

According to official sources, the indigenous robotic 3D concrete printer is fully vehicle-portable and designed for rapid deployment in mountainous regions. The system is equipped with a robotic arm, circular mixer, piston pump and a power generator, enabling swift construction of bunkers, sentry posts and protective structures directly at forward sites.

The Army confirmed that the newly printed structures have undergone live ballistic trials, successfully proving their strength, durability and protective performance under operational conditions.

Officials highlighted that 3D concrete printing offers significant tactical advantages, including customised structural designs, enhanced blast and ballistic resistance, higher compressive strength, superior quality control and efficient use of local construction materials. The technology also enables quick construction within tactically safe timelines while supporting terrain-specific architecture and advanced camouflage requirements.

The deployment of this advanced construction technology marks a major leap in the Indian Army’s engineering capabilities, enhancing its ability to build sustainable, mission-ready infrastructure swiftly in some of the country’s most challenging operational environments.

(Pro Defence)",voiceofsikkim.com,https://www.voiceofsikkim.com/indian-army-deploys-on-site-3d-concrete-printing-for-rapid-bunker-construction-in-sikkim-forward-areas/,"12/06/2025, 08:00 AM, +0000 UTC",Development & Infrastructure
"Army, Bharti Airtel ink pact to strengthen telecom infra in Arunachal districts","Advt

Join the community of 2M+ industry professionals. Subscribe to Newsletter to get latest insights & analysis in your inbox. All about ETTelecom industry right on your smartphone! Download the ETTelecom App and get the Realtime updates and Save your favourite articles.

Itanagar: The Indian Army's Dao Division and Bharti Airtel signed a memorandum of understanding (MoU) to enhance mobile communication infrastructure in the forward areas of Arunachal Pradesh's Dibang Valley and Anjaw districts, a defence official said on Friday.He said the initiative will improve cellular network coverage and ensure reliable communication facilities, benefitting both the locals and deployed troops.""The agreement marks a major step in bridging the digital divide in these strategically important yet geographically remote regions,"" Defence PRO Lt Col Mahendra Rawat said.The partnership will ""not only strengthen security and communication for troops safeguarding the nation's borders but also empower local communities through access to better network services, the official said.He said it will also support various facets of development like education, healthcare, e-governance and entrepreneurship in the frontier district.The Dibang Valley and Dau Delai Valley in Anjaw, owing to their challenging terrain and remoteness, have historically faced constraints in connectivity.The joint effort reflects the resolve to overcome infrastructural limitations, provide modern amenities to local residents and enhance operational communication capabilities for the armed forces, he said.Officials from Bharti Airtel highlighted their commitment to expanding tele-connectivity to the remotest corners of the country, aligning with the vision of Digital India, he added.",ET Telecom,https://telecom.economictimes.indiatimes.com/news/industry/indian-army-and-bharti-airtel-collaborate-to-boost-telecom-infrastructure-in-arunachal-pradesh/123464498,"08/23/2025, 07:00 AM, +0000 UTC",Development & Infrastructure
Arunachal Frontier Highway to enable army to move swiftly,"Advt

Join the community of 2M+ industry professionals. Subscribe to Newsletter to get latest insights & analysis in your inbox. All about ETInfra industry right on your smartphone! Download the ETInfra App and get the Realtime updates and Save your favourite articles.

The 1,840km Arunachal Frontier Highway project, to be launched by PM Narendra Modi on Sept 22, is designed to link all major river valleys in the state, enabling Army to move swiftly between sectors, reduce response time, and improve logistics in the face of growing Chinese infrastructure near the border.The highway could also unlock the economic potential of remote border regions. The Union govt intends to invest Rs 2,205 crore across 122 villages along the eastern frontiers under its Vibrant Villages Programme , linking them via feeder roads and boosting infrastructure as part of a civilian-led response to China's militarised ""Xiaokang"" border villages.""The alignment runs at an elevation of 300 to 400 metres. The highway will be within 20 to 80km of McMahon Line,"" state PWD (highways) chief engineer CS Choutang told TOI. ""There are a lot of challenges, and we are hoping to complete project by 2028-29.""MoRTH is funding the project while BRO, NHIDCL and the state PWD will be the implementing agencies.In a post on X, the CMO said PM will also inaugurate several other projects, including the Tato-I and Heo hydroelectric plants along the proposed highway, on Sept 22.Lt Gen Rana Pratap Kalita (retd), a former GOC-in-C of Army's Eastern Command , said, ""This highway closes the gaps between multiple valleys and the forward areas. This is a major advantage from a defence point of view. If one needs to travel from Tawang to Subansiri, you currently have to go through Assam.""On China's infra build-up along the LAC, Kalita said, ""Their geography is different. That's a barren plateau. They face fewer challenges; only limiting factor is altitude. On our side, the gradients are extremely steep from foothills to the highest point, climbing from 200m to 18,000-19,000m.""",ET Infra,https://infra.economictimes.indiatimes.com/news/roads-highways/arunachal-frontier-highway-a-strategic-boost-for-indian-army-and-border-development/124012899,"09/20/2025, 07:00 AM, +0000 UTC",Development & Infrastructure
"Army, civil agencies discuss plans to boost border development in Arunachal’s East Kameng district","Organised under the aegis of the Himalayan Warrior Brigade, the meeting at Seppa, the district headquarters, brought together senior district officials, Army and ITBP commanders, departmental heads, elected representatives, and tribal leaders.

The conclave was also organised to strengthen security, and enhance disaster preparedness in the strategically vital border district of the state, an official statement said here.

Itanagar, Aug 11 (PTI) The Indian Army’s Gajraj Corps, in coordination with the civil administration of East Kameng district in Arunachal Pradesh and the Indo-Tibetan Border Police (ITBP), on Monday held a conclave to fast-track border development.

Building on the momentum of last month’s military-civil fusion conclave at Bichom, the Seppa forum prioritised creation and upgradation of dual-use infrastructure, including helipads, logistics nodes, and road links to remote areas, the statement said.

It also addressed vocational skill development, recruitment drives to encourage local youth to join the Armed Forces, and expansion of ITBP’s ‘Project Arunveer’, an initiative to source locally produced goods for security forces to boost the rural economy.

The participants reviewed joint disaster response protocols involving the Police, ITBP, Army, NDRF, and SDRF, while educators highlighted student interaction with Army Public Schools to inspire the younger generation.

Identification and grooming of sports talent for higher-level competitions was reaffirmed as a shared goal. PTI UPL NN

This report is auto-generated from PTI news service. ThePrint holds no responsibility for its content.",ThePrint,https://theprint.in/india/army-civil-agencies-discuss-plans-to-boost-border-development-in-arunachals-east-kameng-district/2718872/,"08/11/2025, 07:00 AM, +0000 UTC",Development & Infrastructure
Arunachal Governor Parnaik Interacts with Indian Army Officers at Dinjan in Assam,"DINJAN ( Assam ) – The Governor of Arunachal Pradesh, Lt. General K.T. Parnaik, (Retd.), interacted with officers of the Indian Army’s 2 Mountain Division at Dinjan Military Station today. During his address, the Governor lauded the Indian Army’s commitment to safeguarding national sovereignty and highlighted the strategic and humanitarian relevance of recent operations in the region.

Speaking on the strategic landscape, Governor Parnaik called for a multi-dimensional analysis of Operation Sindoor, stressing its operational, strategic, and humanitarian significance. He urged officers to study the operation deeply to derive lessons that will contribute to professional growth and future defense planning.

Also Read- Organic Farming Boosted in Tawang’s Border Villages

Leveraging his vast military experience, the Governor provided insights into modern warfare, including technology integration, perception management, and operational readiness. He emphasized the need for constant vigilance and the ability to anticipate threats from adversarial forces, particularly across sensitive border regions like Arunachal Pradesh.

The Governor also appreciated the Army’s people-first approach, commending units that have gone beyond military duties to engage with students and communities in remote border villages. He acknowledged their contributions to education and healthcare, often delivered under extremely challenging conditions.

Also Read- East Kameng Achieves Breakthrough in Last-Mile Healthcare with Drone-Delivered Hepatitis Vaccines

He encouraged officers to continue and expand these goodwill efforts under Operation Sadbhavana, reinforcing the Indian Army’s role as both guardians and partners in the development of frontier communities.

Earlier, Major General V.S. Deshpande, GOC of the 2 Mountain Division, briefed the Governor on the Division’s operational responsibilities and ongoing Sadbhavana projects in Arunachal Pradesh, aimed at building trust, security, and sustainable development in border areas.

The visit reaffirmed the crucial synergy between military readiness and civil goodwill, both essential to maintaining peace and progress in the strategically vital region of Arunachal Pradesh.",Arunachal24,https://arunachal24.in/arunachal-governor-parnaik-interacts-with-indian-army-officers-at-dinjan-in-assam/,"07/25/2025, 07:00 AM, +0000 UTC",Development & Infrastructure
Indian Army and Bisleri International Join Hands for Developing Eco Zone in Sikkim,"NewsVoir Gangtok (Sikkim) [India], August 29: Bisleri International Pvt. Ltd. has signed a Letter of Association (LoA) and a Memorandum of Understanding (MoU) with the Indian Army, Sikkim, to develop eco zone for plastic waste management through its flagship program Bottles for Change (BFC), at the Gangtok Military Station. The agreement was formally signed in the presence of senior army officials and representatives from Bisleri International. Through this association, BFC will contribute to develop plastic waste management & send all post-consumer plastic from the station for recycling. Also, the partnership aims to create awareness, drive behavioural change, and promote sustainable practices for a cleaner and greener future. It also marks a significant milestone for Bisleri as the Bottles for Change program expands into the state of Sikkim.

Commenting on the association, Mr. Angelo George, CEO of Bisleri International, said, ""It is an honour for Bisleri to collaborate with the Indian Army at Gangtok Military Station. Through the Bottles for Change initiative, we are committed to supporting the Army's efforts in developing the Eco Zone and creating a model of environmental responsibility. This partnership reflects our shared vision of sustainability and national pride. We look forward to building a lasting association for a more sustainable Sikkim."" Gangtok Military Station, set in the pristine Himalayan backdrop, is an important hub of strategic and community significance. With the establishment of the BFC program, the Station's Eco Zone will serve as a model for sustainable development and conservation in the region.

As part of Bisleri's Greener Promise, the Bottles for Change program continues to advance sustainability by building strong collaborations with communities, institutions, and government bodies. The partnership with the Indian Army is a testament to Bisleri's commitment to environmental stewardship and its philosophy of aligning with institutions that symbolize discipline, leadership, and community impact. With a legacy of over 50 years, Bisleri International Pvt. Ltd has grown to become one of the largest premium beverage businesses in India. Being the makers of the country's largest-selling packaged drinking water, Bisleri follows a stringent process of 114 quality tests and a 10-stage purification. It remains true to its core value of providing consumers with pure, safe and healthy water.

Bisleri International has a strong presence with 128 operational plants and a robust distribution network of over 6,000 Distributors and 7,500 Distribution Trucks across India and UAE market. It offers a range of beverages that are produced for all occasions. Whether it is the promise of goodness, trust, and purity with Bisleri packaged drinking water, or a daily dose of health offered through Vedica Himalayan Spring Water. Besides, Bisleri International has ventured into fun-filled refreshments with a diverse range of carbonated drinks available in multiple flavours, such as Bisleri Limonata, Bisleri Rev, Bisleri Spyci Jeera, Bisleri Pop and Bisleri Soda. These Bisleri products are also available on the e-commerce platform - Bisleri@Doorstep. This D2C platform reassures customers that they will receive a safe and uninterrupted supply of their most trusted brand at their doorstep.

The core values of Bisleri International lie in yielding growth and embedding sustainability by being responsible in all aspects of the business. The organization has unveiled Sustainability 2.0 with Bisleri Greener Promise that focuses on creating greener future for all through implementing initiatives under the program of recycling, water conservation and sustainability. For more information on Bisleri International, our people, brands, and OSR initiatives, visit www.bisleri.com. (ADVERTORIAL DISCLAIMER: The above press release has been provided by NewsVoir. ANI will not be responsible in any way for the content of the same)",Business Standard,https://www.business-standard.com/content/press-releases-ani/indian-army-and-bisleri-international-join-hands-for-developing-eco-zone-in-sikkim-125082901070_1.html,"08/29/2025, 07:00 AM, +0000 UTC",Development & Infrastructure
"Army Chief assesses ground situation in Manipur, reaffirms commitment to stability","Imphal, July 31: Indian Army Chief, General Upendra Dwivedi undertook a day-long visit to Manipur to review the prevailing security situation and operational readiness of the Indian Army and Assam Rifles deployed in the State, according to Army sources.

The visit assumes significance as Manipur continues to witness ethnic strife since May 2023 despite several initiatives taken by the Centre and State government.

Army spokesperson said that the visit underlined the steadfast commitment of the Indian Army to stability and development in the region. During his visit, the Army Chief was briefed on the ground situation and ongoing initiatives aimed at ensuring peace and security.

He reviewed the operational preparedness of troops and lauded their high standards of professionalism, resilience, and dedication under challenging circumstances.

General Dwivedi also called on Manipur Governor Ajay Kumar Bhalla, and discussed matters pertaining to security and development. The meeting highlighted the collaborative efforts between the civil administration and armed forces in fostering peace and progress in the region.

Earlier this month, the Army's Eastern Command chief, Lt Gen Ram Chander Tiwari, along with Spear Corps commanded, Lt Gen Abhijit S Pendharkar, and the Inspector General of Assam Rifles, South, Major Gen Ravroop Singh held a meeting at Raj Bhavan with the Governor and briefed him on the prevailing security situation in the State as well as the overall security scenario across the north-eastern region.",The Assam Tribune,https://assamtribune.com/north-east/army-chief-assesses-ground-situation-in-strife-torn-manipur-reaffirms-commitment-to-stability-1586812,"07/31/2025, 07:00 AM, +0000 UTC",Development & Infrastructure
Battlefield Tourism: Sikkim To Open Doklam And Cho La From Sept 27 To Double Festive Spirit,"ETV Bharat / state

Battlefield Tourism: Sikkim To Open Doklam And Cho La From Sept 27 To Double Festive Spirit

Cho La and Doklam battlegrounds will be opened for tourists from September 27 ( ETV Bharat )

Siliguri: After two years of devastation caused by natural disasters, Sikkim plans to bounce back this Puja season by strengthening its tourism sector. The state government has decided to open Doklam and Cho La, near the Indo-China border, for Indian tourists from September 27, calling it a new chapter in ""battlefield tourism"".

Earlier this year, Defense Minister Rajnath Singh had announced the concept of ​​'Battlefield Tourism', under the Bharat Rannbhoomi Darshan programme, which included three different sites of Sikkim in the list including Doklam, Nathu La and Cho La. Sherathang War Memorial (ETV Bharat) On Monday, Sikkim Tourism Secretary C Subhakar Rao announced the opening of two battlefields Doklam and Cho La for tourists. ""Three battlefield sites in Sikkim including Nathu La, Chola and Doklam are part of the initiative. Nathu La was already opened, while Doklam and Cho La will be opened for tourists from September 27 to boost tourism and double the festive spirit. ""We have decided to open these two tourist centers with the approval of the Centre following discussion with the Indian Army, BRO and Police. This will give a new direction to tourism,"" the Tourism Secretary said. ""Infrastructure has already been developed in Cho La and Doklam on the instructions of the Central Government. For now, 25 vehicles will be allowed to enter two places every day,"" he added. Cho La and Doklam battlegrounds will be opened for tourists from September 27 (ETV Bharat) According to government sources, Sikkim Chief Secretary Ravindra Telang, Tourism Secretary C Subhakar Rao and others held a meeting on battlefield tourism with top officials of the Indian Army's Trishakti Corps, Border Roads Organization (BRO) and Sikkim Police, during which final decision was taken to start tourism in Cho La and Doklam. The decision has been communicated to the Ministry of Defence. India-China Standoff",ETV Bharat,https://www.etvbharat.com/en/!state/sikkim-opens-doklam-cho-la-for-battlefield-tourism-as-durga-puja-gift-for-visitors-enn25091000521,"09/10/2025, 07:00 AM, +0000 UTC",Development & Infrastructure
Sikkim | Doklam And Cho La To Open For Domestic Tourists,"ETV Bharat / bharat

Sikkim | Doklam And Cho La To Open For Domestic Tourists

Gangtok: Doklam and Cho La will open for tourists from October 1. Although it was supposed to open from September 27, it has been postponed to October 1 thanks to administrative reasons.

The ban on tourists will remain in Lachen. Two more tourist centres are going to open in Sikkim Durga before Puja, and the tourism industry has welcomed the decision.

On January 15, 2025, Defence Minister Rajnath Singh announced battlefield tourism. Following it, Doklam and Cho La, two tourist centres adjacent to the Indo-China border, are being opened for domestic tourists. However, a ban has been imposed on foreign tourists from entering those two tourist centres. However, there are several rules for domestic tourists as well.

Sikkim Tourism Department Principal Secretary C Subhakar Rao said, ""Infrastructure has already been set up at Cho La and Doklam on the instructions of the Centre. 25 vehicles will be allowed at two places each day. Sikkim has three war zones. Nathu La, Cho La and Doklam. We have discussed with the Indian Army, Border Roads Organisation and Sikkim Police and decided to open two tourist centres with the approval of the Centre.""

In 2017, the two countries were involved in a dispute over the rights of the area in Sikkim adjacent to the India-China border. The Indian Army and the People's Liberation Army of China faced off. Doklam, located about 68 km east of Gangtok and at an altitude of 13,780 feet above sea level, is in the Chumbi Valley on the tri-border of Bhutan, China and India. In June 2017, when China started building a road in the area claimed by Bhutan, Indian troops intervened, and China stopped the construction work after a stalemate that lasted for more than two months.",ETV Bharat,https://www.etvbharat.com/en/!bharat/sikkim-doklam-and-cho-la-to-open-for-domestic-tourists-enn25092506254,"09/25/2025, 07:00 AM, +0000 UTC",Development & Infrastructure
Indian Army observes World Youth Skills Day in Agartala,"In observance of World Youth Skills Day 2025, Agartala Military Station organised a compelling Career Awareness Lecture at Kendriya Vidyalaya, Agartala, aimed at highlighting skill development pathways and career opportu...

ARCHIVE RESTRICTION (OLDER THAN 30 DAYS)

This News Story is in the Tripuratimes Digital Archive

Free online public access is provided for news content published within the last 30 days. For full historical editions and complete archives, please subscribe to Tripura Times ePaper & Archives,

For further assistance feel free to write to us at tripuratimesdigital@gmail.com",Tripuratimes,https://tripuratimes.com/ttimes/indian-army-observes-world-youth-skills-day-in-agartala-29632.html,"07/16/2025, 07:00 AM, +0000 UTC",Development & Infrastructure
"Torn by violence, Manipur now faces a second crisis: Ecological collapse","In Manipur, the land suffers twice, first from barricades, bunkers and the invisible boundaries drawn by ethnic conflict; then from floods that recognise neither hill nor valley, map nor identity. Cyclone Remal swept across both Senapati and Imphal. Mudslides engulfed districts like Pherzawl and Noney, while newborns had to be rescued from flooded hospitals in the Valley. When nature strikes, divisions dissolve. Yet even in shared disaster, the state remains fractured.

For two years, Manipur has been both a political and ecological battleground. The conflict between Meitei and Kuki-Zomi communities dominates headlines, courts and protests. But as the fight for territory escalates, the land itself is deteriorating. Floods, landslides, soil erosion and blocked watersheds scar the very ground over which identity is contested. A bitter irony unfolds, those battling for control of land often neglect its care.

In May and June 2024 and 2025, unrelenting rain turned Manipur into a warning. Government buildings and homes in Imphal were inundated for days. Hillsides collapsed in Ukhrul and Churachandpur, cutting off roads and destroying homes. The Imphal-Jiribam highway, a critical transport route, was blocked. At least 19,811 people were affected. Two were injured and later recovered.

The state opened 31 relief camps, reported damage to 14 infrastructure sites and confirmed impacts to over 3,300 houses. Around 1,600 people were relocated. Key facilities, including health centres and transport links, remain flooded long after the storm. These are not just the effects of climate change, but of decades of ecological neglect: Wetland encroachment, unregulated mining, deforestation and poor urban planning. The deluge is as much humanmade as meteorological.

Manipur’s vulnerability is not accidental. It has been shaped by short-sighted development and political indifference. Imphal’s outdated drainage system cannot cope with the city’s expanding population. Wetlands like Lamphelpat, once natural flood buffers, have been steadily built over. Rivers like the Nambul and Kongba are clogged with silt and plastic. In the hills, deforestation and unregulated quarrying have destabilised slopes, increasing runoff and erosion.

This ecological breakdown mirrors the political fragmentation of the state. Development is often dictated by ethnic calculations rather than ecological logic. Hill districts remain marginalised in state planning, with poor infrastructure and lax regulation. The Valley, though better connected, has grown with little regard for sustainability. In a deeply divided polity, no one governs the land as a whole, only their own portion.

This institutional vacuum hinders even the best ideas. Hydrologists have proposed river interlinking to prevent overflow. Environmentalists have called for afforestation, hill zoning and watershed-based planning. The National Green Tribunal has issued multiple orders penalising the state. In December 2022 , it directed Manipur to pay Rs 200 crore in environmental compensation for poor waste management. It has also raised concerns about unchecked deforestation linked to poppy cultivation. Yet these interventions remain largely unimplemented. They require a unified vision for the land, one that neither community nor government appears to hold.

Manipur’s crisis reflects a broader national pattern. According to the State of India’s Environment 2025 report by Down To Earth magazine and Delhi-based think tank Centre for Science and Environment, no Indian state scored above 70 on environmental performance, in this year’s State of States rankings. Manipur was among 27 states and Union Territories scoring below 50 in the “water” category, with glaring deficits in sewage treatment, waste management and river health. Even Andhra Pradesh, the top-ranked state, treats under 11 per cent of its daily sewage.

This is a failure of planning rooted in outdated data, patchy implementation and limited ecological foresight. As Sunita Narain, director general of CSE observed, “Without a recent census, this number is at best a projection or worse, a guesstimate. All this then puts into question the plan for river cleaning and how it will work.”

In Manipur, where floods and landslides are now annual events and ethnic divisions hamper coordination, such systemic failure is especially dangerous. The state’s delicate hill-valley ecology demands more precise data and coordinated governance than currently exists. Yet Manipur remains stuck in institutional inertia, unable — or unwilling — to match political urgency with ecological responsibility.

This makes the state’s most recent request to the Centre all the more telling. On June 17, 2025, three months after President’s Rule was imposed, Manipur sought Rs 1,000 crore in special assistance. The priority? Pension backlogs, security operations and compensation for conflict-related revenue losses. There was scant mention of wetlands, watershed repair, or flood mitigation. Land for the almost 25,000 displaced, once again, was absent from the ask.

The paradox is stark: Manipur is one of India’s most ecologically rich states, yet among the most poorly managed. This is not just bad governance, it is structural neglect. Conflict narratives, whether insurgency or ethnic grievance, have crowded out the ecological imagination. Land becomes a stage for grievance, not a subject of governance.

This absence is most visible during disaster. When floods hit, relief was delayed and uneven. Civil society groups like churches, student unions and volunteers responded swiftly, but their efforts rarely crossed ethnic lines. Aid was distributed along community loyalties rather than need. Even as floodwaters blurred boundaries, relief efforts remained siloed. In rare moments like shared meals, hospital wards and joint clean-ups, there were glimpses of what ecological solidarity could look like. Not slogans, but shared vulnerability.

The floods have prompted deeper questions: What does development mean in a conflict-ridden, ecologically fragile state? Can bridges and roads be called progress if they increase flood risk or undermine local ecologies? In the hills, infrastructure often arrives as surveillance, not support. In the Valley, modernisation has erased traditional environmental knowledge. Both approaches have failed.

If Manipur is to recover, it must rethink development not as expansion but as repair. This means treating wetlands as infrastructure, regulating mining through community forestry and designing cities with flood risk in mind.

More radically, it calls for a new federalism — one based not just on identity, but ecology. Hills and Valley are interdependent. Water flows from one to the other. Deforestation upstream causes floods downstream. A lasting peace demands institutions that reflect this: shared watershed councils, joint disaster plans, community climate forums.

At present, financial control sits with the Union Ministry of Tribal Affairs in Imphal, making hill politicians dependent on Valley counterparts. This breeds clientelism and undermines accountability. Granting administrative and financial autonomy to the hills could help ensure development is locally relevant and ecologically sound. This is not idealism, it is ecological realism.

For too long, politics in Manipur has focused on administrative borders, who controls what, under what status. But floods do not recognise borders. Water follows the path of least resistance. So does misgovernance. The real choice before Manipur is not between status quo and separation. It is between collapse and cooperation. Either the communities come together to protect the land, or the land will continue to exact its toll on all.

This is no rhetorical urgency. Climate models warn that intense rainfall events like those of May and June will become more frequent. The Northeast’s position along the Bay of Bengal cyclone corridor makes it especially exposed. Without robust ecological planning, these floods will return, faster and fiercer. There can be no post-conflict Manipur without ecological security.

Yet the idea of land still holds power. That power must shift from ownership to stewardship, from assertion to care. The land must be sustained, not merely claimed. This means not only redrawing borders but rebuilding soils, restoring rivers and creating resilience alongside peace. For Manipur to be whole, the land must live. And for the land to live, its people must act — together.

Sangmuan Hangsing is a researcher and alumnus of the Kautilya School of Public Policy

Views expressed are the author’s own and don’t necessarily reflect those of Down To Earth",downtoearth.org.in,https://www.downtoearth.org.in/environment/torn-by-violence-manipur-now-faces-a-second-crisis-ecological-collapse,"06/23/2025, 07:00 AM, +0000 UTC",Development & Infrastructure
"Army backs youth through sports, skills","Kohima/Pasighat, Oct 1: Assam Rifles, under the aegis of Spear Corps, continued its community outreach initiatives by supporting youth through sports, skill development and career-oriented programmes in Nagaland and Arunachal Pradesh.

As part of the Assam Rifles Civic Action Programme, sports equipment was distributed to the Pfuchama Youth Organisation in Kohima district of Nagaland. The initiative aims to encourage young people to participate in sports and promote teamwork, discipline and healthy engagement.

In Arunachal Pradesh, a formation under Spear Corps felicitated selected APSSB aspirants and youth who successfully completed IT and Hospitality courses under Project SeVaA. The felicitation was held at the Veteran Seva Kendra in Pasighat under Operation Sadbhavana.

The initiatives are aimed at creating greater opportunities for youth while strengthening their participation in constructive and nation-building activities.

The programmes also reflect the Indian Army’s continued focus on community engagement and youth empowerment in the Northeast, with emphasis on sports, education, vocational skills and career development.

Through such initiatives, the security forces continue to support local communities and encourage young people to pursue their aspirations with confidence, discipline and skills.",Brighter Kashmir,https://brighterkashmir.com/army-backs-youth-through-sports-skills,"10/02/2026, 12:47 AM, +0000 UTC",Society & Youth (Op Sadbhavana)
Indian Army Sets Up Fitness Centre in Arunachal’s Gelemo Under Operation Sadbhavana,"In a significant step towards strengthening nation-building efforts in remote border regions, the Indian Army has established a Community Fitness Centre & Gym at Gelemo village in Upper Subansiri District, Arunachal Pradesh, under Operation Sadbhavana (2025–26) as part of the Government of India’s Vibrant Village Programme.

The project has been undertaken under the aegis of the Subansiri Yodha Brigade, a formation of the Spear Corps, as part of the Indian Army’s continued outreach initiatives aimed at promoting development, empowering local youth and strengthening civil–military cooperation in border areas.

The newly established facility will provide villagers—particularly the youth—with access to modern fitness equipment and a dedicated space for physical training, recreation and community engagement.

The Community Fitness Centre is expected to play a vital role in fostering a culture of fitness, discipline and healthy living among the youth of Gelemo and nearby villages. By creating a positive and constructive environment for recreation and self-improvement, the initiative seeks to channel the energy of young people towards productive pursuits while nurturing qualities of confidence, resilience and self-reliance.

The inauguration witnessed enthusiastic participation from the local community, including village elders, women and children, reflecting the strong bond between the Indian Army and the people of the region.

Residents of Gelemo expressed heartfelt appreciation for the Army’s continued commitment to bringing meaningful development initiatives to remote border villages. The facility is expected to benefit a large number of youth and villagers across the surrounding areas.

Through Operation Sadbhavana, the Indian Army continues to play a pivotal role in enhancing the quality of life in remote regions by supporting initiatives in infrastructure development, sports promotion, education, healthcare and community welfare. These projects not only address local needs but also strengthen trust and partnership between the armed forces and border communities. The establishment of the Community Fitness Centre & Gym at Gelemo stands as another testament to the Indian Army’s “Nation First” ethos.",Pioneer Daily,https://dailypioneer.com/news/new-community-gym-opens-in-arunachal-under-operation-sadbhavana,"03/22/2026, 07:00 AM, +0000 UTC",Society & Youth (Op Sadbhavana)
Arunachal: Indian Army Holds Weapons Display at Aalo School,"AALO- The Spearhead Division of the Indian Army’s Spear Corps (III Corps) organised a weapons and equipment display at the Government Middle School in Aalo, West Siang district of Arunachal Pradesh, as part of its ongoing community outreach efforts under Operation Sadbhavana.

The event aimed to strengthen civil-military relations and inspire young students in a strategically significant border region. Students, teachers and local residents attended the programme, which provided an opportunity to interact directly with Army personnel and gain insight into the role of the armed forces.

Weapon instructors from the division demonstrated a range of military equipment, including small arms, communication systems and other essential gear used by the Indian Army in mountainous and difficult terrain. Students were allowed to closely observe the equipment while instructors explained their functions, safety mechanisms and operational importance in national defence.

Also Read- Arunachal Pineapple Festival at Bagra

According to officials, the interactive nature of the display was designed to familiarise students with the professionalism and technological capabilities of the Indian Army, while also fostering awareness about discipline and responsibility associated with military service. Such outreach programmes are regularly conducted by the Army in border and remote areas.

The primary objective of the initiative was to motivate students to consider careers in the armed forces by highlighting the values of discipline, service and commitment. In regions like Aalo, which hosts one of the oldest infantry brigades under the Spear Corps, these engagements are seen as contributing to youth empowerment and national integration.

Also Read- Padma Shri Historian Leads Heritage Tour in Tirap

The Spearhead Division has previously undertaken a range of community-oriented activities in Arunachal Pradesh, including coaching for Sainik School entrance examinations, eco-tourism exposure tours for students, infrastructure support in remote villages and humanitarian assistance during emergencies.

The programme concluded with Army personnel encouraging students to pursue education with dedication and maintain discipline. Several students expressed admiration for the soldiers and an increased interest in learning about the armed forces.

Officials said such initiatives continue to reinforce the long-standing bond between the Indian Army and the people of Arunachal Pradesh, particularly in border districts where community engagement plays a key role in strengthening trust and cooperation.",Arunachal24,https://arunachal24.in/arunachal-indian-army-holds-weapons-display-at-aalo-school/,"01/18/2026, 08:00 AM, +0000 UTC",Society & Youth (Op Sadbhavana)
"Fusion of Bands Season 3 grand finale highlights Nagaland’s rich musical talent, cultural harmony","Organised by the Indian Army under ‘Operation Sadbhavana’, the grand finale of Fusion of Bands Season 3 was held in Nagaland, showcasing the state’s vibrant musical talent while promoting cultural harmony and youth engagement.

The event brought together talented bands from across the region, reflecting the Army’s continued commitment to fostering goodwill, creativity and unity through music.

Defence spokesman Lt Col Mahendra Rawat said that the Grand Finale of Fusion of Bands Season 3 was successfully conducted on Saturday (January 31) at Bhagat Stadium, Rangapahar Military Station, showcasing music, unity and exceptional musical talent from across Nagaland.

Organised under the aegis of Spear Corps, Indian Army, the event was a flagship cultural initiative under ‘Operation Sadbhavana’, aimed at promoting youth empowerment, cultural expression and national integration.

Download Nagaland Tribune app on Google Play



The grand finale was attended by acting Nagaland Governor Ajay Kumar Bhalla as the Chief Guest, along with Lt Gen Abhijit S Pendharkar, GOC Spear Corps and S. C. Jamir, former Chief Minister of Nagaland and former Governor. Their presence underscored the significance of music and culture as instruments of unity and social cohesion.

Six finalist bands representing different districts of Nagaland competed in the finale.

Lt Col Rawat said after an electrifying contest, Desi Rewind (Mokokchung) was declared the Winner, clinching the first prize of Rs 3.5 lakh. Jack in the Box (Dimapur) secured the second prize of Rs 2.5 lakh, while NTTB-Nikato Tamang and the Band (Dimapur) finished Third, winning Rs 1.5 lakh.

In addition, each finalist received Rs 30,000, and all semi-finalists were awarded Rs 5,000 in recognition of their talent. The competition was adjudicated by an eminent jury comprising Akum Jamir, Bethel Tsuzu and Arenlong, all distinguished figures in the music fraternity.

The evening was further enriched by performances from guest artistes Agukath, Ahio Khieya and the Mahila Police Band.

Fusion of Bands – Season 3 concluded on a high note, reaffirming the Indian Army’s commitment to nurturing youth talent, celebrating cultural diversity and strengthening civil–military bonds in Nagaland, the defence PRO added.",Nagaland Tribune,https://nagalandtribune.in/fusion-of-bands-season-3-grand-finale-highlights-nagalands-rich-musical-talent-cultural-harmony/,"02/01/2026, 08:00 AM, +0000 UTC",Society & Youth (Op Sadbhavana)
AR undertakes multiple civic action initiatives across Nagaland,"Assam Rifles carried out a series of civic action programmes across Nagaland, reflecting its commitment to community welfare, infrastructure development, and youth empowerment. The initiatives, undertaken under Op Sadbhavna, ranged from construction of vital infrastructure to humanitarian outreach and motivational programmes for local youth.

At Old Tesen village in Peren district, Assam Rifles under Spear Corps of the Indian Army handed over a newly constructed Community Hall to the residents. The project, executed under Op Sadbhavna, was aimed at strengthening rural infrastructure and improving the quality of life in remote areas. The hall is expected to serve as a vital space for village meetings, social gatherings, educational activities, and cultural programmes. Villagers expressed gratitude for the facility, which will be particularly useful during the rainy season when outdoor gatherings are difficult. The event witnessed the participation of 90 locals, who conveyed appreciation for the efforts of Assam Rifles in providing essential infrastructure.

In Zunheboto district, Assam Rifles extended humanitarian support to underprivileged children at Mt Chingkhu Hostel, Tsutoho village. Troops distributed food items and daily essentials including rice, pulses, cooking oil, hygiene products, and other necessities.

The outreach programme not only ensured basic needs were met but also created an opportunity for personnel to interact with the children, sharing moments of warmth and encouragement. The hostel management expressed gratitude for the timely assistance, noting that such initiatives reflect Assam Rifles’ ethos of compassion and responsibility towards the welfare of the community.

A motivational lecture on joining the Armed Forces was organised at Langnyok village on February 2.

The programme was attended by 18 villagers and seven Village Guards. The lecture highlighted career opportunities, entry schemes, eligibility criteria, and the values of discipline, integrity, and service.

Participants were briefed on the role of the Armed Forces in safeguarding sovereignty, maintaining peace, and assisting during calamities. The interactive session inspired local youth to consider the Armed Forces as a career of honour and national duty, while instilling patriotism and discipline.

Further, Assam Rifles inaugurated a Rain Water Harvesting Tank at Wakching Chingla village in Mon district under Op Sadbhavna 2025–26.

The project was undertaken following a request from the Village Council, keeping in view the persistent water scarcity faced by the villagers. Located in a remote hilly terrain, the village has limited access to reliable water sources, making the rain water harvesting system a sustainable solution. The facility is expected to significantly improve water availability, reduce dependence on distant sources, and enhance the overall quality of life. The project also promotes environmental sustainability through effective water conservation practices.",Nagaland Post,https://nagalandpost.com/ar-undertakes-multiple-civic-action-initiatives-across-nagaland/,"02/03/2026, 08:00 AM, +0000 UTC",Society & Youth (Op Sadbhavana)
"Operation Sadbhavana: Indian Army’s Trishakti Corps demonstrate unwavering support for North Sikkim’s remote communities in Naga, Rangrang villages | Akashvani News","Under Operation Sadbhavana, the Indian Army’s Trishakti Corps demonstrated unwavering support for North Sikkim’s remote communities in Naga and Rangrang villages.

Following a devastating glacial lake outburst flood (GLOF), the Corps distributed essential relief materials, benefiting villagers and symbolizing solidarity during challenging times.

Additionally, a medical camp provided critical healthcare services to over 150 patients, while local youths were engaged with educational sessions under the Agniveer Scheme, promoting empowerment and a brighter future.

These efforts, rooted in compassion, highlight the Army’s commitment to fostering community development and strengthening bonds with border populations, ensuring sustained harmony and solidarity in the region.",News On AIR,https://newsonair.gov.in/operation-sadbhavana-indian-armys-trishakti-corps-demonstrate-unwavering-support-for-north-sikkims-remote-communities-in-naga-rangrang-villages/,"05/12/2024, 07:00 AM, +0000 UTC",Society & Youth (Op Sadbhavana)
Indian Army builds log hut in remote village,"TAKSING, 5 Jan: The Indian Army’s Spearhead Division has constructed a log hut with water storage facility in Ojugo village here in Upper Subansiri district.

The infrastructure was created as part of Operation Sadbhavana, the Indian Army’s flagship initiative aimed at promoting welfare, development and trust-building among local communities in far-flung and strategically important regions. The newly constructed facility will provide essential shelter and assured water availability, directly benefitting local villagers and graziers.",The Arunachal Times,https://arunachaltimes.in/article/indian-army-builds-log-hut-in-remote-village,"01/06/2026, 08:00 AM, +0000 UTC",Society & Youth (Op Sadbhavana)
Sikkim: Indian Army organises football match at an altitude of 12600 feet under Operation Sadbhavana,"As part of Operation Sadbhavana, Trishakti Corps, Indian Army organized an exhilarating friendly football match between the border villages of Gnathang and Kupup of East Sikkim along Indo- China Border situated at an altitude of 12600 Feet above MSL.

The event aimed at strengthening the bond between the military and the local populace while promoting a sense of nationalism, unity and camaraderie. The football match, held amidst the picturesque landscape of East Sikkim, showcased the army's commitment to fostering a nationalistic fervour, goodwill and cooperation in the border areas.

The match drew enthusiastic participation from the local youth, creating an atmosphere of excitement, oneness and mutual respect. Spectators from the villages cheered their teams, highlighting the shared spirit of sportsmanship that prevailed throughout the match.

Local residents expressed their appreciation for the efforts of the Indian Army in organizing such events that go beyond security measures. These initiatives contribute significantly to building trust and fostering nationalistic sentiments & positive relationships between the military and civilians in the remote areas along the Indo-China Border.

Operation Sadbhavana, with its focus on community development, has been pivotal in creating a positive impact on the lives of residents in the border villages.



The match concluded with prize distribution ceremony, recognizing players for their skills, spirit, fitness and dedication to the game. The Indian Army reaffirmed its commitment to continuing such community-driven activities in the future, promoting harmony and solidarity in the border villages of Sikkim.",India Today NE,https://www.indiatodayne.in/sikkim/story/sikkim-indian-army-organises-football-match-at-an-altitude-of-12600-feet-under-operation-sadbhavana-919788-2024-03-04,"03/04/2024, 08:00 AM, +0000 UTC",Society & Youth (Op Sadbhavana)
Indian Army's operation 'Sadbhavana' initiative: 20 youth embark on 10-day National Unity Journey,"Under the Indian Army's Operation 'Sadbhavana,' a group of 20 young individuals from northern districts of Assam began a 10-day National Unity Journey on September 4. This journey commenced on September 3 in Dibrugarh and will conclude in Kolkata on September 13. The initiative is designed to raise awareness among youth about diverse cultures and encourage them to embrace best practices. Led by the Army, the National Unity Journey seeks to promote understanding, tolerance, and unity among the participants, fostering a sense of national integration and harmony while celebrating India's rich cultural tapestry. It serves as a valuable initiative to strengthen social cohesion.",The Times of India,https://timesofindia.indiatimes.com/videos/news/indian-armys-operation-sadbhavana-initiative-20-youth-embark-on-10-day-national-unity-journey/videoshow/103349210.cms,"09/04/2023, 07:00 AM, +0000 UTC",Society & Youth (Op Sadbhavana)
Indian Army Upgrades Hostel in North Sikkim Under Operation Sadbhavana,"In a significant step towards improving educational infrastructure in remote areas of Sikkim, the Indian Army has completed the upgradation of the Netaji Subhas Chandra Hostel at Taryang Primary School in Lower Dzongu, North Sikkim, under its flagship Operation Sadbhavana initiative.

Established in 1976, Taryang Primary School serves children from remote Lepcha villages scattered across the region. The challenging terrain, harsh weather conditions, poor connectivity and limited infrastructure have long posed difficulties for students in accessing quality educational and residential facilities. The hostel, home to around 35 students, had been operating with inadequate amenities for several years.

Recognising the need for better facilities, the Indian Army undertook a comprehensive development project aimed at enhancing both the living and learning environment for the students.

The upgraded hostel now features improved sanitation facilities, a hygienic kitchen and dining area, proper electrification, modern furniture, digital learning aids, sports infrastructure, recreational facilities and safety chain fencing along the school boundary.

Speaking on the occasion, an Army officer highlighted the longstanding relationship between the Army and the people of Sikkim.

“The bond between the Indian Army and the people of Sikkim is built on trust, respect and shared commitment to the region’s progress. Through this project, the Army has endeavoured to provide children from remote villages a safe, healthy and enabling environment to learn, grow and realise their potential,” the officer said.

The upgraded infrastructure is expected to significantly improve the quality of residential education at the hostel, creating a safer, cleaner and more conducive environment for students. The improvements are also expected to contribute to better educational outcomes and support the holistic development of children from far-flung villages.

The initiative underscores the Indian Army’s continued commitment to community welfare, education and nation-building in remote and tribal regions. By strengthening residential education infrastructure in Lower Dzongu, the project has brought renewed hope and opportunities for young learners while further reinforcing the spirit of trust, cooperation and goodwill between the Indian Army and the people of Sikkim.",Pioneer Daily,https://dailypioneer.com/news/indian-army-revamps-student-hostel-in-north-sikkim,"06/21/2026, 07:00 AM, +0000 UTC",Society & Youth (Op Sadbhavana)
Indian Army’s 'Operation Sadbhavana' delivers lifesaving yak care to Tsomgo’s remote herders,"The Indian Army's Trishakti Corps conducted a veterinary camp at Tsomgo, a high-altitude region where yaks are indispensable to the livelihood and survival of the local communities. Organized under Operation Sadbhavana, the camp was aimed at delivering much-needed medical care to livestock in this geographically isolated area.

Yaks form the backbone of Tsomgo's economy, serving not only as a source of income but also playing a crucial role in transportation and daily survival amid harsh mountain conditions. However, the remoteness of the region has long deprived herders of access to veterinary services, leaving common animal ailments untreated and threatening both animal and human well-being.

To bridge this gap, the Trishakti Corps facilitated the visit of a specialized team of civil veterinary doctors to Tsomgo. These experts carried out comprehensive health check-ups and administered treatment for ailments frequently seen in yaks, including skin infections, leg sores, eye complications, and fevers. In addition to addressing existing conditions, preventive medications and essential supplies were distributed to help mitigate recurring health issues.

Recognizing the need for sustainable impact, the camp also featured awareness sessions for yak owners. Herders were educated on best practices related to feeding, hygiene, and animal handling, with the aim of improving livestock welfare over the long term. Special nutrients and calf feed were provided to ensure that young yaks receive proper nourishment during critical growth phases.

The successful execution of the camp underscored seamless coordination between the Indian Army and civil authorities. While the Army managed the challenging logistics of operating in difficult terrain, the veterinary professionals ensured that high-quality, specialized care reached those in need. This joint effort not only met the immediate medical requirements but also strengthened community ties, reinforcing the Army’s role as a partner in local development.

Tsomgo’s isolated setting often limits access to essential services, making such initiatives critical. Beyond delivering medical aid, the camp sent a broader message of solidarity from the Indian Army, reaffirming its commitment to addressing the real challenges faced by border communities.",India Today NE,https://www.indiatodayne.in/sikkim/story/indian-armys-operation-sadbhavana-delivers-lifesaving-yak-care-to-tsomgos-remote-herders-1209150-2025-05-05,"05/05/2025, 07:00 AM, +0000 UTC",Society & Youth (Op Sadbhavana)
Indian army launches integration tour for Manipur students,"KOLKATA: In an endeavour to engage and inspire local youths and to promote national integrity in the strife-affected Manipur , the Indian Army initiated a national integration tour on Saturday where 20 school students and two teachers started a tour to Delhi, Agra and Lucknow to meet President Droupadi Murmu and senior military officials during a 10-day programme.The students -- 14 girls and 6 boys -- and the 2 teachers hail from Sacred Heart School at Yambem in Imphal East district, representing the villages of Andro, Yaripok, Yambem, Changamdabi and Angtha.The tour was formally inaugurated by Major General SS Kartikeya, General Officer Commanding Red Shield Division on November 2 from Koirengei in Manipur. The GOC, accompanied by the chairperson of the FWO, Red Shield Division, conversed with the students and conveyed best wishes for their expedition.As part of Operation Sadbhavana -- an initiative undertaken by Indian Army to address aspirations of people affected by terrorism, sponsored and abetted by Pakistan -- the contingent shall first arrive in Delhi before proceeding to Agra, and Lucknow, endeavouring to foster national unity and promote cultural understanding .""Over ten days, the students will interact with the President of India and senior military dignitaries whilst experiencing the nation's rich cultural heritage and visiting significant historical and educational sites,"" a senior official stated. The group is scheduled to return to Imphal on November 12.Operation Sadbhavana aims to assist people affected by terrorism, integrate locals into the national mainstream, diminish proxy wars in the region and neutralise anti-India propaganda. The operation centres on five spheres -- infrastructure development, education, community development projects, women and youth empowerment and health and sanitation.",The Times of India,https://timesofindia.indiatimes.com/india/indian-army-launches-integration-tour-for-manipur-students/articleshow/114889626.cms,"11/02/2024, 07:00 AM, +0000 UTC",Society & Youth (Op Sadbhavana)
Assam Rifles conducts series of civic action programmes across Nagaland,"Assam Rifles carried out a series of civic action and community outreach programmes across Nagaland, reaffirming its role as both guardians of security and partners in socio-economic development. The initiatives ranged from skill development and healthcare to cultural activities and awareness programmes, reflecting the force’s commitment to community welfare and youth empowerment.

Bamboo Crafting Session with REACHA

In collaboration with REACHA, Assam Rifles organised a bamboo crafting session for students to promote traditional livelihoods and skill-based learning. The programme aimed to sensitise young people to bamboo as an eco-friendly, sustainable resource while reviving traditional craftsmanship among the younger generation. Trained artisans and resource persons demonstrated techniques such as design, cutting, shaping and finishing of bamboo products. Students were given hands-on exposure and encouraged to actively participate, helping them understand the practical utility and economic potential of bamboo-based skills. Assam Rifles personnel also interacted with the students, motivating them to explore skill-based learning alongside formal education. The initiative was well received, with participants expressing enthusiasm for the opportunity to learn a traditional craft in an engaging manner.

Medical Camp at Chümoukedima

Assam Rifles conducted a free medical camp at AK Industrial Village, Chümoukedima district, as part of its ongoing civic action efforts. The camp was attended by 183 villagers of all age groups. A team of medical officers and paramedical staff provided consultations, health check-ups and distributed essential medicines. Special attention was given to women, children and the elderly, addressing common ailments and promoting preventive healthcare. Health awareness sessions were also conducted, educating villagers on hygiene, nutrition, seasonal diseases and general wellness. The initiative was warmly appreciated by the community, who expressed gratitude for the timely medical support and compassionate outreach.

National Integration Tour from Mon to Kaziranga

In Mon district, Assam Rifles flagged off a National Integration Tour for students and teachers from Changlangshu village to Kaziranga National Park, Assam. The contingent comprised 14 students and three teachers. The tour was designed to foster national integration, promote exposure to the country’s cultural and natural heritage, and strengthen the bond between youth and the Armed Forces. As part of the programme, a weapon and equipment display was organised at Jorhat, giving participants first-hand knowledge of the Indian Army’s capabilities. The tour sought to broaden horizons, instil patriotism and encourage unity among young minds from remote areas.

Painting and Rangoli Competitions in Kiphire

To commemorate 150 years of Vande Mataram, Assam Rifles organised painting and rangoli competitions in Thongsonyu and Tukhinkiu villages, Kiphire district, on January 20. The painting competition was held on the theme “Pollution Free, Crime Free India,” while the rangoli competition took place at Kiphire. Over 30 children participated, expressing their creativity and patriotic spirit through vibrant artwork. Assam Rifles personnel interacted with the participants, encouraging them to embrace civic values, environmental stewardship and unity in nation building. A prize distribution ceremony was held to felicitate the winners with certificates and prizes.

Lecture on Women Empowerment at Mokokchung

At Mokokchung, Assam Rifles organised a lecture on women empowerment, which witnessed enthusiastic participation from local women. The lecture was delivered by Mrs. Milan, Secretary of Assam Rifles Ex-servicemen Association, Mokokchung. She spoke on self-confidence, education, skill development, financial independence, health and hygiene, legal awareness, personal safety and the crucial role of women in family and society. The interactive session provided a platform for women to share experiences and challenges, with queries addressed in detail. Participants expressed gratitude for the meaningful programme, which strengthened awareness and motivation to take informed decisions in their personal and professional lives.",Nagaland Post,https://nagalandpost.com/assam-rifles-conducts-series-of-civic-action-programmes-across-nagaland/,"01/21/2026, 08:00 AM, +0000 UTC",Society & Youth (Op Sadbhavana)
Arunachal: Indian Army organized first Indigenous Games event at Pasighat,"PASIGHAT- The first Indigenous Games event at Pasighat, held from March 17 to March 20, 2025, marked a significant cultural and sporting milestone in Arunachal Pradesh.

Organized under the banner of “Operation Sadbhavana 2025” by the Unying Aran Committee in collaboration with the Sigar Military Station and the Indian Army, the event took place at Gidi Notko in Pasighat, East Siang District.

This initiative aimed to promote and preserve the rich traditional sports and cultural heritage of Arunachal Pradesh while fostering community engagement and harmony.

Also Read- ITBP has launched its high-altitude Frontier Level cycling expedition, “Veerta,” from Bumla

The Indigenous Games were inaugurated on March 17, 2025, by the Deputy Chief Minister of Arunachal Pradesh, Chowna Mein. The opening ceremony coincided with the Unying Aaran festival, a traditional celebration of the local community, adding a festive and cultural dimension to the event.

The games spanned four days, concluding on March 20, 2025, and featured a variety of traditional sports that highlighted the physical prowess, teamwork, and cultural identity of the region’s indigenous people.

Also Read- Late Dorjee Khandu Memorial District-Level Archery Tournament Concludes in Tawang

The event showcased an array of traditional games, including:

Archery: A culturally significant sport, with the Deputy Chief Minister himself participating in a demonstration.

Tug of War: A test of strength and coordination.

Bamboo Climbing: An activity requiring agility and skill.

Bamboo Walking: A unique challenge emphasizing balance and tradition.

Approximately 1,000 local participants from the East Siang District and surrounding areas took part, reflecting strong community involvement.

The event attracted over 5,000 visitors, including students and local youth, who showed enthusiastic support for the initiative.

Also Read- XXth Tadar Tang State Level Football Tournament Kicks Off in Tawang

Alongside the games, the Indian Army organized a “Know Your Army Mela,” which featured a “Wall of Heroes” exhibit showcasing major war incidents on the frontier, enhancing the patriotic fervor of the occasion.

The primary goal of the Indigenous Games was to preserve and promote the traditional sports of Arunachal Pradesh, which are deeply rooted in the state’s indigenous culture. As part of Operation Sadbhavana, the event also aimed to strengthen ties between the Indian Army and the local community, encourage youth participation in constructive activities, and inspire interest in the armed forces. The inclusion of cultural elements during the Unying Aaran festival further emphasized the celebration of heritage and unity.

The closing ceremony on March 20, 2025, was attended by the District Commissioner of East Siang and senior officials from the Sigar Military Station. Prizes were awarded to the winners of various competitions, recognizing their skills and contributions to the event. The ceremony highlighted the appreciation of the local community, dignitaries, and district authorities for the Indian Army’s efforts in organizing this culturally significant initiative.",Arunachal24,https://arunachal24.in/arunachal-indian-army-organized-first-indigenous-games-event-at-pasighat/,"03/21/2025, 07:00 AM, +0000 UTC",Society & Youth (Op Sadbhavana)
Alempang Futsal Turf inaugurated in Mokokchung,"The much-anticipated Alempang Futsal Turf was officially inaugurated on Tuesday, March 11 at Alempang Ward, Mokokchung. The event was graced by Col. Gaurav Singh, SC, SM, Commanding Officer of the 164 Infantry Battalion (Territorial Army) Naga, as the Special Guest.

Col. Gaurav Singh, in his speech, informed that the turf was built under the Indian Army’s Operation Sadbhavana. He stated that the project was made possible after Nagaland’s Advisor for Water Resources, Tongpang Ozukum, approached him in November last year.

He described this as a humble beginning, attributing it to God’s plan. “It’s a blessing to Alempang Ward,” he remarked, adding that the initiative would also benefit the adjacent wards of Tongdentsuyong, Alempang, and Sungkomen, as well as the town as a whole.

Singh stated that the turf marks the actual utilization of the Ladybird School Society land, expressing hope that the society would greatly benefit from this development. He remarked, “There is no dearth of talent in the district, especially in sports; however, it is the lack of infrastructure that poses a major challenge,” emphasizing the potential for nurturing promising sportspersons.

He encouraged the youth to stay away from intoxicating habits and instead contribute positively to society. Singh expressed hope that the initiative would help nurture talented sportspersons in the future.

As part of Operation Sadbhavana, the initiative aims to improve infrastructure and enhance the quality of life in remote areas. He also mentioned that two more projects are underway in Chakpa village and Yaongyimti New.

Operation Sadbhavana is undertaken by the Indian Army to uplift the local population. The projects are designed to address local aspirations by meeting basic needs such as healthcare, education, infrastructure development, and community engagement.

Singh further highlighted that the 164 Infantry Battalion (Territorial Army) Naga is the only unit in the Indian Army that comprises personnel from all 17 recognized tribes of Nagaland, including the recently recognized tribe ‘Tikhir’ . “Since 2006, our unit has been working to bridge the gap between security forces and the people while making meaningful contributions to society,” he said.

Singh appreciated the community’s initiative and assured continued support from the army in community development activities.

Tongpang Ozukum, Advisor for Water Resources, Government of Nagaland, in his address, expressed deep appreciation for Col. Gaurav Singh and the Indian Army for making the Futsal ground a reality under Operation Sadbhavana.

He acknowledged Col. Singh’s personal efforts in facilitating the project, stating, “ and I extend my heartfelt gratitude to him on behalf of the community.”

Ozukum also revealed that Alempang Ward was initially not included in the list of districts receiving a futsal turf. However, through the intervention and sincere efforts of Col. Singh, the project was made possible and he expressed profound gratitude for this initiative.

Ozukum shared how the project came into being and appreciated everyone involved in transforming it into reality for the people of Angetyongpang and its neighboring wards.

Highlighting the importance of the facility, Ozukum expressed hope that it would encourage the community to adopt a healthy and purposeful lifestyle. “Today, we have become more health-conscious, and I hope this ground will help our people, especially the younger generation, engage in healthy and meaningful activities,” he remarked.

He also acknowledged the Chubatemstü Link Road leading to the turf, which has been maintained to provide smooth access to the facility. He emphasized the need for further improvement of the road and surrounding infrastructure to ensure better convenience during travel.

Ozukum took a moment to express his gratitude to the landowners, Ladybird School Society for providing the space, as well as the project in-charge for his dedicated efforts in overseeing the construction.

“This ground is not only for our ward but also for the neighboring wards. I hope this facility will inspire many young sportspersons to emerge from our district, and I am confident that with continued collaboration, we will see more positive development in our community,” he concluded.

In a short speech, Imchanaro expressed her heartfelt gratitude, emphasizing the importance of sports infrastructure in the community. Speaking on behalf of Ladybird School Society, the landowner mentioned that the society had purchased the plot of land years back specifically for the development of sports infrastructure for Ladybird School students and for the Alempang community in general with the objective and vision to train and discipline the upcoming young students through active participation in games and sports. In addition, the society has the goal to provide the land as a recreational sports centre for the youth of Mokokchung District.

“We are witnessing this inauguration which otherwise would still have been a forest. Our gratitude to Col. Gaurav Singh and all community leaders for making this dream a reality. We hope that this futsal turf will serve as a platform to promote games, sports, and community engagement,” the landowner stated. He also expressed gratitude towards Tongpang Ozukum, Advisor of Water Resources and the Alempang Ward Executive Council for their persistent efforts in materializing the project.

Download Nagaland Tribune app on Google Play



The futsal turf was completed at an estimated cost of Rs 40 lakh which has been constructed on land belonging to the Lady Bird School Society.

Maongtula, Councillor of Mokokchung Municipal Council (MMC), in her welcome address, expressed her joy and gratitude for the inauguration of the Alempang Futsal Turf. She emphasized that the turf is not just a playground but a platform of opportunity and inspiration for the youth of the community.

She acknowledged the generous contributions and support from Col. Gaurav Singh and Tongpang Ozukum, stating that their efforts have brought this project to fruition. Maongtula encouraged the youth to make the best use of the facility

Addressing the parents and elders, she urged them to motivate their children to prioritize outdoor activities, minimizing distractions from gadgets. She further expressed hope that the facility would nurture future champions and strengthen the unity of the community.

Lemasashi, Chairman of Alempang Ward Yimden, delivered the vote of thanks, expressing deep appreciation to all individuals and stakeholders who contributed to the successful completion of the futsal turf. Rev. Ngangnen Lkr, Pastor of Alempang Baptist Church pronounced the dedicatory prayer.

The grand opening was officially marked by the Special Guest with a ribbon-cutting ceremony. The event concluded with an exhibition match between the Alempang Youth Association and the Alempang Ward Council.







",Nagaland Tribune,https://nagalandtribune.in/alempang-futsal-turf-inaugurated-in-mokokchung/,"03/12/2025, 07:00 AM, +0000 UTC",Society & Youth (Op Sadbhavana)
Arunachal: Gajraj Corps launches national integration tour for students in Tawang,"A group of 15 students and a teacher from Mahabodhi School in Tawang, Arunachal Pradesh, has embarked on a 10-day National Integration Tour under the Indian Army's Operation Sadbhavana.

This initiative, launched by the Gajraj Corps, aims to provide these young individuals with an enriching experience that showcases India's diverse cultural heritage and vibrant growth.

The students will visit significant landmarks, including the Taj Mahal, Qutub Minar, and the spiritual hub of Vrindavan, as well as the Nehru Planetarium. A key aspect of the tour is the opportunity for the students to meet and engage with senior government officials, an experience designed to inspire and motivate them.

This National Integration Tour exemplifies the Indian Army's commitment to promoting unity and fostering national pride among the youth. Through Operation Sadbhavana, the Army seeks to connect communities while encouraging young people to appreciate India's rich heritage and the potential for their own futures.

The Defence Ministry highlighted that such tours are not only educational but also motivational, aimed at youth from Jammu and Kashmir and North Eastern States. The tours offer insights into the country's heritage and ongoing developmental initiatives, exposing participants to various career options and facilitating interactions with notable figures.",India Today NE,https://www.indiatodayne.in/arunachal-pradesh/story/arunachal-gajraj-corps-launches-national-integration-tour-for-students-in-tawang-1115072-2024-11-03,"11/03/2024, 07:00 AM, +0000 UTC",Society & Youth (Op Sadbhavana)
Mokokchung band tops youth music showcase in Nagaland,"The grand finale of Fusion of Bands Season 3 concluded at Bhagat Stadium, Rangapahar Military Station, highlighting youth talent and cultural unity in Nagaland. Organised by the Spear Corps of the Indian Army under Operation Sadbhavana, the event brought together emerging bands from across districts for a competitive showcase of original music.

The finale on was attended by Manipur and Nagaland Governor Ajay Kumar Bhalla as the chief guest, alongside Lt Gen Abhijit S Pendharkar and S C Jamir. Their presence underscored the programme’s focus on youth engagement and cultural cohesion.

Six finalist bands competed: After Party (Dimapur), NTTB – Nikato Tamang and the Band (Dimapur), The Muse (Mokokchung), Rock Revolt (Dimapur), Jack in the Box (Dimapur) and Desi Rewind (Mokokchung)

Desi Rewind emerged winners, securing the top prize of Rs 3.5 lakh. Jack in the Box finished runners-up with Rs 2.5 lakh, while NTTB – Nikato Tamang and the Band placed second runners-up, winning Rs 1.5 lakh. Each finalist also received Rs 30,000, with semi-finalists awarded Rs 5,000.

The competition was judged by a jury comprising Akum Jamir, Bethel Tsuzu and Arenlong. Guest performances by Agukath, Ahio Khieya and the Mahila Police Band added to the evening’s programme.

The season closed with a renewed emphasis on nurturing local talent and strengthening civil–military ties through cultural initiatives in Nagaland.",India Today NE,https://www.indiatodayne.in/nagaland/story/mokokchung-band-tops-youth-music-showcase-in-nagaland-1340263-2026-02-02,"02/02/2026, 08:00 AM, +0000 UTC",Society & Youth (Op Sadbhavana)
"Army recruitment rally, medical camp held in Nagaland","Army personnel addressing candidates during the recruitment rally at Rangapahar Military Station.





DIMAPUR — The Army Recruiting Office (ARO) Rangapahar conducted a recruitment rally for the state of Nagaland at Rangapahar Military Station from August 27 to the 30th.





According to an update, the rally witnessed the participation of over 350 candidates from all districts of Nagaland and was formally flagged off by Brig. Rajeev Kumar, deputy director, General Recruiting, Zone (North Eastern States).





The rally was attended by several senior dignitaries, including directors recruiting from Aizawl and Narangi, SRMO Recruiting (NE states), RMOs, as well as civil authorities comprising the EDC Dimapur, ACP (West), civil doctors, and representatives from the Education Department of Dimapur.

It was mentioned that on completion of the event, the final results will be declared.





Also read: Army recruitment rally for NE states from September 10-13





Parvati Jangid Suthar visits Assam Rifles





Renowned social activist and youth leader Colonel (Hony) Parvati Jangid Suthar visited Assam Rifles campuses at Kashiram Basti (Dimapur), Medziphema, and Kohima between August 26 and 28.





A press release mentioned that, fondly known as the “Sister of Soldiers” and hailing from the border village of Gagariya in Rajasthan, Jangid has become a symbol of support for India’s armed forces.





Over the years, she has personally tied rakhi to more than 4,00,000 defence personnel, often travelling to the most remote and high-risk areas along the India–Pakistan and India–China borders.





During her visit, she interacted with troops, listening to their experiences and expressing gratitude on behalf of the nation. At the war memorial, she offered floral tributes to fallen heroes. A rakhi-tying ceremony followed, where she tied sacred threads on the wrists of soldiers.",easternmirrornagaland.com,https://www.easternmirrornagaland.com/army-recruitment-rally-medical-camp-held-in-nagaland,"08/31/2025, 07:00 AM, +0000 UTC",Society & Youth (Op Sadbhavana)
Sikkim: National Integration Tour Flagged Off From Libing Helipad In Gangtok,"NET Web Desk

The National Integration Tour (NIT), organised by HQ 17 Mountain Division of the Indian Army, was officially flagged off on Saturday at Libing Helipad, Gangtok. The ceremony was led by the Major General and General Officer Commanding (GOC) of the Black Cat Division, Gangtok.

The NIT is an initiative under the Indian Army’s ‘Operation Sadbhavana,’ aimed at promoting the holistic development of youth from border and remote areas by providing them exposure to places of historical, cultural, and technological significance.

Scheduled from August 10 to 17, 2025, the tour includes 20 engineering students—12 female and 8 male—from underdeveloped regions of Sikkim, accompanied by teachers and army personnel. The itinerary covers Hyderabad, Bengaluru, and Mysuru, where participants will visit premier educational institutions, prominent scientific and technological centers such as ISRO and Infosys, and film city. They will also interact with industry leaders and technology startups.

In addition to technological exposure, the students will visit cultural and historical sites and meet the Governor of Telangana. The tour will conclude with a flagging-off ceremony at Raj Bhawan by the Governor of Sikkim in the near future.

The objective of the tour is to expand the horizons of young minds who face geographical and socio-economic limitations, and to introduce them to the concept of ‘VIKSHIT BHARAT’ through technological integration and cultural unity.

During the flag-off event, the Major General addressed the students, highlighting the importance of unity in diversity, mutual respect, excellence, and patriotism. Female students tied rakhis to army personnel, wishing for their safety and longevity. The students also received gifts from the 17 Mountain Division Black Cats, presented by distinguished guests during the programme.",Northeast Today,https://northeasttoday.in/northeast/sikkim-national-integration-tour-flagged-off-from-libing-helipad-in-gangtok/,"08/09/2025, 07:00 AM, +0000 UTC",Society & Youth (Op Sadbhavana)
Indian Army Brings Indigenous Games to Life in Arunachal Pradesh,"Indian Army Brings Indigenous Games to Life in Arunachal Pradesh

As part of its ongoing efforts to promote community development and goodwill, the Indian Army conducted a First Indigenous games at Pasighat, in conjunction with the Unying Aaran Festival, from 17 to 20 Mar 25. This initiative was undertaken as part of Operation Sadbhavana, the Indian Army’s outreach program aimed at promoting peace, prosperity, and harmony in the region.

Unying aaran is celebrated in the month of March marking the beggining of Adi New Year. The festival is believed to bring good m

fortune, prosperity, and happiness to the community. Indigenous Games were conducted at Festival site of Gidi Notko, Pasighat, Arunachal Pradesh. Indigenous games promoted the tradition, heritage and culture of local Adi tribes of Arunachal Pradesh and generated goodwill and projected a positive image of Indian Army.

The event was inaugurated by Shri Chowna Mein, Hon Dy Chief Minister of Arunachal Pradesh in presence of civil dignitaries on 18 Mar 25.

As part of youth enpowerment, team from Sigar Military Station also established Know Your Army stall wherein latest military equipment were showcased to locals of Pasighat and tribes participating in Unying Aaran Spring Festival. Indian Army showcased its military might by displaying 105 mm Light Field Artillery Gun, Rocket Launcher, INSAS Rifle & Light Machine Gun, Pistol and surveillance equipment.

To promote Indian Army’s Gallant actions, Param Vir Chackra Heritage Hall highlighting the valour of PVC awardees was also established at the festival site. More than 5000 visitors including Hon’ble Dy CM of Arunachal, students from local school and colleges, cadets of Sainik School Niglok and local youths were filled with spirit of Patriotism and acknowledged the efforts of Indian Army to encourage and motivate the youth of Arunachal Pradesh in joining Armed Forces.

As part of Indigenous Games five games i.e. Archery, Tug of War, Bamboo Climbing and Bamboo walk competitions were conducted over three days. A total 1000 locals enthusiastically participated in the games. The events were designed to promote teamwork, physical fitness, and cultural heritage, while also fostering a sense of community and camaraderie among the participants. Prize Distribution was condcuted alongside Closing Ceremony of Unying Aaran Spring Festival and attended by senior officials from Sigar Military Tsation and DC East Siang.

Active participation by local youth in the event highlights the acknowledgement of efforts of Indian Army in rekindling traditions and fostering the aim Yelod ém kensudola,Yedong ém répmosula i.e Remembering Culture Revising Tradition.

The dignitaries and locals recognized the efforts of the Indian Army in ensuring security of the borders and efforts for youth empowerment and preserving culture and heritage.",IBG News,https://ibgnews.com/2025/03/21/indian-army-brings-indigenous-games-to-life-in-arunachal-pradesh/,"03/21/2025, 07:00 AM, +0000 UTC",Society & Youth (Op Sadbhavana)
Assam: Army organised Red Horn Premier League in Tamulpur,"GUWAHATI- Red Horns Division of Indian Army organised a football tournament ‘Red Horns Premier League’ (RHPL) Football competition from 19 March 2022 to 26 March 2022 in the newly formed Tamulpur District of BTC. General Officer Commanding, Red Horns Division kick started the inaugural match between Tamulpur Girls FC and RBFC Dimakuchi at the football field of Diglipara Army Camp amidst an electrifying opening ceremony.

HINDI TUTION

Also Read- Army Distributes Learning Kits to underprivileged children at various tea gardens

The Red Horn Premier League (RHPL) is an initiative by Indian Army under operation Sadbhavana. This event in being organised with an aim to tap the unexplored potential of the youth in BTR and to spread goodwill and unity among the local populace. This event provides a platform to the youth of Assam in the Bodoland Territonal Region (BTR) and adjoining districts to pursue their passion for football and demonstrate their skill and talent.

It’s a unique tournament for both girls & boys wherein a total of 08 Girls Football teams and 16 boys football teams are participating in the event. The Winners & Runners Up teams for both categories will be awarded with prize money of Rs 1,00,000 and Rs 50,000 respectively in addition to the individual prizes for Best Player & Best Goal Keeper.",NorthEast India24,https://northeastindia24.com/assam-army-organised-red-horn-premier-league-in-tamulpur/,"03/23/2022, 07:00 AM, +0000 UTC",Society & Youth (Op Sadbhavana)
"Army backs youth through sports, skills","Kohima/Pasighat, Oct 1: Assam Rifles, under the aegis of Spear Corps, continued its community outreach initiatives by supporting youth through sports, skill development and career-oriented programmes in Nagaland and Arunachal Pradesh.

As part of the Assam Rifles Civic Action Programme, sports equipment was distributed to the Pfuchama Youth Organisation in Kohima district of Nagaland. The initiative aims to encourage young people to participate in sports and promote teamwork, discipline and healthy engagement.

In Arunachal Pradesh, a formation under Spear Corps felicitated selected APSSB aspirants and youth who successfully completed IT and Hospitality courses under Project SeVaA. The felicitation was held at the Veteran Seva Kendra in Pasighat under Operation Sadbhavana.

The initiatives are aimed at creating greater opportunities for youth while strengthening their participation in constructive and nation-building activities.

The programmes also reflect the Indian Army’s continued focus on community engagement and youth empowerment in the Northeast, with emphasis on sports, education, vocational skills and career development.

Through such initiatives, the security forces continue to support local communities and encourage young people to pursue their aspirations with confidence, discipline and skills.",Brighter Kashmir,https://brighterkashmir.com/army-backs-youth-through-sports-skills,"10/02/2026, 12:47 AM, +0000 UTC",Sports & Achievements
Indian Army Hosts High Altitude Football Tournament in Sikkim,"Gangtok: The General Sagat Singh High-Altitude Football Tournament kicked off on July 29 at Thegu in East Sikkim. Players faced thin air at 13,000 feet. The Black Cat Division of the Indian Army joined forces with the Youth Org Committee to run the event.

Brigadier K. Kiran, commander of the 63 Mountain Brigade, opened the games. He told the crowd: ""Sports in fostering discipline, teamwork, physical fitness and unity."" He wants players to prioritize fair play during the matches. It is a tough environment. The extreme altitude will push every athlete to their limit.

Thirty-four teams arrived from areas like Gnathang, Changu, Kupup, Zuluk, Namchi, Singtam, and Ranipool. The competition runs for several weeks. The grand finale falls on August 15, matching the date of India's 79th Independence Day.

Winners get cash and gear. The army wants to build stronger ties with the local people. They hope the event inspires the youth to stay fit and active.",newire.in,https://newire.in/articles/indian-army-hosts-high-altitude-football-tournament-in-sikkim,"07/29/2026, 05:30 PM, +0000 UTC",Sports & Achievements
"53 injured soldiers, one new mission: Inside an ambitious Army programme","AT 19, Hokato Sema had to learn to walk again. Three days before he was to join his dream assignment, the Para Special Forces, the elite special operations unit of the Indian Army, Sema was injured in a land mine blast in Jammu and Kashmir while on a patrol with his original unit, 9 Assam Rifles. He spent the immediate months after the incident lying down on a hospital bed, his left leg amputated below the knee.

“All that I had imagined as my future had changed overnight. Ambition khatam. Chalega kaise? Kya future (Forget ambition, you think about how you’ll walk, what the future holds)?” he says. “I was young and heartbroken. I kept thinking, would I ever walk again?”

Advertisement

These days, the 42-year-old Sema, who has a prosthetic limb, is doing a lot more than walking. His career has taken flight: at the 2024 Paralympic Games in Paris, Sema returned with a bronze medal in the men’s F57 shot put event. With a long list of medals to his name, Sema is one of the star athletes of the Army Paralympic Node (APN), a centre of excellence that handpicks Armymen with permanent, life-altering injuries and provides them with specialised training in sport.

With a long list of medals to his name, Hakato Sema is one of the star athletes of the Army Paralympic Node (Express photo by Arul Horizon) With a long list of medals to his name, Hakato Sema is one of the star athletes of the Army Paralympic Node (Express photo by Arul Horizon)

Sema’s colleagues at the Node are equally distinguished: at last month’s Commonwealth Games in Glasgow, Soman Rana won gold while Shubham Juyal claimed silver in men’s F57 shot put — the same category that Sema competes in.

Set up in 2017, the Node’s role and contribution in helping soldiers do what they are instinctively built for — putting up a fight when life throws them at the deep end — was recognised when it was named for the 2025 Rashtriya Khel Protsahan Puraskar, which will be handed over by President Droupadi Murmu. Since the award was instituted by the Government of India in 2009, several major corporations, sports boards, and NGOs have received the honour.

Advertisement

⠀

“The goal of the Army Paralympic Node is to give people with amputations or severe injuries a ray of hope. We help them accept whatever has happened and then give them a direction for the rest of their life,” says Lieutenant Colonel Daljit Singh, who is the Officer in Charge of the centre.

Life at the Node

If it takes a village to raise a child, it takes an entire ecosystem to build a high-performance athlete.

Since the Node can only select athletes from a small pool of Army personnel who have suffered body-altering injuries, much of the talent scouting happens at two institutions in Pune — the Army’s Artificial Limb Centre (ALC) and the Spinal Cord Injury Centre (SCIC) that’s based in Military Hospital Kirkee.

The Node was the brainchild of Colonel (Retd) Gaurav Dutta, whose left leg had to be amputated after he stepped on a mine in 2001. As he started competing in triathlons with an artificial limb, Dutta realised the potential of sport in shaping the lives of Armymen who suffered from life-changing injuries. Dutta became the Node’s first Officer in Charge when it came up in 2017.

⠀

While the Node is headquartered in Pune, the 53 Paralympic athletes it trains are currently spread across four cities: track-and-field athletes, archers, swimmers, triathletes, rowers and sports climbers train in various facilities in Pune, shooters at the Army Marksmanship Unit in Mhow, taekwondo athletes are based in Bengaluru and the canoeists and kayakers train in Bhopal. The funding, training and technical aspects of athletes are looked after by the Mission Olympic Wing of the Army, and the administrative aspects are taken care of by the Bombay Engineers Group and Centre Kirkee.

Every week, coaches from the Node and Officer In Charge Daljit Singh visit the two centres, the Artificial Limb Centre and the Spinal Cord Injury Centre, with an eye out for athletes they can potentially recruit. But much before they can train the soldiers into world beaters, or even decide who to pick as they scout for talent, the team has to listen to young men grappling with the physical and mental trauma of losing a limb.

Solairaj Dharmaraj, who competes in the long jump T64 event, won a gold at the Para Asian Games in 2023 (Express photo by Arul Horizon) Solairaj Dharmaraj, who competes in the long jump T64 event, won a gold at the Para Asian Games in 2023 (Express photo by Arul Horizon)

“Hum sapne dikhate hain (We show them dreams),” says Subedar Harendra Yadav, who works as a swimming and triathlon coach at the Node. What he means is that he and the others teach young men, many of them teetering on the edge after a devastating blow, to dream on.

“People who have congenital issues from birth are already used to it by the time they are adults. But for these athletes, it’s a shock. Life changes in the blink of an eye,” says Subedar Anuj Kumar, who is an archery coach at the centre.

Training athletes once they get here is the easiest part of their job, says Subedar S K Mortaja, who is a sprints coach. “The biggest fight is convincing athletes to come to the Node for the first time. Motivating someone whose life has just changed overnight is the challenging part,” he says.

It helps, though, that they are dealing with soldiers. “Fauji aadmi mentally strong hote hain (Soldiers are mentally strong). Once they are at the Node, they can do anything they set out to do.”

The Node’s track-and-field athletes, archers, swimmers, triathletes, rowers and sports climbers train in various facilities in Pune (Express photo by Arul Horizon) The Node’s track-and-field athletes, archers, swimmers, triathletes, rowers and sports climbers train in various facilities in Pune (Express photo by Arul Horizon)

Node coaches usually pick potential athletes and sportspersons based on their body structure — those with a more muscular build are, for instance, chosen for sprint events. Those handpicked to compete are also given peer-to-peer counselling, where someone already training at the Node speaks to a soldier who has just had an amputation.

There have been times when the coaches have had to spend several months talking to a potential candidate before he can join the Node. They even reach out to families and commanding officers of the injured Armyman to build their case.

Ajay Kumar, a blade runner who competes in the 400m T64 running event, needed a lot of cajoling to join the Node. Part of the elite Ghatak Platoon in the

12 Dogra Regiment, Ajay lost a limb in a mine blast in Uri in 2017.

⠀

His initial days of walking with a prosthetic limb were so painful that “everything from my leg to my brain would hurt”. Running was the last thing on his mind, and he rebuffed attempts by the Node coaches to enrol him. Eventually, he gave in. Today, he’s a silver medallist at the Para Asian Games in 2023.

Days at the Node are geared towards one singular purpose: win medals for the country. Athletes train twice a day and have regular gym sessions.

“We do training in the morning from 7 to 9.30 am, then again in the evening from 4 to 7 pm,” says Sub Major Rakesh Rawat of the 15 Jat Regiment, a sitting throws coach at the Node.

Rawat explains the impact these hard yards in training can have.

“Shubham Juyal joined us at the Node three years ago. He had never lifted weights. No weight training ever. We taught him the technique behind holding the weightlifting bar. Last month, he won a Commonwealth Games silver medal at Glasgow in shot put,” says Rawat.

‘Dream of flying’

On a wall-mounted board inside the Army’s Artificial Limb Centre in Pune hang a curious mix of implements. On one side of the wall are an axe and a steel sickle, its teeth glistening in the light. Next to them are everyday items, a few forks and spoons. Completing the set of about 50 items hanging from the wall are Captain Hook-style metallic hooks. These are various activity-specific attachments that the centre has for people who have lost a hand.

A few metres away from this wall of assorted metal instruments is a gas stove, a mixer-grinder and a refrigerator. In an adjoining room is another wooden board hanging from the wall — called the Daily Living Training Board — with various door fittings, latches and electric switches next to faucets. A dressing table with a mirror, with combs on the dresser, too, finds a place in this room.

Swimmer Kapil Kumar competes in the 100m, 200m and 400m freestyle events (Express photo by Arul Horizon) Swimmer Kapil Kumar competes in the 100m, 200m and 400m freestyle events (Express photo by Arul Horizon)

It’s a space where Armymen injured in combat are taught to start from the beginning, relearning the mechanics of everyday life — turning a doorknob, opening a refrigerator and picking up a bottle of water.

Outside these rooms is a bigger gym-like space for athletes with prosthetic lower limbs, with walkways with bars on either side to hold on to, a machine that calculates the force each foot exerts on the ground while walking, another with steps on one side and a slope on the other for athletes to learn how to climb stairs and walk down slopes.

With a 500-strong team that includes psychologists, family counsellors, physiotherapists, limb makers and surgeons, the scope of the Artificial Limb Centre is much wider than its name suggests. The centre also refits those who walk in through its doors with, as the shot put athlete Sema put it, “hausla aur himmat (morale and courage)” .

Helping an injured soldier get into a prosthesis and then helping them walk, and even compete, is one of the ways of ensuring that dark thoughts do not take hold.

At the Artificial Limb Centre, Pune, injured soldiers relearn the mechanics of everyday life (Express photo by Arul Horizon) At the Artificial Limb Centre, Pune, injured soldiers relearn the mechanics of everyday life (Express photo by Arul Horizon)

“We give people who come here a way to a productive and functional life. In some cases, we get them into either recreational or competitive sports. At the Artificial Limb Centre, we have our in-house operation theatre, where we do amputations, and also help with early mobilisation. Usually, people wait for six months but we are able to get patients back on their feet within a week of the amputation,” says Brigadier CN Satish, Commandant at the Centre.

The centre has also pioneered prostheses such as the Phoenix Foot (a prosthetic that provides natural ankle movements with shock-absorption capability) and the Rowing Foot (a foot that offers rowers a range of movement). The Rowing Foot was developed specifically for rowers such as K Narayana, who competed at the Paris Paralympics in 2024 and won a silver medal at the Asian Para Games in 2023.

The Artificial Limb Centre has pioneered prostheses such as the Phoenix Foot and the Rowing Foot (Express photo by Arul Horizon) The Artificial Limb Centre has pioneered prostheses such as the Phoenix Foot and the Rowing Foot (Express photo by Arul Horizon)

“About 80 per cent of our work here is with regular amputees, who don’t compete in elite sport. We first make them pain-free, then make a leg or an arm for them, make them walk, then do advanced activities. We try to push them into some trials here and whoever is a potential candidate for para sport, we send them to the Paralympic Node,” says Colonel GP Reddy, a surgeon at the Artificial Limb Centre. “The athletes we send to the Node are our pride. It’s the institute’s pride that we are able to put them on an international platform and help them win the country medals.”

The unofficial motto for anyone coming there, as Reddy puts it, is, “Chalna nahi hai, daudna hai. Aur udne ka target rakho (The aim is not just to walk, but to run. And dream of flying).”

‘It’s all written in your stars’

On a Thursday morning at the Army Sports Institute in Pune, athletes of the Node are training hard, chasing that ambition — to fly. Fittingly, their two training sessions a day are punctuated by the sound of airplanes taking off from an airstrip nearby.

Some of the athletes are on the running track, their blades making rhythmic clicks on the track as they chase a time on the clock. Others are in an adjoining gym, chasing personal bests with heavy weights.

With the Paris Paralympics and the Commonwealth Games behind them, the Node has a new target in sight: the Para Asian Games in September. (Express photo by Arul Horizon) With the Paris Paralympics and the Commonwealth Games behind them, the Node has a new target in sight: the Para Asian Games in September. (Express photo by Arul Horizon)

With the Paris Paralympics and the Commonwealth Games behind them, they have a new target in sight: the Para Asian Games in September, where at least 10 athletes from the Node will compete for medals.

Close to the ASI campus, at Training Battalion 2 of the Bombay Sappers, throwers Sema and Rana are sweating away.

Sema was a ‘Sipahi’ when the blast happened. Today, he’s a Subedar in the Army, with an Arjuna Award and an Ati Vishisht Seva Medal to his name.

“Likhke rakha hota hai kundali (It’s all written in your stars). If the blast had not happened, I would not have competed in elite sport, all these accolades would not have come to me and I would not have made India proud in so many competitions. Life main sab kuch mila hai (I have got everything in life),” he smiles.",The Indian Express,https://indianexpress.com/article/long-reads/the-courage-run-inside-the-armys-paralympic-node-10849559/,"08/26/2026, 07:00 AM, +0000 UTC",Sports & Achievements
Indian Army Chief Reviews Manipur Security Framework and Regional Nation Building Efforts During Imphal Visit,"Army Chief General Dhiraj Seth on Tuesday reviewed the prevailing security situation in Manipur and the extensive nation-building initiatives being undertaken by the Army formations and the Assam Rifles to promote peace, stability and development across the state and the wider Northeastern region.General Seth, who is on an official visit to the Spear Corps, also attended the inaugural ceremony of the Imphal leg of the 135th Durand Cup at the Khuman Lampak Main Stadium in Imphal. Manipur Governor Ajay Kumar Bhalla, Chief Minister Yumnam Khemchand Singh and other senior civil and military dignitaries were present on the occasion.During his visit, the Army Chief interacted with senior Assam Rifles officers under the Inspector General Assam Rifles (South) and Inspector General Assam Rifles (East), and reviewed the operational preparedness of the security formations deployed in the state.The Army's Additional Directorate General of Public Information (ADGPI) said in a post on X: “General Dhiraj Seth, COAS, during his ongoing visit to Spear Corps, was briefed on the prevailing security situation in Manipur.” “The COAS was also briefed on the operational preparedness of Inspector General Assam Rifles (South), Inspector General Assam Rifles (East) and the Red Shield Division.”“He also reviewed the extensive nation-building initiatives being undertaken by the formations and the Director General Assam Rifles to promote peace, stability and development across the region,” the post added.According to the ADGPI, the Chief of the Army Staff also interacted with troops and exhorted them to remain vigilant, operationally agile and future-ready to effectively address evolving security challenges while continuing to contribute towards lasting peace and stability in the region.Meanwhile, an official at the Raj Bhavan said the inaugural ceremony of the Imphal leg of the 135th Durand Cup 2026 at the Khuman Lampak Main Stadium showcased India's rich cultural and martial heritage through a colourful array of performances. The event featured Military Band Fusion, Mallakhamb, Kalaripayattu, Chenda Melam, Manipuri folk dances, the traditional martial art Thang-Ta, tribal dances and several other cultural presentations, creating a vibrant and festive atmosphere for the prestigious football tournament.Established in 1888, the Durand Cup is Asia's oldest football tournament and remains one of India's most prestigious sporting events, symbolising sporting excellence, military tradition and national pride. The opening match of the Imphal leg of the tournament was played between TRAU FC and NEROCA FC.",Defence.in,https://defence.in/threads/indian-army-chief-reviews-manipur-security-framework-and-regional-nation-building-efforts-during-imphal-visit.18378/,"07/29/2026, 07:00 AM, +0000 UTC",Sports & Achievements
"Army kicks off Gen Sagat Singh High-Altitude Football Tournament at 13,000 ft in Sikkim’s Thegu","He urged players to compete with determination and uphold the spirit of fair play.

A statement from the Army said that the tournament was formally inaugurated by Brigadier K Kiran, Commander of the 63 Mountain Brigade, who underscored the role of sports in building discipline, teamwork and resilience while strengthening the bond between the Army and local communities.

Gangtok, Jul 29 (PTI) The Indian Army on Wednesday inaugurated the General Sagat Singh High-Altitude Football Tournament 2026 at Thegu in East Sikkim, bringing together 34 teams from across the region for a sporting event held at an altitude of 13,000 feet.

Teams from Gnathang, Changu, Kupup, Zuluk, Namchi, Singtam, Ranipool and other parts of East Sikkim are participating in the tournament, where players will face the added challenge of performing in demanding high-altitude conditions.

According to the statement, the tournament is aimed at promoting youth engagement, encouraging a healthy sporting culture and deepening civil-military ties through community participation.

The Army said the initiative reflects its continued commitment to fostering camaraderie and inspiring young people through sports.

The football tournament, jointly organised by the Black Cat Division of the Indian Army and the Youth Org Committee, Thegu, will conclude on August 15, coinciding with India’s 79th Independence Day celebrations.

Winning teams will receive cash prizes and football kits, while daily awards will be presented to recognise outstanding performances throughout the tournament. PTI COR NN

This report is auto-generated from PTI news service. ThePrint holds no responsibility for its content.",ThePrint,https://theprint.in/india/army-kicks-off-gen-sagat-singh-high-altitude-football-tournament-at-13000-ft-in-sikkims-thegu/3000524/,"07/29/2026, 07:00 AM, +0000 UTC",Sports & Achievements
Indian Army conducts volleyball tournament,"TAKSING, 4 Jun: The Spearhead Division of the Indian Army’s Spear Corps conducted a ‘Vibrant volleyball tournament’ here in Upper Subansiri district on Wednesday, bringing together local youths, villagers and Indian Army personnel in a spirited celebration of sportsmanship, cultural harmony, and community participation.

As part of Operation Sadbhavna, the Indian Army repaired and upgraded the volleyball court ahead of the tournament, creating an improved sporting facility for local youths and promoting greater participation in sports at the grassroots level.

The tournament witnessed enthusiastic participation of both men’s and women’s teams, with six men’s teams and four women’s teams competing in a series of exciting matches. Throughout the competition, players displayed exceptional teamwork, determination and sportsmanship, making the event a true celebration of sporting excellence and community spirit.

The tournament generated tremendous enthusiasm among the local population, with large numbers of residents gathering to support their teams. The atmosphere remained vibrant throughout the event, marked by energetic cheering and wholehearted community participation. “Even during the final matches, when rain interrupted play, the determination of the players and the enthusiasm of the spectators remained undiminished, reflecting the resilience, unity, and indomitable spirit of the people of Taksing,” the Army stated in a release.

Adding colour and cultural vibrancy to the occasion, Indian Army personnel and local artists presented captivating performances based on the theme ‘West Meets East’. The cultural programme showcased the rich traditions and heritage of the region while promoting cultural exchange, mutual understanding and stronger bonds between the Indian Army and the local community.

The tournament culminated with a prize distribution ceremony, during which the winning teams and outstanding performers were felicitated for their achievements.

“Beyond the competition, the event served as a meaningful platform for fostering unity, social cohesion, cultural preservation and constructive engagement among the youths and the local populace,” the release said.",The Arunachal Times,https://arunachaltimes.in/article/indian-army-conducts-volleyball-tournament,"06/05/2026, 07:00 AM, +0000 UTC",Sports & Achievements
"Mohun Bagan SG, SC Delhi, FC Raengdai, NorthEast United & Indian Army FT book quarterfinals spot, three spots left","Mohun Bagan SG, SC Delhi, FC Raengdai, NorthEast United & Indian Army FT book quarterfinals spot, three spots left

KOLKATA, August 12, 2026: As the group stage of the 135th edition of the prestigious IndianOil Durand Cup draws to a thrilling close, the race for the quarter-finals has reached a fever pitch.

With the final group stage fixtures concluding on August 13, 2026, the stage is almost set for the highly anticipated knockout rounds, which will commence on August 16.

Across 24 teams divided into six groups, five clubs have definitively proven their mettle and secured their places in the quarter-finals as group winners. However, fierce battles remain for the remaining automatic group winner spot in Group E, as well as the crucial, high-stakes race for the two best second-placed team slots.

Ahead of the final matchday, here is the official qualification scenario and current standings across all six groups of the Durand Cup 2026:

The Current Landscape

The Race for the “Best Second-Placed” Spots: Only the top two runners-up across all six groups will advance to the quarter-finals. The current standing of second-placed teams (or teams with matches remaining that can reach the 6-point benchmark) is as follows:

Group Club Matches Played Points Goal Difference (GD) Goals For (GF) Status A East Bengal FC 3 6 +12 13 Completed Group Stage B Samaleswari Sporting 3 6 +3 7 Completed Group Stage E Langsning FC 2 4 +5 7 1 Match Remaining C Jamshedpur FC 2 3 +4 6 1 Match Remaining C Indian Air Force FT 2 3 -5 3 1 Match Remaining F Bodoland FC 2 3 -3 3 1 Match Remaining

Note: This table reflects the teams mathematically capable of finishing second and competing for the wild card spots. Teams like East Bengal and Samaleswari set the current benchmark at 6 points.

Teams Already Qualified for Quarter-Finals:

Mohun Bagan Super Giant (Group A Winner)

Indian Army FT (Group B Winner)

SC Delhi (Group C Winner)

FC Raengdai (Group D Winner)

NorthEast United FC (Group F Winner)

Teams Remaining in Contention (Group Winners & Best Runners-Up):

Group A: East Bengal FC (Awaiting final runner-up standings)

East Bengal FC (Awaiting final runner-up standings) Group B: Samaleswari Sporting (Awaiting final runner-up standings)

Samaleswari Sporting (Awaiting final runner-up standings) Group C: Jamshedpur FC, Indian Air Force FT (mathematical chance for 2nd)

Jamshedpur FC, Indian Air Force FT (mathematical chance for 2nd) Group E: Shillong Lajong FC (Current Leader), Langsning FC

Shillong Lajong FC (Current Leader), Langsning FC Group F: Bodoland FC (mathematical chance for 2nd)

Teams Officially Eliminated:

South United FC (Group A)

CISF Protectors FT (Group A)

Mohammedan Sporting Club (Group B)

Baghpat FC (Group B)

Defenders FC (Group C)

TRAU FC (Group D)

Indian Navy FT (Group D)

Neroca FC (Group D)

Nongkseh SS & CC (Group E)

Mumbay FC (Group E)

FC 1 (Group F)

Karbi Anglong Morning Star FC (Group F)

Group-by-Group Scenarios—

Group A: Mohun Bagan SG Dominates

Mohun Bagan Super Giant were the first team to punch their ticket to the knockout stage. With an unblemished record of three wins from three games, they finished top with 9 points and a stellar +15 Goal Difference (15 GF, 0 GA).

East Bengal FC sits second with 6 points and a formidable +12 GD (13 GF, 1 GA) after completing their fixtures. They must now wait to see if their record holds up as one of the two best runners-up across all groups; their massive goal difference currently makes them heavy favorites for a spot at the knockouts. South United FC and CISF Protectors FT have been eliminated.

Group B: Indian Army Advances

Indian Army FT has secured their passage to the quarter-finals. Winning all three of their group games, including a crucial final victory over Mohammedan Sporting Club, they finish top of the group with a perfect 9 points.

Samaleswari Sporting has completed their campaign, finishing in second place with 6 points (+3 GD, 7 GF), and remains in the hunt for a best runner-up spot. Mohammedan Sporting Club, despite a strong showing, has been eliminated following their final match defeat, joining Baghpat FC on the sidelines.

Group C: SC Delhi Conquers the ‘Group of Death’

In what was dubbed the ‘Group of Death’, debutants SC Delhi have stunned the competition, securing their quarter-final berth with a perfect 9 points and a massive +14 GD (16 GF, 2 GA).

Jamshedpur FC (3 points, +4 GD) and Indian Air Force FT (3 points, -5 GD) both have one game remaining. While the group is decided, Jamshedpur FC needs a massive victory in their final game to reach 6 points and boost their GD to challenge East Bengal or Samaleswari for a runner-up spot.

Indian Air Force FT mathematically can reach 6 points, but faces a near-impossible task of overturning a -5 GD. Defenders FC has been eliminated.

Group D: FC Raengdai Advances

FC Raengdai has officially written their name into the quarter-final bracket after securing two consecutive victories earlier in the group stage. They have locked down the primary spot from Group D as no remaining teams can catch them in points.

TRAU FC finished with 4 points, eliminating them from the best runners-up race. Indian Navy FT (3 points) and Neroca FC (1 point) are also eliminated.

Group E: Shillong Derby to Decide It All The battle for Group E will be decided in a thrilling Shillong Derby. Shillong Lajong FC currently sits top with 6 points from two matches and a dominant +7 GD (7 GF, 0 GA).

They will face local rivals Langsning FC (4 points, +5 GD) directly in their final, decisive match. A win or draw for Lajong secures the group. However, a win for Langsning would push them to 7 points, guaranteeing them the group win.

Nongkseh SS & CC (4 points) and Mumbay FC (0 points) have completed their campaigns and are officially eliminated.

Group F: Defending Champions Sail Through Reigning Durand Cup Champions NorthEast United FC have seamlessly progressed to the knockout rounds, completing their three group games with a perfect 9 points and a +10 GD (12 GF, 2 GA) to officially book their quarter-final ticket.

Bodoland FC (3 points, -3 GD) still has one game remaining, but they must win by a massive margin to reach 6 points and overcome their negative GD to even enter the conversation for a runner-up spot.

FC 1 (3 points) and Karbi Anglong Morning Star FC (0 points) have completed their matches and are officially eliminated.

The final whistle of the group stages on August 13 will confirm the complete lineup for the quarter-finals. Fans can expect high-octane football as the remaining teams fight tooth and nail for the final tickets to the knockout rounds starting August 16.",IBG News,https://ibgnews.com/2026/08/12/mohun-bagan-sg-sc-delhi-fc-raengdai-northeast-united-indian-army-ft-book-quarterfinals-spot-three-spots-left/,"08/12/2026, 07:00 AM, +0000 UTC",Sports & Achievements
Indian Army Concludes Second Edition of Siang Futsal Tournament in Tuting,"TUTING- The Indian Army’s Spearhead Division under Spear Corps on Wednesday concluded the second edition of the Siang Futsal Tournament at the Tuting Sports Complex in Arunachal Pradesh’s Siang Valley, with NBBK (Nyigong Boying Banggo Kebang) Society emerging as champions of the competition.

The tournament, which began on May 8, culminated in a high-energy final match between Gelling Norbulling Youth and NBBK Society, drawing enthusiastic participation from local residents and youth groups. The finals witnessed a festive atmosphere as spectators gathered in large numbers to cheer for the competing teams.

According to officials, the tournament aimed to promote physical fitness, constructive youth engagement and community participation in remote border regions. Organised by the Indian Army, the event also sought to strengthen ties between security forces and local communities through sports and cultural interaction.

Also Read- Pasighat Bakers Win Top Honours at Asia Cake Oscars in Sri Lanka

A total of 12 men’s teams and three women’s teams from nearby villages and educational institutions participated in the tournament. Participants displayed competitive spirit, discipline and teamwork throughout the event, reflecting the growing popularity of futsal among the youth of Arunachal Pradesh.

The participation of women’s teams was highlighted as a significant aspect of the tournament, indicating increasing opportunities and representation for young women in sports initiatives across the region.

Also Read- Arunachal’s Rupa Bayor Qualifies for 2026 Asian Games

The closing ceremony was attended by senior Army officials, members of the civil administration, village elders, youth organisations, students and residents from nearby border villages. Officials said the event reflected the continuing cooperation and trust between the Army and local communities in frontier areas.

Winning and runner-up teams were awarded trophies, medals and prize money during the ceremony. Organisers also commended all participants for maintaining sportsmanship and fair play during the competition.

Also Read- Siang DC Calls for Scientific Approach to Debate on Siang River Project in Arunachal Pradesh

Addressing the gathering, Army officials expressed appreciation for the support extended by local residents and reiterated the Army’s commitment to supporting welfare and developmental initiatives in border areas through outreach programmes focused on youth and community engagement.

The successful conduct of the second edition of the Siang Futsal Tournament underscored the role of sports in fostering social cohesion, encouraging youth participation and promoting a sense of unity in strategically important frontier regions.",Arunachal24,https://arunachal24.in/indian-army-concludes-second-edition-of-siang-futsal-tournament-in-tuting/,"05/20/2026, 07:00 AM, +0000 UTC",Sports & Achievements
"Durand Cup trophy tour begins in Guwahati, countdown starts for 135th edition","Guwahati, July 16: The countdown to the 135th Indian Oil Durand Cup began in Assam on Thursday with the arrival of the tournament’s iconic trophies in Guwahati, marking the launch of the trophy tour ahead of Asia’s oldest and India’s most prestigious football competition, officials said.

The three historic trophies were unveiled during a ceremonial function at a luxurious hotel here in the presence of Sports and Youth Welfare Minister Biswajit Daimary, senior Indian Army officials, state government representatives and noted footballer Parthib Sundar Gogoi.

The event underscored Assam’s growing stature as a major football destination and highlighted the Northeast’s enduring contribution to Indian football. Senior Indian Army officers, including General Officer Commanding of Bengal Sub Area, Major General Dinesh Kumar Singh, and Chief of Staff of Gajraj Corps, Major General Amit Dhir, attended the ceremony along with senior officials of the Sports and Youth Welfare Department.

Addressing the gathering, Major General Amit Dhir described Assam and the Northeast as the heartland of Indian football and said hosting the Durand Cup in the region reflects its rich footballing legacy and passionate fan base. Major General Dinesh Kumar Singh lauded the coordinated efforts of the Army and civil administration in organising the tournament and reiterated the Armed Forces’ commitment to promoting football and nurturing young sporting talent in the region.

Footballer Parthib Sundar Gogoi urged supporters to turn out in large numbers for the matches and encouraged young players to draw inspiration from one of the country’s most celebrated football tournaments. Speaking at the event, Sports Minister Biswajit Daimary emphasised football’s special place in Assam’s sporting culture and thanked the Indian Army for consistently bringing the prestigious tournament to the state and strengthening football infrastructure and opportunities for local players.

The ceremony concluded with the formal unveiling of the Durand Cup trophies and a military flag-off for the trophy tour. Over the next two days, the trophies will be displayed at the New Legislative Assembly Building, the statue of Lachit Borphukan, IIT Guwahati and City Centre Mall, allowing football fans to witness the silverware ahead of the tournament. The trophy tour is expected to build excitement across Assam as the state prepares to host another edition of the historic competition.

IANS",The Shillong Times,https://theshillongtimes.com/2026/07/16/durand-cup-trophy-tour-begins-in-guwahati-countdown-starts-for-135th-edition/,"07/16/2026, 07:00 AM, +0000 UTC",Sports & Achievements
"Durand Cup trophies tour begins in Guwahati, Assam","Guwahati, Assam, welcomed the iconic Durand Cup trophies on Thursday at Hotel Taj Vivanta, marking the start of the Trophy Tour for the 135th Durand Cup. The arrival of the three historic trophies signals the countdown to India’s prestigious and Asia’s oldest football tournament, which celebrates centuries of sporting achievement and highlights Assam’s rich football heritage.

The Trophy Display Ceremony featured Biswajit Daimary, Minister for Sports & Youth Welfare, Assam, as the Chief Guest. Alongside him were Kausar Jamil Hilaly, IAS (Retd.), Special Secretary, Department of Sports & Youth Welfare; Ankur Bharali, ACS, Director, Sports & Youth Welfare, Assam; and renowned footballer Parthib Sundar Gogoi, underscoring the state’s commitment to promoting football.

ADVERTISEMENT

Stay connected Make The News Mill your preferred source See more TNM stories when you search for news on Google. Add TNM on Google

Representing the Indian Army were Maj Gen Dinesh Kumar Singh, SM, VSM, General Officer Commanding, Bengal Sub Area; Maj Gen Amit Dhir, VSM, Chief of Staff, Gajraj Corps; and Brig Anupam Sharma, Commander, Tamulpur Brigade. The event reaffirmed the Indian Army’s dedication to advancing sports, empowering youth, and strengthening bonds between the Armed Forces and the people of the North East.

In his inaugural address, Maj Gen Amit Dhir emphasised the significance of organising the Durand Cup in Assam and North East India, regarded as the heartland of Indian football. Maj Gen Dinesh Kumar Singh, SM, VSM, who is also Vice Chairman of the Durand Cup Football Committee, praised the efforts of military and civilian agencies involved in the event and reaffirmed ongoing support to develop football in the region.

ADVERTISEMENT

Parthib Sundar Gogoi encouraged the public to attend the upcoming matches in large numbers. Biswajit Daimary’s keynote address highlighted the importance of football for Assam and expressed gratitude to the Indian Army for its dedicated role in conducting the Durand Cup in the state.

The event concluded with a ceremonial display of the prestigious Durand Cup trophies, followed by a military flagging-off ceremony for the Trophy Tour. The trophies will tour Guwahati city, displayed over the next two days at the New Legislative Assembly Building, Lachit Borphukan Statue, IIT Guwahati, and City Centre Mall.

This Trophy Display and subsequent Trophy Tour mark the beginning of the Durand Cup journey, symbolising football’s unifying spirit by bringing communities together, inspiring young talent and reaffirming the Indian Army’s commitment to promoting football culture.",The News Mill,https://thenewsmill.com/2026/07/guwahati-hosts-durand-cup-trophies-as-135th-edition-trophy-tour-begins/,"07/16/2026, 07:00 AM, +0000 UTC",Sports & Achievements
Indian Army conducts self-defence trg camp,"MECHUKHA, 17 May: The Spearhead Division under the aegis of the Spear Corps conducted a weeklong self-defence training camp for students of Class 6 and above at Mechukha Valley School in Shi-Yomi district, reaffirming the Indian Army’s commitment towards youth empowerment and community engagement.

The training camp was conducted by qualified instructors of the Indian Army, and focused on promoting physical fitness, discipline and self-defence awareness among the students. The participants were trained in basic self-defence techniques, situational awareness and confidence-building activities aimed at enhancing resilience and essential life skills.

The initiative witnessed enthusiastic participation of students and faculty members, and was widely appreciated by the local community. Besides imparting practical skills, the camp also aimed at motivating the youths towards leadership, responsibility and nation-building. (DIPRO)",The Arunachal Times,https://arunachaltimes.in/article/indian-army-conducts-self-defence-trg-camp,"05/18/2026, 07:00 AM, +0000 UTC",Sports & Achievements
135th IndianOil Durand Cup Kicks Off in Guwahati with Grand Tribute to Assam's Culture and India's Military Heritage,"135th IndianOil Durand Cup Kicks Off in Guwahati with Grand Tribute to Assam’s Culture and India’s Military Heritage

By Suman Munshi | Chief Editor, IBG NEWS

Guwahati, August 1, 2026: The Guwahati chapter of the 135th IndianOil Durand Cup was inaugurated with an impressive opening ceremony at the Indira Gandhi Athletic Stadium on Saturday, blending Assam’s vibrant cultural traditions with the proud heritage of the Indian Armed Forces before the opening Group F clash between defending champions NorthEast United FC and Bodoland FC.

Organised by the Indian Armed Forces with the support of the Government of Assam, the ceremony showcased why the Durand Cup continues to be one of India’s most prestigious football competitions while celebrating the unique cultural identity of the Northeast.

The inauguration was attended by several distinguished civil and military dignitaries, including Assam Sports Minister Biswajit Daimary, Finance, Environment and Forest Minister Jayanta Mallabaruah, senior officials from the Government of Assam, top commanders of the Indian Army, representatives of the All India Football Federation, Indian Oil Corporation Limited, participating clubs, sponsors and members of the football fraternity.

The celebrations began well before kick-off with an array of attractions designed to entertain football fans and visitors. A tethered hot-air balloon, performances by military jazz ensembles, brass and pipe bands, a military dog show and specially curated audiovisual presentations highlighting the history of the Durand Cup and the tournament’s trophy tour created a festive atmosphere around the stadium.

The formal ceremony commenced with the arrival of the chief guests and senior dignitaries, followed by ceremonial honours and musical performances by a combined Military Band and the NCC All Girls’ Brass Band. A spectacular skydiving display captured the attention of thousands of spectators before the official match ball and the tournament’s three iconic trophies were ceremonially presented.

Assam’s rich cultural heritage then took centre stage through colourful performances featuring Bagurumba, Bardwi Sikhla, Bihu, and Bhortal, reflecting the state’s diverse traditions. The cultural showcase was complemented by paramotor demonstrations, aeromodelling displays and a presentation of “Badluram Ka Badan,” highlighting the military traditions closely associated with the historic tournament.

The audience was further treated to an impressive flypast by an Advanced Light Helicopter (ALH), followed by energetic performances of Chenda drumming and the ancient martial art Kalaripayattu. A specially produced Durand Cup theme film added to the excitement before the ceremonial parade continued.

The ceremonial proceedings also featured the entry of the Eastern Command Flag, the Durand Cup Flag and the All India Football Federation Fair Play Flag. Players and match officials from both teams entered the field before the chief guests greeted them and participated in an official group photograph.

The Guwahati chapter was formally declared open through a ceremonial kick-off by the Chief Guest. The historic moment was marked by a spectacular flypast of a Su-30MKI fighter aircraft, symbolising the enduring association between the Indian Armed Forces and Asia’s oldest football tournament. Following the inauguration, the dignitaries posed with the tournament’s three prestigious trophies before the opening Group F encounter got underway.

The ceremony underscored the Durand Cup’s growing presence across the Northeastern region, reinforcing its role in bringing together football, military tradition and regional culture on one platform.

Established in 1888, the Durand Cup remains Asia’s oldest football tournament and the world’s third-oldest surviving football competition. While its roots lie in military tradition, the championship has evolved into one of India’s premier football tournaments without losing its historic identity.

The 135th IndianOil Durand Cup is being played from July 25 to August 23, 2026, across five host cities—Kolkata, Guwahati, Shillong, Ranchi and Imphal. The tournament features 24 teams, including a foreign contingent representing the Sri Lankan Armed Forces, competing in 43 matches across six venues. Football fans can watch the tournament live on Sony LIV, while television coverage is available on Sony Ten 5 HD and SD.",IBG News,https://ibgnews.com/2026/08/01/135th-indianoil-durand-cup-kicks-off-in-guwahati-with-grand-tribute-to-assams-culture-and-indias-military-heritage/,"08/01/2026, 07:00 AM, +0000 UTC",Sports & Achievements
Indian Army Hosts Siang Volleyball Tournament,"TUTING- The Indian Army, through its Spear Corps, organised the second edition of the Siang Volleyball Tournament in Tuting, Arunachal Pradesh, from April 1 to April 11, 2026, as part of the Vibrant Village Programme.

The event saw participation from local communities, particularly youth, and was positioned as an initiative to promote sportsmanship, community engagement and constructive activities in a remote border region.

A total of eight men’s teams and three women’s teams from different parts of the state took part in the tournament. Matches were marked by competitive play and discipline, reflecting growing interest in organised sports within the region.

Also Read- Arunachal Moves to Form Statewide Conservation Forum

Following a series of matches, Friendship Tuting secured the title in the men’s category, while Zido Women emerged winners in the women’s category. Both teams were noted for their coordination and consistency throughout the tournament.

The event drew participation from local residents, including community leaders and youth, who attended in significant numbers. The presence of Army personnel alongside villagers was highlighted as an effort to strengthen civil-military engagement in the area.

Also Read- Chowna Mein Honoured with Brahmaputra Gaurav Samman

Officials indicated that such initiatives aim to channel youth participation into sports and other constructive avenues, while promoting physical fitness, teamwork and discipline. The tournament also served as a platform for identifying and encouraging local talent.

The Siang Volleyball Tournament forms part of broader outreach efforts by the Indian Army in border regions. It aligns with the objectives of the Vibrant Village Programme, which seeks to promote holistic development and increased engagement in remote and strategically significant areas.

The tournament concluded on April 11 with a closing ceremony where winners and participants were felicitated. Organisers described the event as a step towards strengthening community ties and fostering a positive environment for youth development in the region.",Arunachal24,https://arunachal24.in/indian-army-hosts-siang-volleyball-tournament/,"04/12/2026, 07:00 AM, +0000 UTC",Sports & Achievements
Finals of Under 17 Sikkim Football League 3.0 Held at Paljor Stadium.,"Gangtok, February 19: The finals of the Under-17 Sikkim Football League 3.0 were held on February 19 at Paljor Stadium. Organised by the Indian Army in collaboration with the Sikkim Football Association, the tournament brought together young football talent from across the state, celebrating sportsmanship, discipline and unity.

The event was graced by Major General Mahipal Singh Rathore, GOC, 17 Mountain Division as Chief Guest.

Also present were Tenzing Lamtha, MLA of Syari Constituency, Brigadier Upinder Pal Singh, Deputy GOC, 17 Mountain Division, Yangchen D Tamang, Secretary Department of Sports and Youth Affairs, Bishnu Sharma, Chairman of Sports Department, Rinzing Bhutia, APS to Sikkim CM, Bishnu Sharma and others.

The tournament commenced on 9 February 2026 and featured 14 teams eight boys teams and six girls teams competing in a league-cum-knockout format. A total of 18 league matches and four semi-finals were played, showcasing determination, teamwork and exceptional sporting spirit.

The finals witnessed thrilling encounters in both categories. In the Girls Final, Maneybong Dentam Sports Society faced State Sports Academy, where state sports academy, soreng emerged victorious. In the Boys Final, State Sports Academy took on Gangtok Himalayan Sporting Club, with state sports academy, Gangtok clinching the league title.

The champions were felicitated during the closing ceremony amid loud applause from spectators and supporters.

The event also featured a spectacular Kalaripayattu martial arts performance by the 18th Battalion of the Madras Regiment, symbolising strength, agility and discipline. Adding to the celebrations, the Army Public School Gangtok student band “ Symphony “ delivered a captivating musical performance, including the motivational song Ashish by singer Bipul Chettri.

During the felicitation ceremony, key contributors including match officials, performers and organisers were honoured for their support and dedication to the successful conduct of the tournament.

In the Boys Category, the Best Goalkeeper award was presented to Tenzing Sheepa, of state sports Academy Gangtok while the Best Player of the Tournament award went to Manish Limbu, state sports academy Gangtok

In the Girls Category, the Best Goalkeeper award was received by Miss Kanchan Chetrri of state sports Academy soreng and the Best Player of the Tournament title was awarded to miss chodenlaa Bhutia of maneybong Dentam sports society.

In his closing address, Major General Mahipal Singh Rathore, GOC, 17 Mountain Division encouraged the young players to pursue excellence both on and off the field, emphasising discipline, resilience and teamwork as the foundation of success.

The tournament once again highlighted the Indian Armys commitment to nurturing young talent and strengthening community engagement through sports. Organisers expressed confidence that the next edition of the Under-17 Sikkim Football League will continue to grow in scale and impact.",thesikkimchronicle.com,https://www.thesikkimchronicle.com/finals-of-under-17-sikkim-football-league-3-0-held-at-paljor-stadium/,"02/19/2026, 08:00 AM, +0000 UTC",Sports & Achievements
"Manipur CM, Indian Army discuss preparations for Durand Cup","Yumnam Khemchand Singh, Subhankar Basu, and others during the meeting at the Chief Minister's Secretariat in Imphal on Thursday.





IMPHAL — Chief Minister of Manipur Yumnam Khemchand Singh held a discussion with the General Officer Commanding (GOC) 57 Mountain Division, Major General Subhankar Basu, and his team regarding the preparatory framework for hosting the Durand Cup at the Chief Minister's Secretariat in Imphal on Thursday.





Sharing photographs of the deliberation on X, Singh wrote, “We held detailed deliberations on the preparatory framework for hosting the Durand Cup 2026 in Imphal. Our discussions focused on institutional coordination, logistical preparedness, and the requisite modalities to ensure the seamless and successful organisation of the tournament.





Also read: Nagaland athletes secure medals at Khelo India Tribal Games 2026 in Chhattisgarh





“As Asia’s oldest football competition, featuring premier teams from the Indian Super League, I-League, and the Armed Forces, the Durand Cup carries immense sporting prestige. With large spectator participation anticipated, the State Government remains fully committed to delivering a secure, well-organised, and world-class sporting event, further reinforcing Manipur’s standing as a leading hub of football excellence.”





The Durand Cup returned to Manipur after a two-year gap for its 134th edition (Group F match) at the Khuman Lampak Main Stadium in Imphal in July last year.





The state had previously hosted 10 group games of the 131st edition of the Durand Cup for the first time, along with Assam, in Imphal from August 18 to September 5, 2022.





The tournament is organised by the Indian Army in collaboration with the Government of Manipur.",Eastern Mirror Nagaland,https://www.easternmirrornagaland.com/manipur-cm-indian-army-discuss-preparations-for-durand-cup,"04/02/2026, 07:00 AM, +0000 UTC",Sports & Achievements
Indian Army conducts 2nd Siang Volleyball Tournament,"TUTING, 12 Apr: The 2nd Siang Volleyball Tournament concluded here in Upper Siang district on 11 April with Friendship Tuting and Zido Women emerging victorious in the men’s and the women’s category, respectively.

The tournament, organised under the Vibrant Village Programme by the Spear Corps of the Indian Army, was part of the Army’s efforts to encourage sports, nurture local talent, and enhance outreach in border areas, according to an Indian Army release.

The event witnessed enthusiastic participation of the local populace, especially the youths, and served as a vibrant celebration of sportsmanship, unity, and community spirit in the remote border region, the release said.

Eight men’s and three women’s teams from different parts of the state participated in the tournament.

The release stated that the tournament, which started on 1 April, provided an excellent platform for young talents to showcase their abilities while fostering healthy competition and mutual respect among the participants.

The event drew significant local engagement, with villagers, youths, and community leaders attending in large numbers to support the teams. The presence of Indian Army personnel alongside the local community further strengthened the bond of trust and cooperation, it said.

“Such initiatives play a vital role in channelising the energy of the youths towards constructive activities, while also promoting physical fitness, teamwork, and discipline,” the release added. (DIPRO)",The Arunachal Times,https://arunachaltimes.in/article/indian-army-conducts-2nd-siang-volleyball-tournament,"04/13/2026, 07:00 AM, +0000 UTC",Sports & Achievements
"Maj (Dr) Jyotin, AC (P) Memorial Football Tournament 2026 kicks off in Bishnupur","Maj (Dr) Jyotin, AC (P) Memorial Football Tournament 2026 kicks off in Bishnupur

|

By Our Staff ReporterImphal, Feb 25 : Maj (Dr) Jyotin Singh, Ashok Chakra (P) Memorial Football Tournament 2026 commenced today at DSA Ground, Bishnupur, Manipur, under the aegis of the Indian Army and with the support of the All Manipur Football Association.As many as 16 teams are taking part in the tournament organised in honour of Maj (Dr) Jyotin Singh, Ashok Chakra (P), who made his supreme sacrifice in a terror attack in Kabul.His exemplary courage, unwavering dedication and selfless service to the Nation continue to inspire generations, said a statement issued by PIB Defence Wing.The ceremonial inauguration was conducted in the presence of civil and military dignitaries, local representatives and enthusiastic members of the sporting fraternity. The event was attended by approximately 600 spectators and invitees, it said.Through this memorial tournament, the Indian Army reaffirms its commitment to honouring national heroes, strengthening civil–military relations and contributing towards a peaceful, progressive and inclusive environment in Manipur, it added.The opening match between Loktak FC and Sangai FC set an energetic tone for the tournament.In a closely contested and exciting encounter, Loktak FC emerged victorious with a 2–1 win, displaying remarkable teamwork and determination.L Athang Kom (20’) and S Sital (35’) were on target for Loktak FC as Md Arish Khan scored the lone goal for Angtha FC in the 31st minute.In the second match, Sainik FC knocked out NCYWO 6-5 on penalties after a 2-2 regulation time draw. Sainik FC enjoyed a 2-1 first half lead as Ch Shinivash (3’) and N Abijit (19’) found the target and Hermon (38’) found one for NCYWO. NCYWO however drew level in the 52nd minute through Keneth to stretch the match to a penalty shoot-out wherein Sainik FC emerged 6-5 winners.In the third match, Taj Khan scored an early 4th minute goal to earn ESU a 1-0 win over FC Kumbi.",thesangaiexpress.com,https://www.thesangaiexpress.com/Encyc/2026/2/26/by-our-staff-reporter-imphal-feb-25-maj-dr-jyotin-singh-ashok-chakra-p-memorial-football-tournament-2026-comme.html,"02/26/2026, 08:00 AM, +0000 UTC",Sports & Achievements
North-East Sikkim,"The Under-17 Sikkim Football League 3.0, organised by the Indian Army’s Black Cat Division under Operation Sadbhawna, commenced today and will continue till February 19. The tournament aims to promote grassroots football, encourage young talent, and strengthen youth engagement through sports across Sikkim.

A total of 14 teams from various schools across the state are participating in the league, including 8 boys’ teams and 6 girls’ teams, reflecting a strong emphasis on inclusivity and equal opportunities in sports development.

This marks the third edition of the tournament, being conducted under the leadership of Brigadier Suraj Bahan, Commander, 17 Mountain Artillery Brigade, who has been instrumental in supporting youth-centric sporting initiatives in the region.

Opening Match

The opening match of the tournament was played at Paljor Stadium, Gangtok, between Yangang United Football Club and Mangan District Football Academy, drawing enthusiastic participation from players, officials, and spectators.

The inaugural event was graced by Dr. Ram Biswakarma, Director, Sports & Youth Affairs Department, Government of Sikkim, who appreciated the Indian Army’s efforts in nurturing young footballers and promoting discipline, teamwork, and sportsmanship among students.

Organisation & Officials

The tournament is being organised in association with the Sikkim Football Association, ensuring adherence to professional standards and fair play. Mr. Chanchuk Lama has been appointed as the Chief Referee for the league.

Prizes & Awards

Attractive prizes have been announced to motivate participants:

First Prize: Sports merchandise worth ₹50,000

Second Prize: Sports merchandise worth ₹30,000

Third Prize: Sports merchandise worth ₹20,000

Best Player of the Tournament: Sports merchandise worth ₹10,000

Best Goalkeeper: Sports merchandise worth ₹10,000

Conclusion

The Under-17 Sikkim Football League 3.0 under Operation Sadbhawna is expected to serve as a vital platform for identifying and nurturing young football talent while fostering unity, discipline, and healthy competition among the youth of Sikkim.

Match No. 1 – Girls Category

Pakyong United FC (1) vs Mangan DFA (0)

Pakyong United FC secured a narrow victory over Mangan DFA in a closely contested encounter.

Goal Scorer: Jersey No. 11 (Pakyong United FC)

Player of the Match: Jersey No. 21, Goalkeeper Dorip Lepcha (Mangan DFA)

Winner: Pakyong United FC

Match No. 2 – Boys Category

Young Boys, Gyalshing (2) vs Sanju FA (1)

Young Boys, Gyalshing registered a hard-fought win against Sanju FA.

Goal Scorers (Young Boys): Jersey No. 8 and Jersey No. 15

Goal Scorer (Sanju FA): Jersey No. 9

Red Card: Jersey No. 3 (Sanju FA)

Player of the Match: Jersey No. 8, Ritesh Chettri (Young Boys)

Winner: Young Boys, Gyalshing

Match No. 3 – Boys Category

Mangan DFA (0) vs Siniolchu FA (2)

Siniolchu FA dominated the match to secure a convincing victory over Mangan DFA.",thesikkimchronicle.com,https://www.thesikkimchronicle.com/21285-2/,"02/10/2026, 08:00 AM, +0000 UTC",Sports & Achievements
Indian Army builds log hut in remote village,"TAKSING, 5 Jan: The Indian Army’s Spearhead Division has constructed a log hut with water storage facility in Ojugo village here in Upper Subansiri district.

The infrastructure was created as part of Operation Sadbhavana, the Indian Army’s flagship initiative aimed at promoting welfare, development and trust-building among local communities in far-flung and strategically important regions. The newly constructed facility will provide essential shelter and assured water availability, directly benefitting local villagers and graziers.",The Arunachal Times,https://arunachaltimes.in/article/indian-army-builds-log-hut-in-remote-village,"01/06/2026, 08:00 AM, +0000 UTC",Sports & Achievements
4th edition of Assam Rifles Sentinels Cup Football Tournament starts,"The 4th edition of the Assam Rifles Sentinels Cup Football Tournament (Men & Women) 2026 was inaugurated on Tuesday at Shillong, Meghalaya. The tournament was formally inaugurated by Maj Gen Jai Singh Bainsla, marking yet another milestone in the continued efforts of Assam Rifles to promote sports, youth engagement and community bonding in the North East. The tournament, scheduled to continue till 27 February, is being conducted across multiple venues in Shillong.

The league matches up to the semi-final stage are being played at Nongkrem Football Ground and Assam Rifles Laitkor Ground, while the finals of both the Men’s and Women’s categories will be held at the SSA 1 Ground, Polo, on 27 February. The event has witnessed an encouraging turnout of football enthusiasts, reaffirming the region’s deep-rooted passion for the sport. The opening match of the tournament in the women’s category was played between the Assam Rifles Football Team and Laitkor FC. Displaying dominance, tactical discipline and excellent teamwork, Assam Rifles Football Team secured a convincing 5-0 victory over Laitkor FC.

Advertisement

The fast-paced encounter enthralled spectators and reflected the high standards of professionalism and sporting ethos that the Sentinels Cup represents. Teams from leading football clubs of Meghalaya, along with teams from Assam Rifles, Indian Army and Meghalaya Police, are participating in the tournament. A total of eight teams each in the Men’s and Women’s categories are competing in a league-cum-knockout format. The champions in the Men’s and Women’s categories will be awarded a cash prize of Rs 3 lakh each along with the prestigious Assam Rifles Sentinels Cup Trophy, while the runners-up will receive Rs 2 lakh each. Promoting Youth, Sports and Social Responsibility The Sentinels Cup continues to reflect Assam Rifles’ commitment as the “Friends of the North East,” using sports as a powerful tool to inspire youth, promote healthy lifestyles, and channelise young energy away from insurgency and drug abuse towards positive pursuits.

Advertisement

Through its MoU with the Bhaichung Bhutia Football Academy and initiatives such as the Assam Rifles Public School (Sports), Assam Rifles remains steadfast in identifying and nurturing football talent from the region. The tournament also aligns with national initiatives such as Khelo India Abhiyan and the Fit India Movement , underscoring the role of sports in nation-building. More than just a sporting event, the Assam Rifles Sentinels Cup stands as a celebration of unity, discipline, and the indomitable spirit of the North East. The inaugural match between Assam Rifles and Laitkor FC has set the stage for an exciting tournament ahead.",The Statesman,https://www.thestatesman.com/features/4th-edition-of-assam-rifles-sentinels-cup-football-tournament-starts-1503561146.html,"02/23/2026, 08:00 AM, +0000 UTC",Sports & Achievements
Floods in India’s Sikkim kill 10; dozens including 23 army soldiers missing,"Heavy rainfall causes a glacial lake to overflow, spurring catastrophic flooding in the remote Himalayan region.

At least 10 people have been killed in India’s state of Sikkim and 82 others, including 23 army personnel, are missing after heavy rainfall caused the glacial Lhonak Lake to overflow, spurring catastrophic flooding in the region.

The northeastern state received 40.9mm (1.6 inches) of rainfall between Tuesday and Wednesday morning, according to the India Meteorological Department (IMD) – about five times its normal rate of 8.6mm (0.3 inches) for this time of the year.

“So far, 10 bodies have been recovered from different locations. At least 82 more are missing and 22 people are injured, some of them seriously,” Sikkim’s Chief Secretary V B Pathak told Reuters news agency.

A cloudburst – or an extreme amount of rain over a brief period of time – over Lhonak Lake triggered torrential flooding in the valley located about 150km (93 miles) north of Gangtok near the border with China.

“Intense rain has led to this catastrophic situation in Sikkim where the rain has triggered a glacial lake outburst flood and damaged a dam and caused loss of life and caused further damage to roads and infrastructure,” said Miriam Jackson, a senior cryosphere specialist at the Nepal-based International Centre for Integrated Mountain Development.

The lake, which sits at the base of a glacier in peaks surrounding the world’s third-highest mountain, Kangchenjunga, had shrunk by nearly two-thirds in size overnight, an area roughly equivalent to 150 football pitches (105 hectares), satellite photographs released by the Indian Space Research Organisation showed.

Advertisement

Heavy rainfall hampered the search for the Indian troops reported missing, with the capital city of Gangtok cut off by road, defence officials said.

“Twenty-three personnel have been reported missing and some vehicles are reported submerged under the slush. Search operations are under way,” a defence ministry spokesperson said.

India’s weather department has warned of landslides and disruption to flights as heavy rain is predicted to continue over the next two days in some parts of Sikkim.

Jackson warned that such extreme events have become more frequent “as the climate continues to warm and takes us into unknown territory”.

The main highway linking Sikkim to West Bengal state had collapsed and Gangtok was totally cut off by road, according to army spokesperson Anjan Basumatary.

About 15,000 people living in the vicinity are likely to be affected and at least eight major bridges have been washed away along the banks of the Teesta River, officials said.

Media showed images of the river lashing through the hills and entering residential areas.

Some army bases and facilities along the valley were affected and rising water submerged vehicles following the release of water from a dam, a defence ministry spokesperson based in the neighbouring city of Guwahati said.

Intermittent rain and thunderstorms were hampering rescue operations in the area, an army official told Reuters, speaking on condition of anonymity.

Prime Minister Narendra Modi’s office said in a statement that the government will support state authorities in meeting the challenges from the floods.

Violent flooding from glacier lakes dammed by loose rock has become more frequent as global temperatures rise and ice melts, with scientists on Wednesday warning the deadly flood was a taste of further extreme weather events to come.

Disasters caused by landslides and floods are common in India’s Himalayan region during the June-September monsoon season.

The region saw heavy monsoon rains this season, with experts saying climate change is increasing their frequency and severity.

Nearly 50 people died in flash floods and landslides in August in Himachal Pradesh, also a Himalayan state.

Record rains in July killed more than 100 people over two weeks in northern India, as roads were waterlogged and homes collapsed.

In February 2021, flash floods killed nearly 200 people and washed away houses in Uttarakhand.",Al Jazeera,https://www.aljazeera.com/news/2023/10/4/floods-in-indias-sikkim-kill-10-dozens-including-23-army-soldiers-missing,"10/04/2023, 07:00 AM, +0000 UTC",Sports & Achievements
Indian Army revamps hostel for students from remote villages in North Sikkim,"According to the Army, the upgraded hostel now offers a cleaner, safer and more conducive environment for students (Image via Indian Army)

The Indian Army has upgraded the hostel of a primary school in North Sikkim under its flagship operation Sadhavana, transforming the facility into a safer and more student-friendly residential campus.

The Netaji Subhas Chandra hostel at Taryang Primary School in Lower Dzongu, which accommodates around 35 students from remote Lepcha villages, had long struggled with inadequate facilities due to the region’s rugged terrain, harsh weather and limited connectivity. Established in 1976, Taryang Primary School serves children from some of the most isolated settlements in North Sikkim.

An official statement said that the Army’s intervention included the construction and improvement of sanitation facilities, a hygienic kitchen and dining area, proper electrification, modern furniture, digital learning aids, sports and recreational infrastructure, and safety chain fencing along the school boundary.",The Indian Express,https://indianexpress.com/article/education/indian-army-revamps-hostel-students-from-remote-villages-north-sikkim-10750198/,"06/21/2026, 07:00 AM, +0000 UTC",Sports & Achievements
Arunachal: Indian Army organized first Indigenous Games event at Pasighat,"PASIGHAT- The first Indigenous Games event at Pasighat, held from March 17 to March 20, 2025, marked a significant cultural and sporting milestone in Arunachal Pradesh.

Organized under the banner of “Operation Sadbhavana 2025” by the Unying Aran Committee in collaboration with the Sigar Military Station and the Indian Army, the event took place at Gidi Notko in Pasighat, East Siang District.

This initiative aimed to promote and preserve the rich traditional sports and cultural heritage of Arunachal Pradesh while fostering community engagement and harmony.

Also Read- ITBP has launched its high-altitude Frontier Level cycling expedition, “Veerta,” from Bumla

The Indigenous Games were inaugurated on March 17, 2025, by the Deputy Chief Minister of Arunachal Pradesh, Chowna Mein. The opening ceremony coincided with the Unying Aaran festival, a traditional celebration of the local community, adding a festive and cultural dimension to the event.

The games spanned four days, concluding on March 20, 2025, and featured a variety of traditional sports that highlighted the physical prowess, teamwork, and cultural identity of the region’s indigenous people.

Also Read- Late Dorjee Khandu Memorial District-Level Archery Tournament Concludes in Tawang

The event showcased an array of traditional games, including:

Archery: A culturally significant sport, with the Deputy Chief Minister himself participating in a demonstration.

Tug of War: A test of strength and coordination.

Bamboo Climbing: An activity requiring agility and skill.

Bamboo Walking: A unique challenge emphasizing balance and tradition.

Approximately 1,000 local participants from the East Siang District and surrounding areas took part, reflecting strong community involvement.

The event attracted over 5,000 visitors, including students and local youth, who showed enthusiastic support for the initiative.

Also Read- XXth Tadar Tang State Level Football Tournament Kicks Off in Tawang

Alongside the games, the Indian Army organized a “Know Your Army Mela,” which featured a “Wall of Heroes” exhibit showcasing major war incidents on the frontier, enhancing the patriotic fervor of the occasion.

The primary goal of the Indigenous Games was to preserve and promote the traditional sports of Arunachal Pradesh, which are deeply rooted in the state’s indigenous culture. As part of Operation Sadbhavana, the event also aimed to strengthen ties between the Indian Army and the local community, encourage youth participation in constructive activities, and inspire interest in the armed forces. The inclusion of cultural elements during the Unying Aaran festival further emphasized the celebration of heritage and unity.

The closing ceremony on March 20, 2025, was attended by the District Commissioner of East Siang and senior officials from the Sigar Military Station. Prizes were awarded to the winners of various competitions, recognizing their skills and contributions to the event. The ceremony highlighted the appreciation of the local community, dignitaries, and district authorities for the Indian Army’s efforts in organizing this culturally significant initiative.",Arunachal24,https://arunachal24.in/arunachal-indian-army-organized-first-indigenous-games-event-at-pasighat/,"03/21/2025, 07:00 AM, +0000 UTC",Sports & Achievements
Manipur: Indian army organizes Chalou Knockout football tournament in Imphal east,"The Indian Army's Spear Corps, in collaboration with Lamlai Police Station and Chalou Youth Football Club, successfully organized the Chalou Knockout Football Tournament 2024. The event took place at Lamlai Chalou Village in Imphal East District and aimed to engage and promote local youth talent aged between 15 and 25 years.

The tournament, which kicked off on June 3, 2024, saw enthusiastic participation from 24 teams representing 15 villages in the region. Over six days, a total of 25 matches were played, providing a vibrant platform for young footballers to showcase their skills and foster a spirit of camaraderie.

The grand finale of the tournament featured a match between Sawumbong Students Club and Lamlai Football Club. In an exciting showdown, Lamlai Football Club emerged victorious with a 2-0 scoreline. The winning team was awarded the Championship Trophy, medals, and a cash prize of Rs. 25,000. The runner-up team, Sawumbong Students Club, received a cash prize of Rs. 15,000.

Individual accolades were also presented during the closing ceremony. Manohormayum Bigyananda Sharma of Lamlai Football Club was honored with the 'Man of the Match' and 'Best Player' awards, while Satish Khonjenbam of Sawumbong Students Club was recognized as the 'Best Goalkeeper.'

The closing ceremony featured a cultural event that added to the festive atmosphere of the tournament. The successful organization of this first-of-its-kind event by the Indian Army highlights the strong synergy and camaraderie between the Indian Army, local youth, and State Police Forces.",India Today NE,https://www.indiatodayne.in/manipur/story/manipur-indian-army-organizes-chalou-knockout-football-tournament-in-imphal-east-1024270-2024-06-08,"06/08/2024, 07:00 AM, +0000 UTC",Sports & Achievements
"Army chief visits Manipur, reviews security & meets guv","1

2





Guwahati: Chief of Army Staff General Upendra Dwivedi on Wednesday undertook a day-long visit to Manipur amid continuing unrest in the state to assess the prevailing security situation and review the operational preparedness of the Indian Army and Assam Rifles formations deployed there.Manipur has witnessed ethnic violence since May 2023, primarily between Meitei and Kuki communities, resulting in over 200 deaths and displacement of thousands. While the situation has seen phases of relative calm, sporadic incidents continue to affect public confidence and security. The state is currently under President's rule.A defence spokesperson said during his visit, General Dwivedi was briefed on the ground situation and ongoing initiatives aimed at ensuring peace and security.""The general also reviewed the operational preparedness of troops and lauded their high standards of professionalism, resilience, and dedication under challenging circumstances,"" the spokesperson said.General Dwivedi later called on governor Ajay Kumar Bhalla and discussed matters pertaining to security and development.""The meeting highlighted the collaborative efforts between the civil administration and armed forces in fostering peace and progress in the region,"" the spokesperson said.The Chief of Army Staff later witnessed the inaugural match of Group F of the 134th edition of the Durand Cup at Khuman Lampak Stadium at Imphal, marking the tournament's return to the state after two years.The ceremony preceding the match featured a vibrant cultural programme and military displays, showcasing Manipur's rich heritage and the pride of the armed forces.General Dwivedi interacted with players and officials of the local favourites NEROCA FC and TRAU FC before the match.The evening also featured aerial and ground displays by Army aviation, band displays, and traditional performances, reflecting a celebration of youth, sports and unity.""The visit of General Dwivedi, accompanied by GOC-in-C, Eastern Command and GOC, Spear Corps, affirmed the enduring role of the Indian Army in fostering peace, encouraging youth engagement through sports, and supporting military-civil synergy for holistic development in Manipur,"" the spokesperson said.",timesofindia.indiatimes.com,https://timesofindia.indiatimes.com/city/guwahati/army-chief-visits-manipur-reviews-security-meets-guv/articleshow/123003463.cms,"07/31/2025, 07:00 AM, +0000 UTC",Sports & Achievements
Durand Cup returns to Imphal with a grand trophy tour - 10th July 2025 -,"Durand Cup returns to Imphal with a grand trophy tour

- 10th July 2025 -

*



Durand Cup returns to Imphal : The three trophies of the Durand Cup showcased at the City Convention Centre





Imphal welcomed the 134th IndianOil Durand Cup trophies with a grand trophy tour as Asias oldest football tournament returned to Manipurs capital after a gap of two years. The three trophies of the Durand Cup were showcased here at the City Convention Centre in the presence of Shri. Ajay Kumar Bhalla, Honble Governor of Manipur who was the Chief Guest of the event.



Also present, were Shri. Prashant Kumar Singh IAS, Chief Secretary, Government of Manipur and senior military leadership including Lt. Gen. Mohit Malhotra AVSM SM, Chief of Staff, HQ Eastern Command and Chairman, Durand Cup Organising Committee, Lt. Gen. Abhijit S. Pendharkar AVSM YSM, General Officer Commanding, 3 Corps, Maj Gen. S.S Karthikeya YSM SM, General Officer Commanding, 57 Mountain Division, Maj. Gen. Ravroop Singh YSM SM, Inspector General, Assam Rifles (South) and Shri Rajiv Singh IPS -DGP Manipur



The three glittering pieces of silverware, the Durand Cup, the original prize and the rolling Shimla Trophy (presented by residents of Shimla in 1904), as well as the Presidents Cup which the winners keep permanently were unveiled during the occasion.



Speaking on the occasion Shri. Ajay Kumar Bhalla, Honble Governor of Manipur said, Hosting the 134th edition of the Durand Cup tournament once again in Imphal is a testament to our state's deep-rooted passion for football and the collective efforts of both civil and military establishments. I would like to convey my sincere appreciation to the Indian Army, particularly the Eastern Command for bringing this celebrated tournament back to the football-loving land of Manipur. Sports are an integral part of our state's identity. Manipur has always been at the forefront of sporting excellence, producing national heroes and Olympians who have brought immense pride to the nation. I wish the 134th Edition of the Durand Cup great success. I am confident that it will be bigger, better, and more thrilling than ever before. My heartfelt wishes to all the participating teams. May you play with honour, courage, and passion, inspiring countless young hearts along the way.







Eight members of Womens National team from Manipur including captain Ngangbam Sweety Devi, Elangbam Panthoi Chanu, Nongmaithem Ratanbala Devi, Hemam Shilky Devi, Grace Dangmei, Phanjoubam Nirmala Devi and Lynda Serto Kom that recently qualified for 2026 AFC Womens Asia Cup





Lt. Gen Mohit Malhotra shared his thoughts, For over 137 years, the Durand Cup has witnessed the evolution of Indian football, producing legends, uniting communities, and igniting passions across generations. In recent years, under the stewardship of Eastern Command, the Durand Cup has experienced remarkable growth in stature, reach and quality. Our efforts, in close partnership with stakeholders across the country, have ensured that the tournament retains its heritage while embracing modern professionalism.



I invite the people of this great city, football enthusiasts, and the vibrant youth of Manipur to come forward, be part of history, and experience world-class football at your doorstep. Together, let us celebrate the beautiful game, honour tradition, and inspire the next generation.



Also speaking on the occasion, Lt. Gen Abhijit S. Pendharkar said, The Durand Cup, is a tournament steeped in history and tradition, organized under the aegis of the Indian Armed Forces. It serves not only as a celebration of sporting excellence but also as a living tribute to the enduring bond between the military and the people of India. This unique tournament has, over generations, stood as a symbol of camaraderie, discipline, and sportsmanship.



I wish to express how truly historic and meaningful it is to witness the Durand Cup, the oldest football tournament in Asia, being hosted once again in the glorious state of Manipur - a land synonymous with resilience, rich culture, and an unshakeable love for football. I would like to extend my sincere gratitude to the Honble Governor, Shri Ajay Kumar Bhalla for his wholehearted support and backing for the conduct of this year Durand Cup in Imphal.



The trophy tour started in the morning from Sendra and travelled through Moirang, Bishnupur, Nambol, Keishampat Junction, Singjamei BR, Manipur University, Kangla West Gate, Chingmeirong (War Cemetery) and Lamlong Bazar before arriving at the City Convention Centre.



Eight members of the Womens National team from Manipur including captain Ngangbam Sweety Devi, Elangbam Panthoi Chanu, Nongmaithem Ratanbala Devi, Hemam Shilky Devi, Grace Dangmei, Phanjoubam Nirmala Devi and Lynda Serto Kom that recently qualified for 2026 AFC Womens Asia Cup were also present at the roadshow flag off.



A total of six matches, will be played in Imphal with the first match scheduled on 30th July. The Khuman Lampak Stadium will host local sides North Eastern Re Organising Cultural Association (NEROCA FC) and Tiddim Road Athletic Union (TRAU FC) who will face each other in the Manipur derby. Real Kashmir FC and Indian Navy Football Team are the other sides in the group.







Durand Cup returns to Imphal





ABOUT DURAND CUP



A proud symbol of Indias footballing legacy, the Durand Cup is Asias oldest and the worlds third-oldest football tournament. Organized by the Indian Army on behalf of the three Services, it has served as a breeding ground for Indias finest football talent for over a century.



The inaugural edition was held in Shimla in 1888, before the tournament moved to New Delhi in 1940, where it remained for more than seven decades.



In 2019, the Durand Cup came under the aegis of the Eastern Command and shifted to the football heartland of the East, with Kolkata, the Mecca of Indian football and headquarters of the Eastern Command as its home base. Over the past six years, the tournament has grown from a single-city event into a multi-city, multi-state sporting spectacle. And this year for the first time ever, Durand Cup is being played across five states  West Bengal, Jharkhand, Assam, Meghalaya and Manipur.



Adding to its uniqueness, the tournament champions receive three iconic trophies: the Durand Cup and the Shimla Trophy, both rolling honours and the Presidents Cup, crafted afresh each year and awarded for permanent keepsake.





* This info was provided to e-pao.net by Vikash Singh who can be contacted at iprovikash(AT)gmail(DOT)com

This article was posted on 11 July 2025 .",e-pao.net,https://e-pao.net/epSubPageExtractor.asp?src=news_section.Press_Release.Press_Release_2025.Durand_Cup_returns_to_Imphal_20250711,"07/11/2025, 07:00 AM, +0000 UTC",Sports & Achievements
"Mizoram sports minister inaugurates Durand Cup 2024, Kokrajhar Chapter","Mizoram Sports & Youth Services Minister Lalnghinglova Hmar, on July 30 inaugurated the Durand Cup 2024, Kokrajhar Chapter at SAI Stadium, Kokrajhar, Assam.

In his speech, Hmar thanked the Government of Bodoland Territorial Region, Indian Army, Assam Football Association and Assam Government for hosting the Durand Cup, stating that he is attending the match not as a politician but as a sports enthusiast.

Applauding the Bodoland officials on their efforts of developing football in the region, Hmar said, “After years of violence, the ability of the Indian Army to peacefully organise a football tournament in the region shows the power of sports in bringing people together.”

Hmar, who is also the President of NorthEast Football Development Council said that a small state like Mizoram with a very low population can achieve great heights in the discipline of football, especially with several players at the ISL and I-League.

He highlighted that of the 22 players from the Indian squad who played for the FIFA World Cup qualifier, four are Mizos.

Hmar also encouraged that Bodoland can also reach the same level as Mizoram and that the State is always open to help develop Bodoland and Assam Football.

The Durand Cup, which covers the Indian football calendar, was first held in 1888 and is Asia's oldest football tournament. It is one of the three oldest football tournaments in the world, along with the English FA Cup and Scottish FA Cup.

The Durand Cup 2024 is scheduled to be played in Kolkata, Shillong, Jamshedpur and Kokrajhar with 24 teams from Indian Super League, I-League, Indian Services, Central Armed Police Force and invited foreign teams.

The final match will be held on August 31, 2024 at the 68,000-seat Vivekananda Yuba Bharati Krirangan, Kolkata. The first match of the Durant Cup was played on July 27, 2024 at the Salt Lake Stadium, Kolkata between reigning champions Mohun Bagan SG and Downtown Heroes FC.

Group E matches and quarter final matches will be played in Kokrajhar. In Group E, ISL clubs Odisha FC and NorthEast United FC, BSF Football Team and Bodoland FC will compete for the quarter finals.",India Today NE,https://www.indiatodayne.in/mizoram/story/mizoram-sports-minister-inaugurates-durand-cup-2024-kokrajhar-chapter-1060844-2024-07-30,"07/30/2024, 07:00 AM, +0000 UTC",Sports & Achievements
4th Dzükou Cup Football Tournament concludes in Jakhama,"The Indian Army, in collaboration with the Southern Angami Sports Association (SASA) Federation, conducted the fourth edition of Dzükou Cup Football Tournament at Jakhama, Nagaland from January 30 to February 1. The event was conducted under Operation Sadbhavna to bring the local communities together and promote unity through sports.

Ten male and six female teams, comprising of players between 15 to 25 years, participated this year, representing different villages and towns across the state.

Finals were played on February 1, wherein, in the men’s category, the team from Kidima Village emerged victorious after defeating the Viswema Village team by score of 1-0. In the female category also, the team from Kidima Village defeated the team from Mima Village with a final score of 2-0.

Download Nagaland Tribune app on Google Play



Winners, runners-up teams and individual players were awarded. Best player in the male category was Kelengol Toso, while Khrienkono was adjudged the best female player.

Beyond the exhilarating football matches, the tournament also served as a platform for cultural exchanges and meaningful interactions between the local community and the Indian Army, further deepening their bond and fostering mutual respect, informed a press release by PRO & Spokesperson, Ministry of Defence, Manipur, Nagaland and Southern Arunachal Pradesh",Nagaland Tribune,https://nagalandtribune.in/4th-dzukou-cup-football-tournament-concludes-in-jakhama/,"02/03/2025, 08:00 AM, +0000 UTC",Sports & Achievements
Arunachal: Indian Army enhance facilities at Bordumsa Drug Rehabilitation Centre,"BORDUMSA- In an initiative to promote good health and help youth undergoing rehabilitation at Drugs Rehabilitation Centre at Bordumsa, Gidding and Goju in Changlang District of Arunachal Pradesh, were provided with basic yet crucial facilities by Army on 14 November 2024, informed Lt Col Amit Shukla, PRO, Defence.

During the event, due emphasizes was given to the vital role these centers play in fostering a drug-free society through counseling, medical care, and vocational training, empowering individuals to overcome addiction.

Essential items, including sports equipment, billeting equipment and other essential commodities were provided to support these centers and create a positive environment for recovery.

New Delhi: Pema Khandu visits Arunachal Pradesh Pavilion in India International Trade Fair

Over 300 youths and 10 rehabilitation center coordinators participated in discussions with teachers, on the transformative impact of rehabilitation centers in promoting a healthier and empowered society.

Attendees expressed their gratitude to the Indian Army for their commitment to social betterment.

Also Read- Veer Birsa Munda legacy must be cherished, celebrated, and passed onto future generations, says Dy CM

The event concluded with a collective pledge by youth and locals to work towards a drug-free society, further strengthening the bond between the Indian Army and the local community, and showcasing its dedication to community welfare.",Arunachal24,https://arunachal24.in/arunachal-indian-army-enhance-facilities-at-bordumsa-drug-rehabilitation-centre/,"11/15/2024, 08:00 AM, +0000 UTC",Sports & Achievements
135th Durand Cup football tournament begins in Guwahati,"The 135th edition of the Durand Cup Football commenced with a spectacular opening ceremony at the Indira Gandhi Athletic Stadium, Sarusajai in Guwahati today. The Asia’s oldest football tournament is being jointly organized by the Indian Army and the Government of Assam.

The opening ceremony was followed by the inaugural match between North East United FC and Bodoland FC. The ceremony featured cultural performances highlighting Assam’s heritage, along with demonstrations by the Indian Armed Forces. These included a hot air balloon display, combat free fall demonstration, aeromodel display and helicopter flypasts.

The inauguration of the tournament in Guwahati reflects Assam’s continued role as a host of major sporting events and highlights the collaboration between the Indian Army and the Government of Assam in promoting football and youth engagement through sports.",News On AIR,https://newsonair.gov.in/135th-durand-cup-football-tournament-begins-in-guwahati/,"08/01/2026, 07:00 AM, +0000 UTC",Sports & Achievements
PM Modi pays tribute to Manipur heroes; Kuki-Zo Council submits memorandum over 'separate administration' demand,"IMPHAL: Prime Minister Narendra Modi on Saturday paid tribute to Manipur’s contributions to country’s freedom struggle and national security.

Addressing a public gathering during his visit to Churachandpur, Modi said: “We have to take inspiration from Manipur's contribution in the freedom struggle of India and in the defence of India. It was the land of Manipur where the Indian National Army hoisted the Indian flag for the first time. Netaji Subhash called Manipur the gateway to India's freedom.”

Focusing on the state’s pre-eminent role in national security, Modi said: “Many children of Manipur are engaged in protecting Mother India. Recently, the world has seen the power of the Indian Army in Operation Sindoor... I salute the valour of our brave martyr Deepak Chingakham. The country will always remember his sacrifice.”

PM Modi also praised the cultural and athletic legacy of the state: “Indian culture is incomplete without Manipuri culture. And without the players of Manipur, the sports of India are also incomplete.”

Meanwhile, the Kuki-Zo Council submitted a memorandum to the Prime Minister, reiterating their long-standing demand for a “separate administration” through Union Territory status with a legislature under Article 239A.

“This demand arises not from convenience, but from necessity – for peace, security, and survival of our people,” the memorandum stated, citing the prolonged ethnic violence and loss of trust in valley-based political dominance.",The New Indian Express,https://www.newindianexpress.com/thesundaystandard/2025/Sep/13/pm-modi-pays-tribute-to-manipurs-heroes-kuki-zo-submits-memorandum-over-separate-administration-demand,"09/14/2025, 07:00 AM, +0000 UTC",Sports & Achievements
Sikkim: Indian Army launches football tournament as part of 'Operation Sadbhavna',"In a bid to promote youth development, the Indian Army's Black Cat Division, led by Brigadier Kunal Mukherjee launched the much-anticipated 17-football competition under the banner of Operation Sadbhavna in Sikkim.

Brigadier Mukherjee, articulating the essence of the initiative stated, ""This initiative is not a one-time event but a continuous process. The Indian Army is here for the long run, collaborating with the community for sustained progress.""

The competition, spanning 12 days, will witness the participation of seven teams vying for victory and the prestigious trophy. Speaking to reporters, Brigadier Mukherjee highlighted the primary focus on motivating students to excel in sports envisioning them as future athletes representing Sikkim in various national-level competitions.



Also Read: Sikkim: Do not fall for SKM's money politics, warns Pawan Chamling

Under the coordination of the Black Cat Division, the artillery regiment under 341 Field Regiment is spearheading the organization of the tournament. Brigadier Mukherjee expressed optimism that the event would serve as a catalyst encouraging parents to actively involve their children in sports recognizing its pivotal role in holistic development.

Looking ahead, Brigadier Mukherjee announced a slew of forthcoming projects aimed at enhancing infrastructure and community welfare across Sikkim. Scheduled inaugurations include two water management projects and a community development hall in the vicinity of Changu, with additional endeavours planned for the Forward Villages in March.",India Today NE,https://www.indiatodayne.in/sikkim/video/sikkim-indian-army-launches-football-tournament-as-part-of-operation-sadbhavna-888343-2024-02-16,"02/16/2024, 08:00 AM, +0000 UTC",Sports & Achievements
Indian Army Conducted “Army Sports Conclave”.,"Spread the love

New Delhi, Delhi, 30th of September, 2024 : The Indian Army hosted the much-anticipated “Army Sports Conclave” today, highlighting the role of Indian Army in India’s sporting ecosystem. As India sets its sight on hosting the 2036 Olympics, the Army Sports Conclave serves as a crucial platform to align efforts and contribute to this national mission. The conclave, with an emphasis on fostering collaboration with various national stakeholders, stressed the importance of drawing up collaborative strategies with the Indian Olympics Association, the Sports Authority of India (SAI) and National Sports Federations to enhance India’s global sporting aspirations.

The Indian Armed Forces have a long and distinguished tradition of contributing to the country’s sporting achievements, particularly in prestigious international competitions such as the Asian Games and the Olympics. Recognising the critical role played by the sports in promoting national pride, fitness, and international prestige, the Armed Forces have consistently invested in nurturing athletes. Indian Army’s Mission Olympics Wing was established in 2001, under which a total of 9000 sportspersons are training at 28 different sports nodes. In collaboration with SAI, there are total of 18 Boys Sports companies and two Girls Sports Companies across the India for nurturing the talent from young age (09 to 16 Years). Additionally, a Paralympic Node is established to motivate and train the disabled soldiers with disability for paralympic sports. Through the establishment of specialised, comprehensive training regimes, and infrastructure, the Indian Army has supported the careers of numerous athletes and sportspersons who have won accolades on the global platforms.

The event was graced by the presence of Dr Mansukh Mandaviya, Hon’ble Minister of Labour and Employment & Minister of Youth Affairs and Sports, Colonel Rajyavardhan Singh Rathore, AVSM (Retd), Hon’ble Minister of Industry & Commerce and Minister of Youth Affairs, Government of Rajasthan. General Upendra Dwivedi, Chief of the Army Staff also graced the event.

In his keynote address, Colonel Rajyavardhan Singh Rathore, AVSM (Retd), highlighted the government’s initiatives to bolster sports, notably through the ‘Khelo India’ program for games. He outlined a vision for India to achieve maximum Olympics medals by 2036, advocating for the creation of Centres of Excellence for sports. He also acknowledged Indian Army’s contribution in promoting sports culture and mentioned that Indian Army emerges as one of the top medal-winning entity in the nation.

In the inaugural address, Dr. Mansukh Mandaviya, praised the Indian Army for its indispensable contribution to India’s sports ecosystem. He highlighted the necessity of a joint multi-agency effort to promote sports across the country. Dr. Mandaviya discussed the creation of a comprehensive roadmap for success in Olympics, which includes both short-term five-year plans and long-term 25-year strategies to nurture talent from grassroots to elite levels.

The conclave drew valuable insights from former athletes and Olympians, including celebrated personalities such as Anju Bobby George, Mary Kom, and Tarundeep Rai, all of whom shared their personal experiences and perspectives on what it takes to excel at the highest levels of sports. Drawing from their experiences, the conclave underscored the need for sports education, sharing of resources at national level and best practices across the sports ecosystem. The deliberations were carried out for integration of sports science at grassroot level, harnessing of talent of retired athletes and a multi-pronged approach custom made for Indian Sports integrating both physical and mental preparation of athletes aspiring to compete in the 2036 Olympics.

The conclave thoroughly explored strategies for harnessing India’s sports potential with a focus on future Olympics, emphasising the need to elevate technical standards for achieving excellence. A collaborative effort involving the The Ministry of Youth Affairs & Sports, Indian Army, Sports Authority of India, Sports Federation of India and other key stakeholders provided valuable insights, leading to the formulation of a comprehensive roadmap preparation for Olympics. The collective discussions laid the groundwork for actionable steps to ensure India’s success on the global stage.

Related",TRIPURA STAR NEWS,https://www.tripurastarnews.com/indian-army-conducted-army-sports-conclave/,"09/30/2024, 07:00 AM, +0000 UTC",Sports & Achievements
"Assam Rifles organises football tournament in Dimapur, final on July 12","The Assam Rifles announced the commencement of the 'Assam Rifles Sentinel Cup (Men) 2024', a football tournament scheduled from July 1 to 12 in Dimapur.

The tournament will feature eight competitive men's teams representing Mizoram, Meghalaya, Nagaland, Manipur, Arunachal Pradesh, the Indian Army, and the Assam Rifles.

ALSO READ | Army official visits Assam Rifles office in Nagaland, reviews op preparedness

According to Assam Rifles, the opening ceremony, along with the league matches and semi-finals, will be held at the Assam Rifles Training Centre and School (ARTC&S) in Nagaland's Dimapur and Shokhuvi. The final is set to take place at Laitkor, in Meghalaya's Shillong in the second week of July.

""The Assam Rifles Sentinel Cup (Men) 2024 not only celebrates the spirit of competition but also strengthens the bonds between our brave soldiers and the communities they protect,"" said an Assam Rifles spokesperson. ""We are excited to witness thrilling matches and commendable sportsmanship throughout the tournament.""

ALSO READ | Arunachal: Assam Rifles launches Operation Saviour to rescue stranded civilians amid landslides, floods

The event, which aims to promote sportsmanship and camaraderie among the armed forces and the local community, was marked by vibrant cultural performances, inspiring speeches and an enthusiastic turnout.",India Today NE,https://www.indiatodayne.in/assam/story/assam-rifles-organises-football-tournament-in-dimapur-final-on-july-12-1040693-2024-07-02,"07/02/2024, 07:00 AM, +0000 UTC",Sports & Achievements
Wonder strikes help Indian Army FT to a comfortable 3-0 win over Assam Rifles FT,"Indian Army FT – 3 (Alan Thapa7’ Pradeep Singh 61’(P), Sunil B 89’) Assam Rifles FT – 0

Jamshedpur, August 07: Alan Thapa and Sunil B’s wonder strikes and a penalty conversion in between them by Pradeep Singh, helped the Indian Army Football Team secure all three points against Assam Rifles FT in a Group D encounter, played here at the JRD Tata Sports Complex. With this win, the Army men move to second place in the group for the time being, behind Jamshedpur FC, who have a better goal difference.

Assam Rifles Head Coach Vikash Panthi named a young line up while Army gaffer Manish Wahi named an experienced starting line-up retaining the core of the squad which won the 2023-24 Santhosh Trophy, led by the impressive Alan Thapa and Samir Murmu leading the attack line.

The Army men used their experience to full use against the young Assam Rifles side, pressing high up the pitch and not allowing the North East based side to settle down. They also dominated possession of the ball, building attacks from defence with Alan Thapa, Samir Murmu and Rahul Ramakrishnan finding space in the Assam box.

While impressive Assam Rifles keeper Shobhan Dev Biswas had a great match, the Army men took a deserved early lead in the 7th minute of the game through a wonder strike by Alan, whose long-range effort found the top corner past the outstretched hands of the goalkeeper.

Indian Army stepped up the attack from the beginning of the second half and created chances at will. While Shobhan saved a couple of penalties by Army defender Shafeel, the third by Pradeep, another defender, was perfect and doubled the lead.

Assam Rifles did find more chances to equalise but could not find the composure to put the finishing touches and the Army men pull off a stunner in the dying minutes of the game to put the matter to rest.

Defender Sunil B took a brilliant long ranger from about 25-yards placing the ball in the top left corner and giving the goal keeper no chance to stop it.

Top Indian Super League teams look for second win on the trot

Reigning Indian Super League (ISL) champions Mohun Bagan Super Giant and former ISL league and shield winners FC Goa, take the pitch on Thursday (Aug 8, 2024) in their second group games of the on-going 133rd IndianOil Durand Cup, both looking to register their second straight win of the tournament.

While the latter take on Nepal’s Tribhuvan Army FC at the Jawahar Lal Nehru stadium in Shillong in a Group F fixture, the former come up in Kolkata’s Vivekananda Yuba Bharati Krirangan (VYBK) against the Indian Air Force FT.

Kick-off times

FC Goa v Tribhuvan Army FT- 4.00pm Indian Standard Time (IST)

Mohun Bagan Super Giant v Indian Air Force FT- 7.00pm IST

All 43 matches of the 133rd IndianOil Durand Cup will be broadcast LIVE on the Sony Sports Network (Sony Ten2 HD) as well as livestreamed on the SonyLiv OTT platform",The Avenue Mail,https://avenuemail.in/wonder-strikes-help-indian-army-ft-to-a-comfortable-3-0-win-over-assam-rifles-ft/,"08/07/2024, 07:00 AM, +0000 UTC",Sports & Achievements
Durand Cup 2025: Rangdajied hold NEUFC; Indian Army bow out despite comeback win,"The Highlanders, however, responded with composure in the second half. A flowing move was finished clinically by Jairo, whose strike ensured the defending champions preserved their unbeaten record going into the quarterfinals. Rangdajied, despite the spirited display and their first point of the tournament, bowed out.",DT Next,https://www.dtnext.in/news/sports/durand-cup-2025-rangdajied-hold-neufc-indian-army-bow-out-despite-comeback-win-843034,"08/12/2025, 07:00 AM, +0000 UTC",Sports & Achievements
Durand Cup 2025: Indian Army beats 10-man Tribhuvan Army to pick up its first points,"Christopher Kamei’s first-half goal secured the result for Indian Army FT, which beat a 10-man Tribhuvan Army FC of Nepal by a solitary goal in a Group-C match of the 134th Durand Cup at the JRD Tata Sports Complex in Jamshedpur on Tuesday.

Having lost its opening match against host Jamshedpur FC (1-0), Indian Army looked for its first win and found the lead in the 21st minute. Kamei was set up by a Wangden Tamang cross on the edge of the Tribhuvan Army box. The latter controlled the ball well and finished with a low shot to the bottom corner of the net to ensure an early advantage for the Armymen.

Tribhuvan Army FC was reduced to 10 men in the 29th minute as its goalkeeper Bikash Kuthu was shown a straight red card for a reckless foul on the Indian Army forward Liton Shil. The Indian Army had a few more chances to increase the margin but had to be content with the lone-goal lead, as all its efforts by the attackers failed to breach the Tribhuvan defence for the second time.

Indian Army collected three points to be in the second spot, behind Jamshedpur (six points) in the group league standings, while Tribhuvan Army ended its campaign with just one point from a draw and two losses.

Malaysian Armed Forces football team finished its campaign with a win as it beat local challenger Rangdajied United FC 1-0 in a Group-E match at the Jawaharlal Nehru Stadium in Shillong. Nasir Yasa found the target in the 67th minute to ensure a consolation for the Malaysian side, which had lost its previous two matches against Shillong Lajong FC and NorthEast United FC.

Rangdajied also lost its second consecutive match, virtually leaving Shillong Lajong (on six points from two wins) and NorthEast United, which beat the Malaysians in the only match it has played so far, to fight for the top spot in the group league.

The Results Group C (Jamshedpur): Indian Army FT 1 (Christopher Kamei 21) bt Tribhuvan Army FC 0. Group E (Shillong): Malaysian Armed Forces FT 1 (Nasir Yasa 67) bt Rangdajied United FC 0.

Published on Aug 05, 2025",Sportstar,https://sportstar.thehindu.com/football/indian-football/durand-cup-2025-match-today-indian-army-vs-tribhuvan-malaysian-armed-forces-rangdajied-united/article69898728.ece,"08/05/2025, 07:00 AM, +0000 UTC",Sports & Achievements
Army Chief felicitates Indian Army Paralympic athletes,"Hokato’s Bronze medal “is the first for the Army Paralympic Node

Chief of the Army Staff, General Upendra Dwivedi felicitates Naib Subedar Hokato Sema from Nagaland, who had won a Bronze medal in the Paris Paralympic Games.

DIMAPUR — Chief of the Army Staff, General Upendra Dwivedi felicitated Paralympians from the Indian Army, including Naib Subedar Hokato Sema from Nagaland, who had participated in this year’s Paris Paralympics.

A press release issued by the PRO of Defence on Saturday informed that the Army Chief interacted with Indian Army Paralympic athletes at the Army House.

“During this inspiring engagement, General Dwivedi praised their outstanding achievements and steadfast determination, reflecting the Army's immense pride in their successes. The felicitated athletes include: Subedar Soman Rana (Shot put); Subedar K Narayana (Rowing) Naib Subedar Hokato Sema (Shot put), who clinched a Bronze medal; and Naib Subedar Amir Ahmad Bhat (Shooting).

“Additionally, Ms Simran Sharma, wife of Naik Gajender Singh, was also honoured for her Bronze medal win in the 200m Athletics event”, it informed.

The Defence press release further noted that Hokato’s Bronze medal “is the first for the Army Paralympic Node, building on the legacy of Murlikant Petkar, the first Paralympian medallist from the Army and the state of Nagaland.”

Also read: REMEMBER THE NAME: Hokato Hotozhe Sema earns Paralympics Bronze for India—and sporting immortality in Nagaland

General Dwivedi emphasised the importance of perseverance and excellence, underscoring the role of sports in building character and national pride, it added. “This interaction not only celebrated the athletes' accomplishments at the Paralympic Games Paris 2024, but also reinforced the Army’s commitment to supporting their journey and pushing their limits as they continue to bring honour to the nation”, it stated.

Robust support system

The Defence statement also highlighted the Army’s long history of “deep commitment to the well-being and rehabilitation of its personnel”, particularly those who have sustained injuries in the line of duty.",Eastern Mirror Nagaland,https://easternmirrornagaland.com/army-chief-felicitates-indian-army-paralympic-athletes,"09/15/2024, 07:00 AM, +0000 UTC",Sports & Achievements
"Assam Sports minister unveils Durand Cup trophies in Guwahati, exudes confidence on the progress in the field","Assam Sports Minister Nandita Gorlosa said that the state has been making exceptional progress in sports in recent times as athletes from the state represent Indian teams across disciplines.

She said this at an event where three magnificent Durand Cup Trophies were unveiled in a grand ceremony here at a hotel in Guwahati on July 15.

""Assam has been making exceptional progress in sports in recent times with our young athletes representing Indian teams across disciplines. In this context the staging of such premiere national tournaments like the Durand Cup, gives a further boost, particularly to our state's young and talented footballers, as they get an opportunity to see their favourite teams and stars play in front of them, she added.

She further said that it is also a matter of great joy for our brothers and sisters in Kokrajhar, which has become the second venue from the state to become a Durand host-city.

''Top tier national football will be coming to their beautiful land, I am sure the enthusiasm there is at an all-time high and under the able leadership of Pramod Boro, Kokrajhar. I am confident, will put its best foot forward. I also welcome the foreign teams to India and the state of Assam,'' she added.

The Sports Minister further gave her wishes to all the participating teams and thanked Indian Army and the Eastern Command under Lt. Gen. Kalita, for organizing this iconic tournament in our state with such enthusiasm, efficiency and professionalism.

It is worth mentioning that the three trophies are on a three-day tour of the city.

On the occasion, dignitaries like Lt. Gen. R.P. Kalita, PVSM, UYSM, AVSM, SM, VSM, General Officer Commanding-in-Chief, Eastern Command, among others and members of the press were present.

The 132nd Edition of the legendary Durand Cup football tournament, organized by the Indian Army on behalf of the three services is the only cup tournament in the country which pits service teams along with the top teams from different divisions of Indian football.

The Durand Cup is also set to begin on August 03, 2023, with Guwahati hosting nine matches, with a North-East derby between local side North-East United FC (NEUFC) and debutants Shillong Lajong scheduled as the first game on the evening of August 04, 2023.

''All games, including one quarterfinal knockout game will be played at the Indira Gandhi Athletic Stadium. The finals are scheduled for September 03,2023, in Kolkata. Guwahati will be playing host to the Durand Cup for the second year running,'' an official statement added.

Lt. Gen. Kalita also addressed the gathering and spoke about the rich tradition of the Durand Cup and its long association with the Indian Armed Forces.

The three Trophies unique to the tournament are the Durand Cup (a rolling trophy and the original prize), the Shimla Trophy (also a rolling trophy and first given by the resident of Shimla in 1904) and the President's Cup (for permanent keep and first presented by Dr. Rajendra Prasad, India's first President, in 1956).

''They begin their tour of Guwahati on July 15, 2023, and will visit such landmarks as Royal Global University, the Indira Gandhi Athletic Stadium, Guwahati Town Club, Maa Kamakhya Temple, Govindam Sweet, Dr D. Baruan College and Roodraksh Mall among others. The Trophies will also be on public display at the State War Memorial on July 15"", at the City Centre Mall on July 16 and at the Cotton College and IOCLon on July 17, 2023,'' the statement added.

The three Durand trophies were jointly flagged off for a 15-city tour on Friday, Jun 30, 2023, in Delhi, by General Mano) Pande, PVSM, AVSM, VSM.

ADC, Chief of Army Staff, Indian Army, Air Chief Marshal VK Chaudhary, Chief Of Air Staff and Shri. Kalyan Chaubey, President, All India Football Federation (AIFF). Udhampur was the third stop in the tour after the Trophies travelled to Dehradun on July 16.

''Before embarking upon Guwahati, the trophies have already visited the cities of Dehradun, Udhampur, Jaipur, Pune, Mumbai, Karwar, Ezhimala and Kochi.

Their next stop is Bengaluru. The other cities that the tour will cover include Kokrajhar and Shillong. They will also visit Kathmandu and Dhaka, before flagging-into Kolkata, the venue of the finals,'' it added.

This time the Durand Cup will have 24 teams, up from 20 last time, including all 12 Indian Super League (ISL) sides.

Service teams from neighbouring foreign countries of Bangladeshi Nepal will also be participating in the legacy tournament, making foreign participation in the legendary tournament happen after a long gap of 27 years.

Also read: Mirabai Chanu to lead Indian contingent at World Weightlifting Championships 2023 in Riyadh",India Today NE,https://www.indiatodayne.in/sport/story/assam-sports-minister-unveils-durand-cup-trophies-in-guwahati-exudes-confidence-on-the-progress-in-the-field-615167-2023-07-15,"07/15/2023, 07:00 AM, +0000 UTC",Sports & Achievements
Arjun Pradhan of Indian Army wins Tawang marathon,"Arjun Pradhan of Indian Army wins Tawang marathon

First Published: 1st October, 2023 17:42 IST

A total of 2,343 athletes wholeheartedly participated in the marathon in the 42 km, 21 km, 10 km, and 5 km categories

Written By Northeast Live Digital Desk SHARE IT NOW







By Ripunjoy Das

Arjun Pradhan of the India Army has set an International record of 2 hours and 49 minutes by winning the Tawang Marathon held at 10,000 feet, in the male category, while Priyanka Kanwar, an Army wife, emerged as the woman’s champion with timings of 5 hours and 30 minutes.

In the 21 km run in male and female categories – Prem Kumar and Aarti emerged as the winners, and Rajshree won the 10 km run in two categories.

The shortest version of the run, 5 km, was won by Ankul and Tenzin.

The Tawang Marathon, which is the first ever high-altitude marathon conducted at 10,000 feet in the North-East and arguably the most challenging one in the nation, was flagged off today by Arunachal Pradesh Chief Minister Pema Khandu and Union Minister Kiren Rijiju from the High Altitude Stadium in Tawang district.

Jointly organized by the Indian Army and the Government of Arunachal Pradesh, the event aims to place Tawang on the International Marathon map and showcase the spirit of unity and shared commitment towards the promotion of sports and a healthy lifestyle.

The event, which is a new dawn in the sports field for the state of Arunachal Pradesh, was attended by many enthusiastic people.

A total of 2,343 athletes wholeheartedly participated in the marathon in the 42 km, 21 km, 10 km, and 5 km categories.

The only disappointing part of the event was that Bollywood actor Randeep Hooda, who was supposed to be part of the event today, couldn’t make it because of bad weather conditions.

However, the actor did enjoy a picturesque drive to Tawang.

Taking to X, the actor wrote, “I was really looking forward to meeting the participants of the marathon and witnessing the tug of war, but unfortunately, due to a weather snag, the chopper couldn’t take off. I guess I was destined to drive to Tawang and see more of the beautiful Northeast. My congratulations to all the winners and to the Hon’ble CM.”

The actor is slated to visit India’s first village, Mago, bordering Tibet and China, and will interact with the local villagers on Monday.

He will also meet the Armed Forces stationed at the border village.

Copy edited by- Haynashree Narjary

Also Read: Arunachal: Bollywood actor Randeep Hooda to attend Tawang Marathon, National Tug of War Championship on Oct 1

Post Views: 808

COMMENTS",Northeast Live,https://northeastlivetv.com/around-ne/arunachalpradesh/arjun-pradhan-of-indian-army-wins-tawang-marathon/,"10/01/2023, 07:00 AM, +0000 UTC",Sports & Achievements
Durand Cup 2023: NorthEast United through to semi-final after win over Indian Army,"Konsam Phalguni Singh’s second half goal was enough for NorthEast United FC to overcome a spirited Indian Army Football Team in the first quarter-final of the 2023 Durand Cup on Thursday.

Indian Army made two changes to the starting lineup with captains Bhabindra Malla Thakuri back after suspension and Liton Shil in the place of Alwin E.

NorthEast United, on the other hand, made five changes to its starting lineup for the first quarterfinals of the tournament with Soraisham Dinesh Singh, Gaurav Bora, Gani Ahmed Nigam, Redeem Tlang and Konsam Phalguni Singh coming in.

The Indian Super League outfit settled down quickly and controlled possession in the middle of the pitch. Indian Army stuck to their plan of defending with numbers and pressing forward in the counter attacks.

Shil tested NEUFC keeper Mirshad with a long range effort and minutes later he combined with Rahul Ramakrishnan but the latter’s effort whisked past the post.

NEUFC dominated the next exchanges and troubled the Army defence. Ibson Melo set up French midfielder Romain Philippoteaux inside the box and his curler came back off the crossbar. Rochharzela had a golden opportunity to give NEUFC the lead but the forward lashed his effort over the crossbar.

Indian Army started to press high up the field forcing mistakes out of NEUFC and started to play some attacking football. Shil showed some excellent skills to dodge two defenders inside the box but his shot was saved by Mirshad.

Samir Murmu had a chance to give Indian Army the lead in first half injury time as Christopher Kamei found the forward free but his side footed effort went wide as both teams went into the break goalless.

Juan Pedro introduced Manvir Singh and Nestor Roger in the second half and the second half substitutes set up the first goal of the match.

Roger’s sublime cross-filed ball into the box found Manvir who headed it into the path of Phalguni Singh who poked it past the goalkeeper and two rushing defenders to give NEUFC the lead.

Indian Army increased the intensity trying to come back into the game but lacked in the final third of the pitch.

On the other end, second half substitutes Jithin M.S and Manvir made some good runs on the wings to keep the Army defence busy.

Army pushed hard in the finals minutes to find the equalizer as the coach brought on fresh legs to inject more pace. They piled the pressure on the NEUFC defence but the Highlanders soaked all the pressure to keep their one goal lead intact and qualify for the semi-finals.",Scroll.in,https://scroll.in/field/1054856/durand-cup-2023-northeast-united-through-to-semi-final-after-win-over-indian-army,"08/25/2023, 07:00 AM, +0000 UTC",Sports & Achievements
"Durand Cup 2025 kicks off in Kokrajhar; Sunil Chhetri praises ground quality, crowd","Kokrajhar, July 27: The iconic Durand Cup kicked off in Kokrajhar on Sunday, with debutants Indo-Tibetan Border Police Football Team edging past 10-man Karbi Anglong Morning Star FC 2–1 in the Group D opener at the SAI Stadium.

Kokrajhar is one of three cities in the Northeast hosting the 134th edition of the tournament this year, alongside Shillong and Imphal.

Organised by the Indian Army in collaboration with the Bodoland Territorial Council (BTC), the Kokrajhar leg of the tournament will feature six league matches and one quarterfinal, scheduled to be played on August 16.

Speaking at the inaugural session at SAI Stadium, BTC chief Pramod Boro expressed gratitude to the Indian Army for bringing the tournament back to Kokrajhar for a third consecutive year.

""Three years ago, when the Army first approached us about organising the tournament in the Bodoland Territorial Region, Chief Minister Himanta Biswa Sarma said it would be wonderful for the region. This is the third year in a row that the Durand Cup is being held here. I believe such tournaments will inspire the region’s youth to lead the nation,"" Boro told reporters.

Indian football icon Sunil Chhetri was among the star attractions at the opening ceremony. Visibly delighted by the pitch conditions and crowd turnout, the former India skipper praised the organisers.

""I wasn’t expecting such a fantastic crowd. The quality of the ground—I’m really happy. Congratulations to all the organisers,"" he said.

Earlier in the day, the opening ceremony dazzled spectators with an aerial display that included paragliding stunts, helicopter fly-pasts, and fighter jet routines.

While Group D and E fixtures have begun in Kokrajhar and Shillong, respectively, Imphal is set to host its first match of the tournament on July 30.",The Assam Tribune,https://assamtribune.com/assam/durand-cup-2025-kicks-off-in-kokrajhar-sunil-chhetri-praises-ground-quality-crowd-1586356,"07/27/2025, 07:00 AM, +0000 UTC",Sports & Achievements
Assam: Army organised Red Horn Premier League in Tamulpur,"GUWAHATI- Red Horns Division of Indian Army organised a football tournament ‘Red Horns Premier League’ (RHPL) Football competition from 19 March 2022 to 26 March 2022 in the newly formed Tamulpur District of BTC. General Officer Commanding, Red Horns Division kick started the inaugural match between Tamulpur Girls FC and RBFC Dimakuchi at the football field of Diglipara Army Camp amidst an electrifying opening ceremony.

HINDI TUTION

Also Read- Army Distributes Learning Kits to underprivileged children at various tea gardens

The Red Horn Premier League (RHPL) is an initiative by Indian Army under operation Sadbhavana. This event in being organised with an aim to tap the unexplored potential of the youth in BTR and to spread goodwill and unity among the local populace. This event provides a platform to the youth of Assam in the Bodoland Territonal Region (BTR) and adjoining districts to pursue their passion for football and demonstrate their skill and talent.

It’s a unique tournament for both girls & boys wherein a total of 08 Girls Football teams and 16 boys football teams are participating in the event. The Winners & Runners Up teams for both categories will be awarded with prize money of Rs 1,00,000 and Rs 50,000 respectively in addition to the individual prizes for Best Player & Best Goal Keeper.",NorthEast India24,https://northeastindia24.com/assam-army-organised-red-horn-premier-league-in-tamulpur/,"03/23/2022, 07:00 AM, +0000 UTC",Sports & Achievements
"Manipur: Rajnath Singh interacts with Indian Army, Assam Rifles","Imphal, Aug 19: Union Defence minister Rajnath Singh today interacted with personnel of 57th Mountain Division and Assam Rifles (South) at the Assam Rifles Mantripukhri premises near Imphal.

Defence minister was accompanied by Chief of the Army Staff General Manoj Pande, GOC-in-C Eastern Command Lieutenant General RP Kalita, GOC Spear Corps Lieutenant General RC Tiwari along with Chief of Staff (Eastern Command) Lieutenant General KK Repswal besides Major Generals Naveen Sachdeva (57th Mountain Division) and Rajan Sarawat (IG Assam Rifles-South) led senior officers of Army and Assam Rifles.

Later addressing the Army and Assam Rifles personnel, the visiting Defence minister appreciated the officers and personnel for performing their duty with courage and conviction despite facing the challenges.

In his 10 minute address in Hindi, the Defence minister said it is a matter of great pride to stand amongst the Indian Army and Assam Rifles personnel.

He added that unless the borders are safe, the nation cannot achieve absolute potential. The major contribution is made by you, he said.

Stating that people in different professions are serving the country at their capacities, he also felt that the service you are doing is more than profession and more service.

Lauding the contribution of 57th Mountain Division as part of the then peace keeping force in Sri Lanka or in its present role and commending role of Assam Rifles in securing Indo-Myanmar border and key role in bringing Northeast into the mainstream, he said. Because of it, Assam Rifles are called Friends of the Northeast People and Sentinels of Northeast.

Nearly 1,000 personnel of 57th Mountain Division and Assam Rifles took part in the day's interaction with the Defence Minister.

Later, Defence minister Rajnath Singh along with Chief of the Army Staff General Manoj Pande and IG Assam Rifles (South) Major General Rajan Sarawat visited the state Chief Minister N Biren Singh's residence at Luwangsangbam for breakfast before he departed for the national capital.

Sharing a few photographs of the breakfast in a tweet on Friday, Biren Singh wrote, ""It was an absolute pleasure to have Hon'ble Defence Minister Shri @rajnathsingh Ji at my residence today and sought his guidance on various important matters of the state.Immensely grateful for his continuous support all throughout.""

The Defence minister accompanied by Chief of the Army Staff General was here since Thursday, after attending the formal opening ceremony of the Manipur edition of the 131st Durand Cup, Asia's oldest football tournament organised by the Indian Army at the Khuman Lampak Main stadium in Imphal.

It may be noted that altogether 20 teams, including defending champions FC Goa and runners up from last year, Mohammedan Sporting, 11 teams from the Indian Super League, four Services teams, NEROA FC, TRAU FC, SUDEVA FC of Delhi and Rajasthan United FC will play in this edition of the Durand cup.",The Assam Tribune,https://assamtribune.com/north-east/manipur-rajnath-singh-interacts-with-personnel-of-indian-army-assam-rifles-1434399,"08/19/2022, 07:00 AM, +0000 UTC",Sports & Achievements
Major Laishram Jyotin Singh football tournament begins in Ma,"Major Laishram Jyotin Singh football tournament begins in Manipur

In honour of the nation's hero from Manipur who was conferred with the country's highest gallantry award during peacetime, the Indian Army, under Operation Sadbhavana, inaugurated the first edition of the Major Laishram Jyotin Singh, Ashok Chakra (Posthumous) Football Tournament

Published: March 12, 2025, 9:10 PM Updated: July 23, 2026, 11:36 AM By Sobhapati Samom Sports

Share",Eastern Mirror Nagaland,https://www.easternmirrornagaland.com/major-laishram-jyotin-singh-football-tournament-begins-in-manipur,"03/12/2025, 07:00 AM, +0000 UTC",Sports & Achievements
Indian Army Unveils State-of-the-Art Wushu Sanda Arena in Manipur to Promote Youth Sports,"In a significant step to enhance sports engagement among the youth of Manipur, the Indian Army’s Spear Corps inaugurated a state-of-the-art Wushu Sanda Arena in Nachou village on Tuesday. This modern facility has been officially handed over to the Bishnupur District Wushu Association, with the objective of inspiring young athletes to adopt disciplined and active lifestyles.

The inauguration event drew attendance from key figures in the local sports community, including the President of the Bishnupur District Wushu Association and the Vice-President of the Wushu Association in Manipur. Local leaders and aspiring athletes also attended, marking an enthusiastic turnout that underscores the importance of this initiative for the region.

The newly constructed arena meets international standards, providing young Wushu practitioners with a dedicated space to develop their talents and compete at advanced levels. Wushu, which comprises various martial arts styles, is gaining traction in India, particularly in Manipur—an area renowned for its sports talent and achievements. During the event, local athletes showcased their skills, demonstrating the potential that the new facility aims to unlock in the community.

This initiative exemplifies the Indian Army’s dual role not only as protectors of the nation but also as benefactors of local communities. The Army’s commitment to the welfare of the region extends beyond sports; it has also conducted medical camps in Bishnupur and Churachandpur districts, providing critical healthcare services to over 813 individuals prior to the arena’s launch.

The establishment of the Wushu Sanda Arena is poised to cultivate a new generation of athletes in Manipur, fostering both physical fitness and a spirit of competition, while further fortifying the bond between the military and the local populace.",SSBCrack,https://www.ssbcrack.com/2024/12/indian-army-unveils-state-of-the-art-wushu-sanda-arena-in-manipur-to-promote-youth-sports.html,"12/04/2024, 08:00 AM, +0000 UTC",Sports & Achievements
Assam: Army organises Interclub Volleyball Tournament at Baksa,"GUWAHATI- To reaffirm its commitment towards fostering peace and to provide an mimpetus to the sporting talents in the region of lower Assam, Indian Army organised Invictus Inter Club Volleyball Tournament at Baganpara, Baksa. The aim of this tournament was to facilitate the youth by providing them a platform in the remote areas and help them ascertain themselves and identify the sports talent for further nurture.

HINDI TUTION

The tournament witnessed the participation of 12 Boys teams and 04 Girls team from dist of Nalbari, Kamrup(rural), Tamulpur and Baksa. Matches were conducted on league basis. On completion of league matches semifinal and finals were conducted on 26 and 27 February.

The final match of girls was between Purabi Nalbari Volleyball Club and Berghaon Volleyball club and the final match of boys was between Tamulpur Volleyball Club and Dhamdhama Volleyball Club. The competitive spirit displayed by the players in final match was indeed phenomenal. The zeal and vigour of the local sports talent is praiseworthy.

The finals also witnessed the presence of civil dignitaries. Speaker of BTC, Khatiram Boro and Daobhaisa Boro Executive Member for sports, BTC also attended the event. The Invictus Brigade Commander also encouraged the locals for sports & to do well in future. Winners and Runner up were given trophies, medals, certificates and cash prizes by Army. The Army officials also applauded the participants for showing gritty determination of highest standards and also encouraged them to practice and excel in all such events in future.

The audience at the tournament hugely appreciated the efforts of the Army for conducting such an event which brings to fore the sense & feeling of bonhomie and trust between the local populace and Army.",NorthEast India24,https://northeastindia24.com/assam-army-organises-interclub-volleyball-tournament-at-baksa/,"02/28/2022, 08:00 AM, +0000 UTC",Sports & Achievements
Assam's Shakil Injam trains Indian Army in non-firearms combat,"Shakil Injam training the army personnel

Mukut Sarma/Guwahati

Shakil Injam, who received advanced martial arts training in China, is an invited trainer for the Special Forces of the Indian Army. He teaches innovative techniques to the country's armed forces to give them a cutting edge in a fight without weapons along the India-China border.

The 28-year-old fighter is a national-level bodybuilder, strength lifter, strength and conditioning coach, certified sports nutritionist, and Black Belt in several disciplines of martial arts (MA).

Born into a family associated with education and literature, Shakil was a gifted student. He. His father, Ismail Hussain, a prominent writer and educator, wanted to make his only child a Sanskrit professor.

Shakil Injam in China

“My father wanted to make me a professor of Sanskrit. Similarly, my mother wanted to join the administrative service. I did perform well in my academic career. I passed my HSLC or Matric exam with a Distinction from Assam Jatiya Bidyalay. After the HSLC exam result, I was admitted to Srimanta Sankar Academy for a higher secondary or Plus II course in humanities.

“I passed Bachelor of Arts (BA) from Dispur College. In 2015, I completed my Master's Degree in English from the University of Gauhati University. As my parents were involved in arts and culture, they enrolled me in Satriya dance and music training when I was young. But all these things did not excite and inspire me. I aimed to do something exceptional to make my life more enjoyable and exciting. Eventually, I started receiving training in martial arts,' said Shakeel in an exclusive interview with Awaz-The Voice.

After training in Kung Fu, Karate, Taekwondo, Wushu, Gymnastics, Muay Thai, and Kickboxing for about 6 years in Assam, Shakeel finally decided to move to Henan Province, China in 2016 for further training. In China Shakeel received training for three months at Yuntaishan International Wushu School, a leading Chinese Wushu academy. The academy is also known as the Chinese Army School.

""I am always interested in learning new martial arts techniques. I also received training in wrestling in Gurgaon, and Haryana, after coming from China. I spent three months in Kerala to learn the ancient martial art of Kalaripayattu. I had participated in many national-level martial art competitions and won prizes,"" said Shakil Inzam. He is currently training many youngsters at Legacy Combat MMA & Fitness in Chandmari, Guwahati.

Shakil Injam (Third from left) training in a Gymnasium

Shakil is also a national-level bodybuilder who has shown rare talent in martial arts. He finished fifth in the Junior Mr. India competition. Shakil's achievements in various fields of sports attracted the attention of the Indian Army. They invited the talented martial artist from Assam to train the personnel of the Special Forces. He has already undertaken many courses for the soldiers of various regiments of the Indian Army for their posting on the India- China border.

It is pertinent to mention here that under an agreement, the troops of India and China are not supposed to carry or use firearms against each other on the border. This was agreed upon by the two countries given their understanding that boundary is disputed in many places and both are trying to resolve it.

""I have been involved with some groups of the Indian Army since 2019. They are called Special Forces. I train the Special Forces soldiers in unarmed combat. Every year for about a month I go to army camps and the soldiers are unarmed I teach fighting techniques. Every time the training camps are held in different places. I am proud to serve my motherland in this way,” Shakil said.

Shakil said that martial arts can turn the younger generation away from social ills like drugs or drug abuse. He said martial arts is an addiction and whoever makes it a part of life is never like drugs or drug abuse can't work.

ALSO READ : Everester Hedayat Ali carried a whiff of Assam to Antarctica peak

""Many perceive that martial arts are a violent sport. But it is not. It requires a lot of patience, restraint, and discipline. People who learn this art never go to fight unnecessarily on the streets There is a lot to learn for fighting in the professional field. You cannot win a fight here with your body strength,"" Shakil said.",Awaz The Voice,https://www.awazthevoice.in/india-news/assam-s-shakil-injam-trains-indian-army-in-non-firearms-combat-18683.html,"01/06/2023, 08:00 AM, +0000 UTC",Sports & Achievements
TRISHAKTI CORPS ORGANISES FOOTBALL MATCH IN EAST SIKKIM,"TRISHAKTI CORPS ORGANISES FOOTBALL MATCH AT AN ALTITUDE OF 12600 FEET IN THE BORDER VILLAGE OF EAST SIKKIM ON THE INDO-CHINA BORDER UNDER OPERATION SADBHAVANA

As part of Operation Sadbhavana, Trishakti Corps, Indian Army organized an exhilarating friendly football match between the border villages of Gnathang and Kupup of East Sikkim along Indo- China Border situated at an altitude of 12600 Feet above MSL. The event aimed at strengthening the bond between the military and the local populace while promoting a sense of nationalism, unity, and camaraderie. The football match, held amidst the picturesque landscape of East Sikkim, showcased the army’s commitment to fostering a nationalistic fervour, goodwill, and cooperation in the border areas. The match drew enthusiastic participation from the local youth, creating an atmosphere of excitement, oneness, and mutual respect. Spectators from the villages cheered their teams, highlighting the shared spirit of sportsmanship that prevailed throughout the match. Local residents expressed their appreciation for the efforts of the Indian Army in organizing such events that go beyond security measures. These initiatives contribute significantly to building trust and fostering nationalistic sentiments & positive relationships between the military and civilians in the remote areas along the Indo-China Border.

Operation Sadbhavana, with its focus on community development, has been pivotal in creating a positive impact on the lives of residents in the border villages. The match concluded with a prize distribution ceremony, recognizing players for their skills, spirit, fitness, and dedication to the game. The Indian Army reaffirmed its commitment to continuing such community-driven activities in the future, promoting harmony and solidarity in the border villages of Sikkim.",IBG News,https://ibgnews.com/2024/03/06/trishakti-corps-organises-football-match-in-east-sikkim/,"03/06/2024, 08:00 AM, +0000 UTC",Sports & Achievements
TRISHAKTI CORPS FLAGS OFF THE INDIAN ARMY & HMI JOINT MOUNTAINEERING EXPEDITION TO MT CHOMO YUMMO (6829M) IN NORTH SIKKIM,"TRISHAKTI CORPS FLAGS OFF THE INDIAN ARMY & HMI JOINT MOUNTAINEERING EXPEDITION TO MT CHOMO YUMMO (6829M) IN NORTH SIKKIM

With banners flying high and spirits even higher, the Indian Army proudly announces the launch of the joint mountaineering expedition by the Indian Army and Himalayan Mountaineering Institute, Darjeeling to Mt Chomo Yummo, showcasing a collaborative effort that exemplifies the valour, adventurism, and indomitable spirit of the Indian Armed Forces.

A momentous Flagging Off Ceremony on 29 Aug 2023 signalled the formal commencement of the joint mountaineering expedition to conquer the towering peak of Mt Chomo Yommo standing at an altitude of 6829m on the Great Himalayan Range in North Sikkim. The expedition was flagged off by the General Officer Commanding the Trishakti Corps, in a ceremonial event that took place in an atmosphere of pride and anticipation.

Click here to accept Marketing cookies and load this content

Mt Chomo Yummo, with an altitude of 6829m, is a deeply respected and revered peak in North Sikkim and is considered as a ‘Female Deity’. The peak attracts the attention of ace mountaineers from across the world.

The expedition, which is planned to be completed in the month of September, demonstrates the Indian Army’s ongoing commitment to train its military personnel to handle diverse challenges with precision and skill and progress on the path of transformation. In conjunction with HMI, Darjeeling, the expedition will foster a collaborative association towards jointly tackling varied challenges.

The challenging journey demands physical endurance, strategic thinking, and camaraderie as the soldiers navigate through rugged landscapes at extreme altitudes. Their journey will not only be a display of their abilities but also represent the Indian Army’s unflinching commitment to safeguarding its national security in the most arduous terrain. This challenging endeavour is being planned and executed by officers and soldiers of the Trishakti Corps and is a testament to the Indian Army’s resolve to uphold national security, and sovereignty and demonstrate its penchant for excellence.",IBG News,https://ibgnews.com/2023/08/29/trishakti-corps-flags-off-the-indian-army-hmi-joint-mountaineering-expedition-to-mt-chomo-yummo-6829m-in-north-sikkim/,"08/29/2023, 07:00 AM, +0000 UTC",Sports & Achievements
Indian Army’s Purvottar Bharat Parikrama – Car Rally Across Entire North East,"PURVOTAR BHARAT PARIKRAMA

Indian Army’s Purvottar Bharat Parikrama – Car Rally Across Entire North East

“Purvotar Bharat Parikrama”, a trans-Eastern Command car rally was flagged off by the Army Commander Eastern Command, Lt Gen RP Kalita on 22nd March on the eve of Shaheed Diwas in remembrance of and as a tribute to the Martyrs who sacrificed their lives for their beliefs & principles. It was on 23rd March 1931 when three brave freedom fighters Bhagat Singh, Rajguru and Sukhdev sacrificed their lives for India’s independence.

The Rally will cover a total distance of approximately 4000 Kms across the states of Sikkim, Assam, Arunachal Pradesh, Nagaland, Manipur, Tripura and Meghalaya in North-East India, navigating through extreme terrain to include Nathu-la in Sikkim, Se-la tunnel and Bum-la in Arunachal Pradesh, the War memorial at Kohima and many historical locations.

“Purvotar Bharat Parikrama” is part of ‘Azadi Ka Amrit Mahotsav’, the year-long Platinum Jubilee of India’s independence, showcasing the country’s journey and the achievements of her people over the past 75 years. It aims to strengthen nationalism and motivate youth to join the Indian Army. The initiative will serve as a unique platform to showcase the cultural diversity of the Northeastern region, encourage tourism and strengthen the bond between the people of the Northeastern states and the rest of the country.

A series of motivational programs have been planned at various schools and colleges by gallantry award winners and Param Veer Chakra recipients during the rally. It is being conducted by Tezpur based Gajraj Corps and will culminate on 12th April at Umroi, Meghalaya. The national project of “Azadi Ka Amrit Mahotsav” is being conducted in collaboration with the North Eastern Council (NEC) under the Department of North Eastern Region (DoNER).",IBG News,https://ibgnews.com/2023/03/22/indian-armys-purvottar-bharat-parikrama-car-rally-across-entire-north-east/,"03/22/2023, 07:00 AM, +0000 UTC",Sports & Achievements
INDIAN ARMY FLAGS OFF MOTORCYCLE EXPEDITION FROM MIPI TO MESHAI IN HONOUR OF WALONG WAR HEROES,"INDIAN ARMY FLAGS OFF MOTORCYCLE EXPEDITION FROM MIPI TO MESHAI IN HONOUR OF WALONG WAR HEROES

Commemorating the Battle of Walong and paying tribute to the valiant soldiers, the Indian Army organized a motorcycle expedition from Mipi to Meshai on 62nd Anniversary of Walong Day. The expedition with participants from Armed Forces and enthusiasts from Arunachal was flagged off on 8th November 2024 by Major General VS Deshpande, General Officer Commanding, Dao Division along with Shri Mopi Mihu, MLA of Anini and officials of the Govt of Arunachal Pradesh. The inauguration event included cultural events and a martial arts display. With two scheduled halts at Roing and Hayuliang, the biking expedition will culminate at the historic Walong War Memorial on 11th November 2024.

The Motorcycle Expedition will honour the brave soldiers who fought for the nation during the 1962 conflict. During the challenging ride over the Mishmi Ranges and astride the pristine Dibang and Lohit Valley, the participants will ride to commemorate the resoluteness of the people of Arunachal Pradesh who stood by their Armed Forces in War. The route, tracing a historic path through the beautiful landscapes of Arunachal Pradesh, symbolizes the Indian Army’s commitment to fostering unity and promoting adventure tourism in border areas. Each halt enroute will be an opportunity for the riders to connect with the local communities highlighting the strength, resilience and solidarity that define the spirit of the region and promoting national integration.

The closing ceremony at the Walong War Memorial on 11th November will be marked by a flagging-in ceremony, where the motorcyclists will pay homage to the brave-hearts of Walong. This initiative stands as a testament to the enduring legacy of the Battle of Walong and the Indian Army’s commitment to safeguarding the nation’s heritage, values and connecting with the frontier villages of Arunachal Pradesh.",IBG News,https://ibgnews.com/2024/11/08/indian-army-flags-off-motorcycle-expedition-from-mipi-to-meshai-in-honour-of-walong-war-heroes/,"11/08/2024, 08:00 AM, +0000 UTC",Sports & Achievements
"Newly-promoted Subedar Major Jitu Rai Doing Duty In Manipur, Says Ever Ready To Serve Country","""You must have read it (insurgency in the northeast), I read about it and I know we have to be on guard all the time. I am immensely proud about that. I am loving my job, how many people get such opportunities,"" Rai told PTI.",Outlook India,https://www.outlookindia.com/sports/sports-news-newly-promoted-subedar-major-jitu-rai-doing-duty-in-manipur-says-ever-ready-to-serve-country-news-356545,"07/12/2020, 07:00 AM, +0000 UTC",Sports & Achievements
Rising Sun Water Fest aims to explore sports tourism in Assam: Himanta Biswa Sarma,"Guwahati, Nov 18: The Rising Sun Water Fest—Revisiting Saraighat, 2023—hosted by the Indian Army and Eastern Command in collaboration with the Assam Government got underway at Deepor Beel in Guwahati on November 17. It is a coveted water sports event in the North East region, comprising events like rowing, sailing, motor boating, etc.

The Rising Sun Water Fest, as envisioned by Assam Chief Minister Himanta Biswa Sarma, seeks to harness the untapped opportunities within sports tourism in the region.

This edition of the festival pays tribute to the heroism and patriotism of the great Ahom General Lachit Barphukan and pays tribute to the heroic battle of Saraighat.

The festival was inaugurated by State Cultural Affairs Minister Bimal Bora and Lt Gen Manish Eri, General Officer Commanding of the Army's 4 Corps.

Taking to X, CM Sarma said that the festival will be a fitting tribute to the legendary Ahom General Lachit Borphukan, his unwavering valour and heroism in the battle of Saraighat. He further added that the festival stands as another testament to the collaborative spirit of the Indian Army which aims to tap into the potential of sports tourism in the state.

""I trust the event will be a resounding success and go a long way in showcasing the synergy that Assam Tourism shares with mother nature"", Sarma added.

The water sports festival will showcase the rich cultural tapestry of Assam through traditional music, dance and art over the course of three days.

HCM Dr @himantabiswa's message on the occasion of the 'Rising Sun Water Fest 2023'. pic.twitter.com/uEugTwyeJO — Chief Minister Assam (@CMOfficeAssam) November 18, 2023



",The Assam Tribune,https://assamtribune.com/assam/rising-sun-water-fest-aims-to-explore-sports-tourism-in-assam-himanta-biswa-sarma-1505080,"11/18/2023, 08:00 AM, +0000 UTC",Sports & Achievements
Football At Extreme Altitude: Sikkim Youths Join Hands With Indian Army | OTV,"By clicking the button, I accept the Terms of Use of the service and its Privacy Policy, as well as consent to the processing of personal data.",OdishaTv,https://odishatv.in/videosodisha/football-at-extreme-altitude-sikkim-youths-join-hands-with-indian-army-otv-12256136,"08/13/2026, 07:00 AM, +0000 UTC",Sports & Achievements
Imphal gears up for 135th Durand Cup,"Imphal: Preparations are in full swing for the Imphal leg of the 135th Durand Cup, with the Indian Army on Saturday hosting a media interaction to brief journalists on the upcoming tournament and the arrangements being made to ensure the successful conduct of Asia’s oldest football competition.

The interaction brought together senior Indian Army officials and members of the media, who were briefed on the tournament schedule, participating teams, venue readiness, security arrangements, and coordination with the Manipur government and other stakeholders.

Officials highlighted the Durand Cup’s rich legacy as India’s oldest football tournament, organised by the Indian Armed Forces, and its role in promoting sporting excellence, discipline, teamwork and national integration.

The Imphal leg of the tournament will feature FC Raengdai, Indian Navy Football Team (INFT), NEROCA FC and TRAU FC. Matches will begin on July 28, 2026, at the Khuman Lampak Main Stadium.

Ahead of the tournament, the Durand Cup Trophy Tour and Showcase will be held on July 15, while a women’s exhibition match is scheduled for July 21 at the SAI Football Ground in Imphal.

Army officials said extensive preparations are underway to ensure a smooth and secure tournament, with close coordination among civil authorities, security agencies and event organisers.

The media interaction concluded with a reception hosted by the Indian Army, providing an opportunity for officials and journalists to interact ahead of the tournament.

The Indian Army has invited football enthusiasts, families and sports lovers to attend the matches and be part of the 135th Durand Cup in Imphal.

Also Read | Manipur: Ex-police officer Th Brinda, 10 others join Congress",eastmojo.com,https://eastmojo.com/manipur/2026/07/13/imphal-gears-up-for-135th-durand-cup/,"07/13/2026, 07:00 AM, +0000 UTC",Sports & Achievements
"Who is Rishikanta Singh? India’s Commonwealth Games 2026 Silver Medallist, Manipur Weightlifting Star And Indian Army Athlete","Rishikanta Singh delivered India’s first medal of Day 4 at the Commonwealth Games 2026, producing an impressive performance to secure silver in the men’s 60kg weightlifting event in Glasgow. The Indian lifter finished with a combined total of 264kg and briefly etched his name into the record books by setting a new Commonwealth Games mark in the snatch with a 121kg lift on his third attempt, after successfully clearing 116kg and 119kg. His record, however, was quickly matched by Malaysia’s Bin Kasdan Mohamad Aniq, who also lifted 121kg.

The battle for gold continued in the clean and jerk, where Rishikanta opened with a successful 143kg lift. He attempted 148kg on his second lift and later made a final bid at 151kg, but was unable to complete either attempt. Meanwhile, Aniq stayed ahead by clearing 145kg, 149kg and finally 152kg, setting a new Commonwealth Games record in the process to secure the gold medal. Rishikanta’s impressive effort ensured India added a silver to its medal tally and made a strong start to another busy day in Glasgow.

Who Is Rishikanta Singh? Early Life, Background And Weightlifting Career Explained

Rishikanta Singh is one of India’s leading weightlifters in the lighter weight divisions and has steadily established himself on the international stage. The Manipur-born athlete grabbed national attention after claiming the silver medal in the men’s 60kg category at the 2026 Commonwealth Games in Glasgow, where he also created history by setting a new Commonwealth Games record in the snatch.

Born on July 5, 1998, in Ngairangbam Makha Maning Leikai in Manipur’s Imphal West district, Rishikanta grew up in a state renowned for producing some of India’s greatest weightlifters. Following in the footsteps of legends such as Kunjarani Devi and Mirabai Chanu, he developed an interest in the sport from a young age and began his formal training at the National Sports Academy (NSA) in Khuman Lampak, Imphal.

His progress accelerated after joining the Indian Army, whose sports programme provided him with access to world-class coaching and facilities. Rishikanta trained at premier centres including the Army Sports Institute in Pune and the Netaji Subhash National Institute of Sports (NIS) in Patiala, laying the foundation for his rise as one of India’s most promising weightlifting talents.

Rishikanta Singh’s Major Achievements And Career Highlights

Rishikanta Singh’s rise in weightlifting has been built on years of consistent performances at both junior and senior levels. He first made his mark by winning bronze at the 2016 Junior Commonwealth Championships before stepping onto the senior international stage. In 2022, he claimed silver at the Singapore Weightlifting International, earning qualification for his maiden Commonwealth Games appearance in Birmingham, where he competed in the men’s 55kg category. Following changes to the international weight classes, he moved up to the 60kg and 61kg divisions and continued to impress, breaking the Indian national snatch record with a 124kg lift at the 2024 National Weightlifting Championships.

His biggest breakthrough came at the 2025 Commonwealth Weightlifting Championships in Ahmedabad, where he won gold in the men’s 60kg category with a career-best total of 271kg (120kg snatch and 151kg clean and jerk). The performance secured his place at the 2026 Commonwealth Games and established him as one of India’s leading lifters in the lighter weight categories. Rishikanta also gained valuable experience on the global stage by finishing 11th at the 2025 World Weightlifting Championships, competing against some of the world’s best athletes.

Rishikanta Singh Scripts Commonwealth Games History With Record-Breaking Silver

Rishikanta reached another milestone at the 2026 Commonwealth Games in Glasgow, where he claimed India’s first silver medal of the competition in the men’s 60kg event. He briefly set a new Commonwealth Games snatch record with a successful 121kg lift before Malaysia’s Aniq Kasdan matched the mark. Although he narrowly missed out on gold after a closely contested battle in the clean and jerk, Rishikanta finished with a total of 264kg, adding a Commonwealth Games silver to an already impressive list of achievements and further cementing his reputation as one of India’s brightest weightlifting stars.

Also Read: LeBron James’ Philadelphia 76ers Debut Sends Ticket Prices Soaring Ahead of 2026-27 NBA Season | Check Latest Prices",The Sunday Guardian,https://sundayguardianlive.com/sports/who-is-rishikanta-singh-indias-commonwealth-games-2026-silver-medallist-manipur-weightlifting-star-and-indian-army-athlete-246677/,"07/26/2026, 07:00 AM, +0000 UTC",Sports & Achievements
Indian Army unveils Captain Jintu Gogoi Memorial Football Tournament in Digboi,"A CORRESPONDENT

DIGBOI: The Indian Army's Red Shield Gunners, under the aegis of Spear Corps, ceremonially unveiled the trophy for the 21st Captain Jintu Gogoi, Vir Chakra Memorial Football Tournament at Digboi on 28 January, reaffirming the Army's enduring commitment to honouring sacrifice while empowering the youth of Upper Assam through sport.

The unveiling ceremony featured a deeply emotional moment as the parents of the late Captain Jintu Gogoi, Vir Chakra - Honorary Flying Officer Thogiram Gogoi (Retd) and Duluprabha Gogoi - joined the event virtually and unveiled the official teaser video of the tournament. Their presence added profound significance to the occasion and underscored the unbreakable bond between the Indian Army and the people of Assam.

Senior Army officials, representatives of the civil administration, media personnel, team captains, and community members attended the ceremony in large numbers, reflecting the immense respect and admiration the tournament continues to command across the region.

The 21st edition of the tournament will be held from 4 to 14 February 2026 across Digboi, Tingrai, and Duliajan, broadening participation and providing a larger platform for talented young footballers from across Assam to showcase their skills.

The tournament commemorates the supreme sacrifice of Captain Jintu Gogoi, Vir Chakra, a brave officer of the 17 Garhwal Rifles and a proud son of Assam. During the Kargil War of 1999, Captain Gogoi displayed exemplary leadership and conspicuous gallantry under intense enemy fire, laying down his life while leading from the front. For his exceptional courage and devotion to duty, he was posthumously awarded the Vir Chakra, one of India's highest gallantry awards.

Beyond Captain Gogoi, the tournament also stands as a tribute to the countless martyred soldiers of the Indian Armed Forces, drawn from diverse regions, cultures, and backgrounds, who have made the ultimate sacrifice in defence of the nation. From the icy heights of Kargil to counter-insurgency operations in the Northeast, these soldiers exemplified selfless service, courage, and unwavering commitment to India's sovereignty. Their legacy continues to inspire generations of young Indians to uphold the values of discipline, unity, and national pride.

Over the past two decades, the Captain Jintu Gogoi, Vir Chakra Memorial Football Tournament has grown into one of Upper Assam's most anticipated youth sporting events, promoting sportsmanship, teamwork, and character building while providing a constructive avenue for youth engagement.

Also Read: Indian Army leads anti-drug rally at Manigong with theme ‘No Drugs, No Dropouts’","The Sentinel - of this Land, for its People",https://www.sentinelassam.com/north-east-india-news/assam-news/indian-army-unveils-captain-jintu-gogoi-memorial-football-tournament-in-digboi,"02/01/2026, 08:00 AM, +0000 UTC",Sports & Achievements
"Indian Army Organises Football Match At 12,600 Ft Along Indo-China Border In Sikkim","Guwahati: As part of Operation Sadbhavana, Trishakti Corps of the Indian Army on Sunday organised a friendly football match between the border villages of Gnathang and Kupup in East Sikkim along the Indo-China border. The match between the villages was played at an altitude of 12,600 feet above the sea level.

The friendly football match was aimed at strengthening the bond between the Indian Army and the local populace while promoting a sense of nationalism, unity and camaraderie.

The match, held amidst the snow-capped mountains and picturesque landscape of East Sikkim, showcased the army’s commitment to fostering a nationalistic fervour, goodwill and cooperation in the border areas of the country, Lt Col Mahendra Rawat, Defence Public Relations Officer (PRO) of Guwahati said in a government statement on Monday.

ALSO READ | Sikkim: Indian Army Rescues 500 Tourists Stranded At Nathula Amid Heavy Snowfall

The match drew enthusiastic participation from the local youth ""creating an atmosphere of excitement, oneness and mutual respect.""

Local residents expressed their appreciation for the efforts of the Indian Army in organising such events that go beyond security measures.

Initiatives like these contribute significantly to building trust and fostering nationalistic sentiments and positive relationships between the Indian Army and civilians in the remote areas along the Indo-China border, Lt Col Rawat said.

Gnathang village emerged victorious in the match. In the prize distribution ceremony, the army recognised players for their skills, spirit, fitness and dedication to the game.

It reaffirmed its commitment to continuing such community-driven activities in the future, promoting harmony and solidarity in the border villages of Sikkim, Lt Col Rawat added.

Operation Sadbhavana, with its focus on community development, has been pivotal in creating a positive impact on the lives of the residents living in the border villages of India, Lt Col Rawat further said.

Subscribe And Follow ABP Live On Telegram: https://t.me/officialabplive",news.abplive.com,https://news.abplive.com/news/indian-army-organises-football-match-along-indo-china-border-in-sikkim-1669521,"03/04/2024, 08:00 AM, +0000 UTC",Sports & Achievements
Durand Cup 2023: NorthEast United move into semis with Indian Army triumph,"Konsam Phalguni Singh’s second half goal was enough for ISL side NorthEast United FC to overcome a spirited Indian Army Football Team in the first quarterfinal of the 132nd IndianOil Durand Cup played here at the Indira Gandhi Athletic Stadium.

Indian Army Heach Coach L. Anthony Ramesh made two changes to the starting lineup with Captain Bhabindra Malla Thakuri back after suspension in goal and Liton Shil in the place of Alwin E. NorthEast Head Coach Juan Pedro Benali made five changes to his starting lineup for the first quarterfinals of the tournament with Soraisham Dinesh Singh, Gaurav Bora, Gani Ahmed Nigam, Redeem Tlang and Konsam Phalguni Singh coming in.

North East United settled down quickly and controlled possession in the middle of the pitch. Indian Army was sticking to their plan of defending with numbers and attacking in the counter attacks. Liton Shil tested NEUFC keeper Mirshad with a long range effort and minutes later he combined with Rahul Ramakrishnan but the latter’s effort whisked past the post.

NEUFC dominated the next exchanges and troubled the Army defence. Ibson Melo set up French midfielder Romain Philippoteaux inside the box and his curler came back off the crossbar. Rochharzela had a golden opportunity to give NEUFC the lead but the forward lashed his effort over the crossbar.

Indian Army started to press high up the field forcing mistakes out of NEUFC and started to play some attacking football. Liton Shil showed some excellent skills to dodge two defenders inside the box but his shot was saved by Mirshad. Samir Murmu had a chance to give the Army Men the lead in first half injury time as Christopher Kamei found the forward free but his side footed effort went wide as both teams went into the break goalless.

Juan Pedro introduced Manvir Singh and Nestor Roger in the second half and the second half substitutes set up the first goal of the match. Nestor’s sublime cross-filed ball into the box found Manvir Singh who headed it into the path of Phalguni Singh who poked it past the goalkeeper and two rushing defenders to give NEUFC the lead. Indian Army increased the intensity trying to come back into the game but were lacking in the final third of the pitch.

On the other end, second half substitutes Jithin M.S and Manvir Singh made some good runs on the wings making the Army defence busy. Army pushed hard in the finals minutes to find the equalizer as the coach brought on fresh legs to inject more pace. They piled the pressure on the NEUFC defence but the Highlanders soaked all the pressure to keep their one goal lead intact and qualify for the semifinals.

For more updates, follow Khel Now on Facebook, Twitter, Instagram, Youtube and join our community on Whatsapp & Telegram.",Khel Now,https://khelnow.com/football/2023-08-indian-football-durand-cup-army-vs-northeast-united-report,"08/24/2023, 07:00 AM, +0000 UTC",Sports & Achievements
Sikkim: Indian Army's Operation Sadbhavana Unites Border Villages Through Football,"GANGTOK: The Indian Army sponsors a football game­ at a high altitude, bringing together borde­r villages. This part of their program, Operation Sadbhavana, aims for unity in East Sikkim.

The­ Trishakti Corps from the Indian Army started a unique ide­a for unity and friendship. As part of Operation Sadbhavana, a friendly football game­ was set up. The teams we­re from the border village­s of Gnathang and Kupup in East Sikkim. The game was held 12,600 fe­et above sea le­vel which added a special touch. It took place­ under the beautiful sky of East Sikkim. This was a cle­ar sign of the army’s dedication to promoting patriotism and teamwork in the­se border regions.

Local youngste­rs eagerly joined the­ event which showed it was a hit. It cre­ated a feeling of fun, unity, and re­spect for each other. Fans from both village­s supported their teams showcasing gre­at sportsmanship. The locals were grate­ful for the army’s effort in creating e­vents like these­ which builds trust and fosters good relationships in these­ border areas.

The Ope­ration Sadbhavana program, focusing on helping the community, has had a positive impact on the­ lives of these village­rs. A prize ceremony took place­ after the football game. This was a spe­cial part of the program. The players we­re praised for their skills, spirit, fitne­ss, and devotion to the game. The­ ceremony not only awarded individual e­fforts but also highlighted the idea that sports contribute­ to unity and friendship.

A high-altitude football game­ turned out to be a huge success. It showed the­ Indian Army's hard work in creating good vibes and strong bonds with civilians in the tough and far-flung re­gions lining the Indo-China border. This is because­ of Operation Sadbhavana. The Indian Army continually shows it's all-in for peace­ and unity in the border villages of Sikkim. The­y leave a dee­p and enduring impression on the he­arts and minds of the locals.","The Sentinel - of this Land, for its People",https://www.sentinelassam.com/north-east-india-news/sikkim-news/sikkim-indian-armys-operation-sadbhavana-unites-border-villages-through-football,"03/05/2024, 08:00 AM, +0000 UTC",Sports & Achievements
"Major Dwipannita Kalita, Indian Army officer from Assam, featured in Femina's special edition","Major Dwipannita Kalita hails from Dhekiajuli in Assam and joined the Indian Army after completing her MBBS in the Philippines and then working in a hospital in Delhi before choosing the olive and green uniform of the Army

Assam Army officer Major Dwipannita Kalita featured in Femina’s special edition on Women Army officers ~ A woman Army officer from Assam has made her way to a special list of 10 distinguished women Army bravehearts and has been featured by eminent fashion magazine Femina in a special edition on women donning the olive and green outfit.

Major Dwipannita Kalita hailing from Dhekiajuli, Assam, who had earlier made her way into the recordbooks by becoming the first female paratrooper from the State, has been featured on the cover of Femina India’s Independence Day Special Edition titled “Warrior Women of the Indian Army” alongside nine other women officers of the Indian Army.

The other women Army bravehearts who have been featured in Femina’s special edition includes Colonel Sofia Qureshi who had briefed the nation on Operation Sindoor, the diabolic military strikes on terror bases inside Pakistan to avenge the deaths of 26 people killed in the Pahalgam terror attack.

The special August edition honours “the strength, discipline, and unflinching courage of all the women who serve in the Indian Army”, Femina stated, and added: “These 10 women warriors represent the evolving face of India’s defence forces. They lead from the front, with an unwavering spirit, standing guard so the rest of us can live free”.

Major Kalita hails from Dhekiajuli in Sonitpur district of Assam and is one of the few members of the Army Medical Corps who make up the elite Parachute Medical Regiment.

Her journey from modest sorroundings of Dhekiajuli to the Indian Army has been a tale of grit and determination. After completing her MBBS in the Philippines, she worked in emergency and obstetrics and gynecology departments of a hospital in Delhi before joining the Indian Army.

In her free time, Major Kalita loves spending time in the gym while her other favourite pastimes are cooking with soft jazz music playing in the background, and playing with her dogs.

She also loves gardening.

Meanwhile, Major Dwipannita Kalita making it to the cover of Femina’s special edition has led to a buzz in social media back home in Assam.

Taking to his ‘X‘ account, Dhekiajuli MLA and Assam Health Minister Ashok Singhal wrote: Incredibly proud to see Major Dwipannita Kalita, a daughter of Dhekiajuli and the first female paratrooper from Assam, featured on the cover of Femina India, alongside Colonel Sofia Qureshi and 8 other valiant Veeranganas of the Indian Army.”

Along with Major Kalita from Assam and Colonel Sofiya Qureshi, Colonel Ponung Doming from Pasighat in Arunachal Pradesh has also been featured in the special Independence Day edition of Femina.

ALSO READ:

Check Gold and Silver rates in Guwahati Today (Aug 7)",newslivetv.com,https://newslivetv.com/major-dwipannita-kalita-indian-army-officer-from-assam-featured-in-feminas-special-edition/,"08/07/2025, 07:00 AM, +0000 UTC",Sports & Achievements
"Indian Army, Assam Rifles ensure protection to vehicles on national highway in violence-hit Manipur","As the state of essential supplies in violence-hit Manipur began to dwindle and reach critical levels, the India Army and Assam Rifles have been working in close coordination with utmost synergy to assure protection to vehicles carrying essential goods to and from Imphal, officials said.

Towards this, Army and Assam Rifles in conjunction with the state government, Manipur Police and CAPFs have been working in close coordination and synergy to assure protection to vehicles via NH 37, “The Lifeline of Manipur”.

“At any given point of time while the movement of vehicles is being undertaken prophylactic Area Domination Patrols of Army and Assam Rifles, Quick Reaction Teams operating from Company Operating Bases located astride NH 37, aerial surveillance by Unmanned Aerial Vehicles and Cheetah Helicopters, Companies of CRPF, Manipur Police personnel from five police stations alongwith persons from India Reserve Battalion are tasked to ensure security of civilian vehicles plying on NH 37,” Indian Army said.

Further, to guarantee dedicated security, vehicles are also accompanied by Quick Reaction Teams of Manipur Police and CRPF.

According to the Indian Army, the movement on NH 37 commenced with effect on May 15 and is a result of tedious planning and synergy at the grassroot level.

“Security Forces remain committed to restoring complete normalcy and the commencement of movement of the vehicles on NH 37 is another step towards normalcy in Manipur,” the Army officials said.

Earlier on May 18, the India Army and Assam Rifles stepped in to assure protection to vehicles carrying essential goods to and from Imphal, informed Indian Army officials.

According to the Indian Army, a convoy of 28 vehicles including trucks, fuel tankers, and JCB carrying rice, sugar, pulses and fuel moved under the escort of CRPF and Manipur Police from Noney to Imphal.

Prophylactic domination of the area was provided by Assam Rifles to ensure safe passage to the convoy which reached Imphal safely by afternoon,” stated Indian Army officials.

In addition, monitoring was also ensured through unmanned aerial vehicles, informed officials.

“Together for Peace in #Manipur” Movement of vehicles on NH 37 commenced from 15 May. The same ensured beefing up of essential supplies, levels of which were gradually dwindling. #IndianArmy and #AssamRifles are committed to safely move through troops on ground & aerial surveillance,” Tweeted SpearCorps Indian Army.

Normalcy is slowly returning to Manipur after violence left 70 people dead and 1,700 houses were burnt down.

As per the latest figures, close to 71 people lost their lives while more than 230 were injured and close to 1700 houses were burnt down during the violence in Manipur.",newslivetv.com,https://newslivetv.com/indian-army-assam-rifles-ensure-protection-to-vehicles-on-national-highway-in-violence-hit-manipur/,"05/21/2023, 07:00 AM, +0000 UTC",Sports & Achievements
Indian Army Unveils Trophy for Captain Jintu Gogoi Football Tournament on Vijay Diwas 2024,"DIBRUGARH: Indian Army unveiled the coveted trophy for the Captain Jintu Gogoi Football Tournament on the momentous occasion of Vijay Diwas 2024. This tournament is named after the the braveheart from Golaghat, Assam, Captain Jintu Gogoi, who made the supreme sacrifice during the Kargil War 1999. The tournament is designed to ignite the spirit of competition and camaraderie among the youth of the region.

The grand unveiling ceremony took place in Digboi, orchestrated by the Laipuli Brigade of the Red Shield Division. This brigade holds a remarkable legacy, having played a pivotal role in the 1971 operations on the Eastern Front and is also known as the Albert Ekka Brigade, in tribute to Lance Naik Albert Ekka who was awarded the Paramvir Chakra for his extraordinary bravery during the Battle of Gangasagar.

The event was graced by enthusiastic young footballers from local schools in Digboi, alongside team captains and managers from various participating clubs. This year tournament will showcase an exhilarating participation of 12 teams from across Assam. Matches will unfold at multiple venues in Tinsukia, culminating in a grand finale at Duliajan.

Also Read: Football: Lamine Yamal to Miss 3-4 Weeks with Ankle Injury, Setback for Barcelona

Also Watch:","The Sentinel - of this Land, for its People",https://www.sentinelassam.com/sports-news/local-sports/indian-army-unveils-trophy-for-captain-jintu-gogoi-football-tournament-on-vijay-diwas-2024,"12/17/2024, 08:00 AM, +0000 UTC",Sports & Achievements
Indian Army Hosts Agniveer Recruitment Rally in Udalguri,"MANGALDAI: The Indian Army has been conducting an Agniveer Recruitment Rally at Upendranath Brahma Football Stadium, Udalguri from August 16 to August 23. This rally is aimed at selecting candidates from the North Eastern States with focus on districts of Lower Assam and is one of the biggest recruitment events organized in the region.

Approximately, 25,000 candidates had appeared in the written exam this year from which 2,500 candidates from 13 districts of Assam and seven Northeastern states were shortlisted for this recruitment rally. The rally is being conducted for candidates from the districts of Baksa, Chirang, Barpeta, Goalpara, Bongaigaon, Dhubri, Darrang, Udalguri, Kamrup Metro, Kamrup Rural, Kokrajhar, Nalbari and South Salmara and from all seven North Eastern states for recruitment of soldiers and Junior Commission Officer (Religious Teacher).

The rally presents a unique opportunity for young and eligible candidates to join the Indian Army as Agniveers, serving the nation with distinction. Eligible candidates from the North Eastern States are invited to participate in this rally and take advantage of this opportunity to become part of the Indian Army.

Also Read: BJP Dima Hasao District Committee Holds Meeting on Proposed 125th Amendment Bill to the 6th Schedule at District Library Auditorium

Also Watch:","The Sentinel - of this Land, for its People",https://www.sentinelassam.com/north-east-india-news/assam-news/indian-army-hosts-agniveer-recruitment-rally-in-udalguri,"08/20/2024, 07:00 AM, +0000 UTC",Sports & Achievements
Roles of Indian Army and Assam Rifles in tackling insurgency in Tripura lauded,"Silchar: Tripura, a State that has recently emerged out of more than two decades of insurgency, is fast gaining importance on the strategic index of the North. Over the years, the State has witnessed combined effect of the efforts of Assam Rifles and Indian Army in the restoration of peace and normalcy during the bloody years of insurgency as also subsequently to create an environment conducive for the peace to prosper. The wide array of civic action programs conducted jointly by army and Assam Rifles have assisted the State government as well as local administration in enhancing their outreach to the remotest corners of the State. During flood relief operations of 2018, the Armed Forces present in Tripura worked relentlessly to save more than 1200 precious lives and assisted in the distribution of relief materials.","The Sentinel - of this Land, for its People",https://www.sentinelassam.com/cachar-news/roles-of-indian-army-and-assam-rifles-in-tackling-insurgency-in-tripura-lauded,"05/23/2019, 07:00 AM, +0000 UTC",Sports & Achievements
